"id","title","content","stock_num","date"
"0338b366-8558-45c7-9644-3eacda4edb13",湖南长远锂科股份有限公司2023年第二次临时股东大会会议资料,"          为维护广大投资者的合法权益，保障股东在本次股东大会期间依法行使权利，
         根据《中华人民共和国公司法》（以下简称“《公司法》”）、《中华人民共和国
         证券法》（以下简称“《证券法》”）、《上市公司股东大会规则》及《湖南长远
         锂科股份有限公司章程》（以下简称“《公司章程》”）、《湖南长远锂科股份有
         限公司股东大会议事规则》等有关规定，特制定本会议须知： 
           一、湖南长远锂科股份有限公司（以下简称“公司”）负责本次股东大会的议
         程安排和会务工作，为确认出席大会的股东或其代理人或其他出席者的出席资格，
         会议工作人员将对出席会议者的身份进行必要的核对工作，请被核对者给予配合。 
             二、出席会议的股东及股东代理人须在会议召开前半小时到会议现场办理签
         到手续，并按规定出示证券账户卡、身份证明文件或营业执照/注册证书复印件
         （加盖公章）、授权委托书等，上述登记材料均需提供复印件一份，个人登记材
         料复印件须个人签字，法定代表人证明文件复印件须加盖公司公章，经验证后方
         可出席会议。会议开始后，由会议主持人宣布现场出席会议的股东人数及其所持
         有表决权的股份总数，在此之后进场的股东无权参与现场投票表决。 
             三、会议按照会议通知上所列顺序审议、表决议案。 
             四、股东及股东代理人依法享有发言权、质询权、表决权等权利。股东及股
         东代理人参加股东大会应认真履行其法定义务，不得侵犯公司和其他股东及股东
         代理人的合法权益，不得扰乱股东大会的正常秩序。 
             五、要求发言的股东及股东代理人，应当按照会议的议程，经会议主持人许
         可方可发言。有多名股东及股东代理人同时要求发言时，先举手者发言；不能确
         定先后时，由主持人指定发言者。股东及股东代理人发言或提问应围绕本次股东
         大会的议题进行，简明扼要，时间不超过 5 分钟。 
             六、股东及股东代理人要求发言时，不得打断会议报告人的报告或其他股东
         及股东代理人的发言，在股东大会进行表决时，股东及股东代理人不再进行发言。
         股东及股东代理人违反上述规定，会议主持人有权予以拒绝或制止。 
             七、主持人可安排公司董事和高级管理人员回答股东所提问题，对于可能将
         泄露公司商业秘密及/或内幕信息，损害公司、股东共同利益的提问，主持人或其
         指定的有关人员有权拒绝回答。 
             八、出席股东大会的股东及股东代理人，应当对提交表决的议案发表如下意
         见之一：同意、反对或弃权。出席现场会议的股东及股东代理人务必在表决票上
         签署股东名称或姓名。未填、错填、字迹无法辨认的表决票、未投的表决票均视
         投票人放弃表决权利，其所持股份的表决结果计为“弃权”。 
             九、本次股东大会采取现场投票和网络投票相结合的方式表决，结合现场投
         票和网络投票的表决结果发布股东大会决议公告。 
             十、本次股东大会由公司聘请的律师事务所执业律师现场见证并出具法律意
         见书。 
             十一、开会期间参会人员应注意维护会场秩序，不得随意走动，手机调整为
         静音状态，谢绝个人录音、录像及拍照，对干扰会议正常秩序或侵犯其他股东合
         法权益的行为，会议工作人员有权予以制止，并报告有关部门处理。 
             十二、股东及股东代理人出席本次股东大会产生的费用由股东自行承担。本
         公司不向参加股东大会的股东发放礼品，不负责安排参加股东大会股东的住宿等
         事项，以平等对待所有股东。 
            湖南长远锂科股份有限公司 
               2023 年第二次临时股东大会会议议程 
           一、会议时间、地点及投票方式 
           1、现场会议时间：2023 年 11 月 30 日（星期四）下午 14:00 
           2、现场会议地点：长沙市高新开发区谷苑路 820 号公司四楼会议室 
           3、会议召集人：董事会 
           4、会议主持人：董事长胡柳泉先生 
           5、网络投票的系统、起止时间和投票时间 
           网络投票系统：上海证券交易所股东大会网络投票系统 
           网络投票起止时间：自 2023 年 11 月 30 日至 2023 年 11 月 30 日 
           采用上海证券交易所网络投票系统，通过交易系统投票平台的投票时间为股
         东大会召开当日的交易时间段，即 9:15-9:25，9:30-11:30，13:00-15:00；通过互
         联网投票平台的投票时间为股东大会召开当日的 9:15-15:00。 
              二、会议议程： 
            （一） 参会人员签到、领取会议资料 
            （二） 主持人宣布会议开始，并向大会报告出席现场会议的股东人数及
         所持有的表决权数量，介绍现场会议参会人员、列席人员 
            （三） 主持人宣读股东大会会议须知 
            （四） 推举计票人和监票人 
            （五） 逐项审议会议各项议案 
         非累积投票议案名称 
          1  关于续聘会计师事务所的议案 
          2  关于与五矿集团财务有限责任公司签订《金融服务协议之补充协议
            （二）》暨关联交易的议案 
          3  关于公司2024年度日常关联交易预计的议案 
            （六） 与会股东及股东代理人发言及提问 
            （七） 与会股东及股东代理人对各项议案投票表决 
            （八） 休会，计票人、监票人统计现场投票表决结果 
            （九） 汇总网络投票与现场投票表决结果 
            （十） 主持人宣读股东大会表决结果及股东大会决议 
            （十一） 见证律师宣读本次股东大会的法律意见 
            （十二） 签署会议文件 
            （十三） 主持人宣布本次股东大会结束 
           湖南长远锂科股份有限公司 
               2023 年第二次临时股东大会会议议案 
         议案一 
                     关于续聘会计师事务所的议案 
         各位股东及股东代理人： 
           一、拟聘任会计师事务所事项说明 
           为确保湖南长远锂科股份有限公司（以下简称“公司”）2023 年度中国会计
         准则财务及内控审计工作的顺利进行及审计工作的连续性，并考虑到天职国际会
         计师事务所（特殊普通合伙）（以下简称“天职国际”）具备中国会计准则审计
         所需的专业资格，且服务团队具备多年为上市公司提供审计服务的经验和能力，
         在执业过程中坚持独立审计原则，能够满足公司年度财务及内控审计的工作要求，
         公司拟续聘其为公司 2023 年度的财务及内部控制审计机构，聘期一年。 
             二、拟聘任会计师事务所的基本情况 
           （一）机构信息 
           1、基本信息 
           天职国际创立于 1988 年 12 月，总部北京，是一家专注于审计鉴证、资本市
         场服务、管理咨询、政务咨询、税务服务、法务与清算、信息技术咨询、工程咨
         询、企业估值的特大型综合性咨询机构。 
             天职国际首席合伙人为邱靖之，注册地址为北京市海淀区车公庄西路 19 号
         68 号楼A-1 和A-5 区域，组织形式为特殊普通合伙。 
             天职国际已取得北京市财政局颁发的执业证书，是中国首批获得证券期货相
         关业务资格，获准从事特大型国有企业审计业务资格，取得金融审计资格，取得
         会计司法鉴定业务资格，以及取得军工涉密业务咨询服务安全保密资质等国家实
         行资质管理的最高执业资质的会计师事务所之一，并在美国 PCAOB 注册。天职
         国际过去二十多年一直从事证券服务业务。 
             2、人员信息 
           截止 2022 年 12 月 31 日，天职国际合伙人 85 人，注册会计师 1061 人，签署过证券服务业务审计报告的注册会计师 347 人。 
             3、业务规模 
           天职国际 2022 年度经审计的收入总额 31.22 亿元，审计业务收入 25.18 亿
         元,证券业务收入 12.03 亿元。2022 年度上市公司审计客户 248 家，主要行业（证
         监会门类行业，下同）包括制造业、信息传输、软件和信息技术服务业、电力、
         热力、燃气及水生产和供应业、批发和零售业、交通运输、仓储和邮政业等，审
         计收费总额 3.19 亿元，本公司同行业上市公司审计客户 152 家。 
             4、投资者保护能力 
           天职国际按照相关法律法规在以前年度已累计计提足额的职业风险基金，已
         计提的职业风险基金和购买的职业保险累计赔偿限额不低于 20,000 万元。职业
         风险基金计提以及职业保险购买符合相关规定。近三年（2020 年度、2021 年度、
         2022 年度及 2023 年初至目前，下同），天职国际不存在因执业行为在相关民事
         诉讼中承担民事责任的情况。 
             5、诚信记录 
           天职国际近三年因执业行为受到刑事处罚 0 次、行政处罚 0 次、监督管理措
         施 9 次、自律监管措施 1 次和纪律处分 0 次。从业人员近三年因执业行为受到监
         督管理措施 9 次，涉及人员 22 名，不存在因执业行为受到刑事处罚、行政处罚
         和自律监管措施的情形。 
             （二）项目成员信息 
           1、基本信息 
           项目合伙人、签字注册会计师、项目质量控制复核人基本信息如下： 
           项目合伙人及签字注册会计师 1：傅成钢，1998 年成为注册会计师，2008 年
         开始从事上市公司审计，2010 年开始在本所执业，2023 年开始为本公司提供审
         计服务，近三年签署上市公司审计报告不少于 10 家，近三年复核上市公司审计
         报告不少于 3 家。 
             签字注册会计师 2：徐兴宏，2008 年成为注册会计师，2010 年开始从事上
         市公司审计，2007 年开始在本所执业，2023 年开始为本公司提供审计服务，近
         三年签署上市公司审计报告 2 家，近三年复核上市公司审计报告 1 家。 
             签字注册会计师 3：罗浩，2022 年成为注册会计师，2016 年开始从事上市
         公司审计，2022 年开始在本所执业，2022 年开始为本公司提供审计服务，近三年签署上市公司审计报告 2 家。 
   
           项目质量控制复核人：王金峰，2016 年成为注册会计师，2008 年开始从事
         上市公司审计，2008 年开始在本所执业，2023 年开始为本公司提供审计服务，
         近三年签署上市公司审计报告 4 家，近三年复核上市公司审计报告 1 家。 
             2、诚信记录 
           项目合伙人、签字注册会计师、项目质量控制复核人近三年不存在因执业行
         为受到刑事处罚，受到证监会及其派出机构、行业主管部门等的行政处罚、监督
         管理措施，受到证券交易所、行业协会等自律组织的自律监管措施、纪律处分的
         情况。 
             3、独立性 
           天职国际及项目合伙人、签字注册会计师、项目质量控制复核人等不存在可
         能影响独立性的情形。 
             4、审计收费 
           审计收费定价原则主要基于公司的业务规模、所处行业和会计处理复杂程度
         等多方面因素，并根据公司年报审计需配备的审计人员情况和投入的工作量以及
         事务所的收费标准确定。公司 2022 年度审计费用 105 万元（其中财务报告审计
         费 90 万元，内控报告审计费 15 万元）。 
             公司董事会提请股东大会授权公司管理层根据 2023 年度的具体审计要求和
         审计范围，按照市场公允合理的定价原则与天职国际协商确定 2023 年度审计费
         用（包括财务报告审计费用和内部控制审计费用），并签署相关服务协议等事项。 
             具 体 内 容 详 见 公 司 于 2023 年 11 月 15 日 在 上 海 证 券 交 易 所 网 站
         （www.sse.com.cn）披露的《湖南长远锂科股份有限公司关于续聘会计师事务所
         的公告》（公告编号：2023-050）。 
             本议案已经公司第二届董事会第十三次会议审议通过，现提请股东大会审议，
         请各位股东及股东代理人审议。 
         议案二 
 
         关于与五矿集团财务有限责任公司签订《金融服务协议之补充协议（二）》暨
                         关联交易的议案 
         各位股东及股东代理人： 
           公司于 2021 年 12 月 13 日分别召开了第一届董事会第二十次会议、第一届
         监事会第十三次会议审议通过了《关于与五矿集团财务有限责任公司签订<金融
         服务协议>暨关联交易的议案》，并经公司 2021 年 12 月 29 日召开的 2021 年度
         第六次临时股东大会审议通过。具体内容详见公司于 2021 年 12 月 14 在上海证
         券交易所网站（www.sse.com.cn）披露的《湖南长远锂科股份有限公司关于与五
         矿集团财务有限责任公司签订<金融服务协议>暨关联交易的公告》（公告编号：
         2021-025）。 
             结合公司业务发展及资金管理需求，公司于 2022 年 11 月 30 日分别召开了
         第二届董事会第六次会议、第二届监事会第六次会议审议通过了《关于与五矿集
         团财务有限责任公司签订<金融服务协议之补充协议>暨关联交易的议案》，并经
         公司 2022 年 12 月 19 日召开的 2022 年第四次临时股东大会审议通过。具体内容
         详见公司于 2022 年 12 月 1 日在上海证券交易所网站（www.sse.com.cn）披露的
         《关于与五矿集团财务有限责任公司签订<金融服务协议之补充协议>暨关联交
         易的公告》（公告编号：2022-077）。 
             根据公司经营发展需要，经与五矿财务公司协商，双方本着友好合作、平等、
         自愿、互惠互利的原则，在原签订的《金融服务协议》和《金融服务协议之补充
         协议》的基础上，拟签订《金融服务协议之补充协议（二）》（以下简称“《补
         充协议（二）》”），就《金融服务协议之补充协议》中部分条款进行调整。 
             该协议内容以市场原则为基础，不存在损害公司股东利益的情形。按照《上
         海证券交易所科创板股票上市规则》的相关规定，公司与五矿财务公司受同一实
         际控制人中国五矿集团有限公司控制，本次交易构成关联交易，不构成《上市公
         司重大资产重组管理办法》规定的重大资产重组。 
             截至 2023 年 11 月 5 日，公司在五矿财务公司的存款余额为 13,486.79 万元。 
           一、交易方基本情况 
           （一）基本情况 
          公司名称 
公司类型 
          成立时间 
                    五矿集团财务有限责任公司 
其他有限责任公司 
                    1993 年 5 月 26 日 
          统一社会信用代码 
                    91110000101710917K 
          注册资本 
                    350,000 万元人民币 
          法定代表人 
                    张树强 
          住所 
          股权结构 
          经营范围 
 
                    北京市海淀区三里河路 5 号 A247-A267（单）A226-A236
（双）C106 
                    中国五矿股份有限公司持有五矿财务公司 92.5%的股权；五矿资
本控股有限公司持有五矿财务公司 7.5%的股权。 
                      对成员单位办理财务和融资顾问、信用鉴证及相关的咨询、代理
业务；协助成员单位实现交易款项的收付；经批准的保险代理业
务；对成员单位提供担保；办理成员单位之间的委托贷款及委托
投资；对成员单位办理票据承兑与贴现；办理成员单位之间的内
部转帐结算及相应的结算、清算方案设计；吸收成员单位的存款；
对成员单位办理贷款及融资租赁；从事同业拆借；经批准发行财
务公司债券；承销成员单位的企业债券；对金融机构的股权投资；
有价证券投资。（企业依法自主选择经营项目，开展经营活动；
依法须经批准的项目，经相关部门批准后依批准的内容开展经营
活动；不得从事本市产业政策禁止和限制类项目的经营活动。） 
           （二）关联方主要财务指标 
                财务指标 
                                 2022-12-31（经审计） 
                                            单位：万元 
                 总资产 
                 净资产 
                 营业收入 
                 净利润 
           （三）关联关系说明 
           公司与五矿财务公司属于同一实际控制人中国五矿集团有限公司控制下的
         企业，根据《上海证券交易所科创板股票上市规则》的有关规定，本次交易构成
 
         关联交易。 
             （四）其他 
           经查询，五矿财务公司不属于失信被执行人。 
             二、《补充协议（二）》的主要内容 
           （一）协议签署方 
           甲方：五矿集团财务有限责任公司 
           乙方：湖南长远锂科股份有限公司 
           （二）交易金额调整 
           原《金融服务协议之补充协议》中，存款业务：“在符合上海证券交易所相
         关规定的基础上，公司及控股子公司任一日在五矿财务公司的存款余额合计不超
         过人民币 20 亿元。” 
           现调整为，存款业务：“在符合上海证券交易所相关规定的基础上，公司及
         控股子公司任一日在五矿财务公司的存款余额合计不超过人民币 40 亿元。” 
           （三）生效条件 
           本《补充协议（二）》自双方法定代表人或授权代表签署并加盖公章，并经
         公司股东大会审议通过后生效。 
             除《补充协议（二）》中明确所作修改的条款和内容之外，《金融服务协议》
         和《金融服务协议之补充协议》的其余部分应完全继续有效。《补充协议（二）》
         与《金融服务协议》《金融服务协议之补充协议》有相互冲突时，以《补充协议
         （二）》为准。 
             公司制定了以保障存放资金安全性为目标的风险处置预案，并经公司第二届
         董事会第三次会议审议通过，详细内容请见 2022 年 9 月 30 日公司在上海证券交
         易所网站（www.sse.com.cn）披露《湖南长远锂科股份有限公司与五矿集团财务
         有限责任公司关联交易的风险处置预案》。截至 2023 年 6 月 30 日，五矿财务公
         司严格按照《企业集团财务公司管理办法》规定经营，五矿财务公司的风险管理
         不存在重大缺陷。具体内容详见公司 2023 年 8 月 19 日在上海证券交易所网站
         （www.sse.com.cn）披露《湖南长远锂科股份有限公司关于对五矿集团财务有限
         责任公司的风险持续评估报告》。 
             三、本次关联交易的目的和对公司的影响 
           五矿财务公司作为一家经中国银行业监督管理委员会批准设立的非银行金
         融机构，具有为企业集团成员单位提供金融服务的各项资质，各项指标均符合《企
         业集团财务公司管理办法》的规定。五矿财务公司为公司提供金融服务时，双方
         遵循平等自愿、优势互补、互利互惠、合作共赢的原则进行，公司与关联方五矿
         财务公司签订《补充协议（二）》，就双方于 2022 年 12 月 21 日签订的《金融
         服务协议之补充协议》部分条款进行调整，有利于加强公司资金管理、优化公司
         财务管理、提高资金使用效率。 
             具 体 内 容 详 见 公 司 于 2023 年 11 月 15 日 在 上 海 证 券 交 易 所 网 站
         （www.sse.com.cn）披露的《湖南长远锂科股份有限公司关于与五矿集团财务有
         限责任公司签订<金融服务协议之补充协议（二）>暨关联交易的公告》（公告编
         号：2023-051）。 
             本议案已经公司第二届董事会第十三次会议、第二届监事会第十二次会议审
         议通过，现提请股东大会审议，请各位股东及股东代理人审议。 
             关联股东中国五矿股份有限公司、长沙矿冶研究院有限责任公司、宁波创元
         建合投资管理有限公司、五矿金鼎投资有限公司对本议案予以回避表决。 
   
                  
 
 
                                湖南长远锂科股份有限公司董事会 
                                        2023 年 11 月 30 日 
 
         议案三 
 
                  关于公司 2024 年度日常关联交易预计的议案 
         各位股东及股东代理人： 
           一、2024 年度日常关联交易预计金额和类别 
           根据以往年度公司经营情况，结合公司实际经营需要，公司及子公司 2024
         年度预计与关联方发生的日常性关联交易金额不超过 161,332.73 万元，定价原则
         按照当时市场价格确定，具体关联交易内容及金额预计如下表所示。 
             二、2023 年度日常关联交易的预计和执行情况 
           第二届董事会第七次会议、第二届监事会第七次会议，2023 年第一次临时
         股东大会分别于 2023 年 2 月 14 日和 2023 年 3 月 2 日审议通过了《关于公司
         2023 年度日常关联交易预计的议案》，预计 2023 年度公司及子公司与关联方发
         生的日常性关联交易金额不超过 425,322.40 万元。2023 年度日常关联交易的预
         计和执行情况如下表所示。 
             二、关联方基本情况及关联关系介绍 
           1、公司名称：中国五矿集团有限公司（以下简称“中国五矿”） 
           2、法定代表人：翁祖亮 
           3、注册资本：1,020,000 万元人民币 
           4、公司类型：有限责任公司（国有独资） 
           5、成立日期：1982-12-09 
           6、住所：北京市海淀区三里河路五号 
           7、经营范围：黑色金属、有色金属、矿产品及非金属矿产品的投资、销售；
         新能源的开发和投资管理；金融、证券、信托、租赁、保险、基金、期货领域的
         投资管理；投资与资产管理；各种工程技术咨询服务及工程设备租赁；与工程建
         筑相关的新材料、新工艺、新产品技术开发、技术服务、技术交流和技术转让；
         冶金工业所需设备的开发、销售；承担国外各类工业、民用建筑工程咨询、勘察、
         设计和设备租赁；机电产品、小轿车、建筑材料、仪器仪表、五金交电、机械设
         备的销售；建筑及机电设备安装工程技术研究、规划勘察、设计、监理服务；房
         地产开发与经营；物业管理；进出口业务；招标、投标及招标代理；承办展览展
         示活动；设计、制作、代理、发布国内外广告；经济贸易咨询；技术服务、技术
         交流；自有房屋租赁。（市场主体依法自主选择经营项目，开展经营活动；依法
         须经批准的项目，经相关部门批准后依批准的内容开展经营活动；不得从事国家
         和本市产业政策禁止和限制类项目的经营活动。） 
           8、股权结构：国务院国有资产监督管理委员会持股 100%。 
           10、关联关系：中国五矿是公司的实际控制人。 
             11、履约能力分析：公司认为中国五矿为依法存续且经营正常的公司，财务
         及资信状况良好，经营稳健，前次关联交易执行情况良好，具有良好的履约能力。 
             三、关联交易的主要内容 
           公司与关联方所进行的关联交易均系公司基于日常生产经营需要而发生的
         日常经营行为，交易以自愿、平等、互惠互利、公允的原则进行，与关联方发生
         的关联交易的定价遵循公平、公正、等价、有偿等市场原则。 
             日常关联交易额度预计事项经股东大会审议通过后，公司及子公司与关联方
         具体关联交易协议或订单在实际采购、服务发生时签署，公司向关联人销售或采
         购产品时，具体产品的名称、规格、要求等由合同确定，定价原则为市场价格。 
             四、关联交易的目的与影响 
           公司与关联人发生交易是正常的商业交易行为，为正常的生产经营所需。公
         司与关联人均为独立法人，独立经营，在资产、财务、人员等方面均相互独立，
         交易价格依据市场公允价格合理确定。公司与关联人的交易行为能够充分利用双
         方的产业优势，降低生产经营成本。公司关于关联交易的决策程序符合有关法律
         法规及《公司章程》等有关规定，公司日常关联交易不会对关联方形成较大的依
         赖，不会影响公司的独立性，不会对公司的持续经营能力产生影响，不存在损害
         公司及股东特别是中、小股东利益的情形。 
             具 体 内 容 详 见 公 司 于 2023 年 11 月 15 日 在 上 海 证 券 交 易 所 网 站
         （www.sse.com.cn）披露的《湖南长远锂科股份有限公司关于公司 2024 年度日
         常关联交易预计的公告》（公告编号：2023-052）。 
             本议案已经公司第二届董事会第十三次会议、第二届监事会十二次会议审议
         通过，现提请股东大会审议，请各位股东及股东代理人审议。 
             关联股东中国五矿股份有限公司、长沙矿冶研究院有限责任公司、宁波创元
         建合投资管理有限公司、五矿金鼎投资有限公司对本议案予以回避表决。 
","688779","2023-11-16"
"0e1932cd-6648-4fff-8d7b-ea7f3882125a","111亿纬锂能：关于控股股东部分股份解除质押及质押的公告","​​惠州亿纬锂能股份有限公司​​
​​关于控股股东部分股份解除质押及质押的公告​​

​​证券代码：300014​​
​​证券简称：亿纬锂能​​
​​公告编号：2023-179​​

本公司及董事会全体成员保证信息披露的内容真实、准确、完整，没有虚假记载、误导性陈述或重大遗漏。

惠州亿纬锂能股份有限公司（以下简称""公司""）于近日接到控股股东西藏亿纬控股有限公司（以下简称""亿纬控股""）的通知，获悉亿纬控股将其所持有的公司部分股份进行了解除质押及质押业务。具体情况公告如下：

一、股东股份质押的基本情况

本次股份质押情况
股东名称：西藏亿纬控股有限公司（亿纬控股）
是否为控股股东或第一大股东及其一致行动人：是
本次质押数量：5,000,000股
占其所持股份比例：0.76%
占公司总股本比例：0.24%
是否为限售股：否
是否为补充质押：否
本次股份解除质押情况
股东名称：西藏亿纬控股有限公司（亿纬控股）
是否为控股股东或第一大股东及其一致行动人：是
本次解除质押数量：5,000,000股
占其所持股份比例：0.76%
占公司总股本比例：0.24%
质权人：广发证券股份有限公司
质押起始日：2023年2月14日
解除质押日：2023年11月23日
用途：偿还债务
二、股东股份累计质押情况

截至本公告日，公司控股股东、实际控制人及其一致行动人累计质押股份情况如下：

西藏亿纬控股有限公司
持股数量：655,064,787股
持股比例：32.02%
本次质押前质押股份数量：318,370,000股
本次质押后质押股份数量：318,370,000股
已质押股份占其所持股份比例：48.60%
已质押股份占公司总股本比例：15.56%
其中限售股数量：43,600,000股
限售股占已质押股份比例：13.69%
刘金成（实际控制人）
持股数量：77,430,681股
持股比例：3.79%
本次质押前质押股份数量：22,500,000股
本次质押后质押股份数量：22,500,000股
已质押股份占其所持股份比例：29.06%
已质押股份占公司总股本比例：1.10%
其中限售股数量：11,085,142股
限售股占已质押股份比例：49.27%
骆锦红（一致行动人）
持股数量：82,649,082股
持股比例：4.04%
本次质押前质押股份数量：13,400,000股
本次质押后质押股份数量：13,400,000股
已质押股份占其所持股份比例：16.21%
已质押股份占公司总股本比例：0.66%
其中限售股数量：0股
合计：
总持股数量：815,144,550股
总持股比例：39.85%
累计质押股份数量：354,270,000股
累计质押股份占其所持股份比例：43.46%
累计质押股份占公司总股本比例：17.32%
其中限售股数量：54,685,142股
限售股占累计质押股份比例：15.44%

三、风险说明

上述质押股份不存在负担重大资产重组等业绩补偿义务。
亿纬控股资信状况良好，具备足够的资金偿还能力，质押股份风险可控。
目前不存在平仓风险或被强制平仓的情形，上述质押事项不会导致公司实际控制权发生变更。
公司将持续关注其质押变动情况及风险，并及时进行披露。
四、备查文件

证券质押及司法冻结明细表；
股份质押的其他相关证明。
特此公告。

惠州亿纬锂能股份有限公司董事会
2023年11月23日","300014","2023-11-23"
"6d7bffd8-3192-4406-91ea-c626cf76b642",湖南长远锂科股份有限公司第二届监事会第十二次会议决议公告,"本公司监事会及全体监事保证本公告内容不存在任何虚假记载、误导性陈述或者重大遗漏，并对其内容的真实性、准确性和完整性依法承担法律责任。 
           一、监事会会议召开情况 
           湖南长远锂科股份有限公司（以下简称“公司”）第二届监事会第十二次会
         议于 2023 年 11 月 9 日以电子邮件方式发出会议通知。会议于 2023 年 11 月 14
         日以通讯的方式召开。会议应到监事 5 名，实际出席监事 5 名。会议由公司监事
         会主席吴世忠先生主持。会议的召集、召开符合《中华人民共和国公司法》《上
         海证券交易所科创板股票上市规则》和《湖南长远锂科股份有限公司章程》等有
         关法律、行政法规、部门规章、规范性文件的规定。 
             二、监事会会议审议情况 
           1、审议通过《关于与五矿集团财务有限责任公司签订<金融服务协议之补
         充协议（二）>暨关联交易的议案》 
           公司本次与五矿集团财务有限责任公司签订《金融服务协议之补充协议
         （二）》，是以市场原则为基础，协议内容合法合规，约定条款公平公正，涉及
         的关联交易定价公允合理，决策程序符合相关法律、法规的要求和《公司章程》
         的规定，不存在损害公司股东利益，特别是中小股东利益的情形。 
             关联监事吴世忠先生、赵增山先生已回避表决。 
             表决结果：3票同意，0票反对，0票弃权，2票回避。 
             本议案尚需提交股东大会审议。 
             具体内容详见公司于同日在上海证券交易所网站（www.sse.com.cn）披露的
         《湖南长远锂科股份有限公司关于与五矿集团财务有限责任公司签订<金融服务
         协议之补充协议（二）>暨关联交易的公告》（公告编号：2023-051）。 
             2、审议通过《关于公司2024年度日常关联交易预计的议案》 
           根据《上海证券交易所科创板股票上市规则》及《湖南长远锂科股份有限公
         司章程》等相关规定的要求，公司2024年度日常关联交易的预计符合正常的业务
         发展需要，交易定价遵循公平、公正、公允的市场化原则，符合公司和全体股东
         的利益，对公司独立性无影响，不存在损害公司及股东利益的情况。综上，我们
         同意该议案。 
             关联监事吴世忠先生、赵增山先生已回避表决。 
             表决结果：3票同意，0票反对，0票弃权，2票回避。 
             本议案尚需提交股东大会审议。 
             具体内容详见公司于同日在上海证券交易所网站（www.sse.com.cn）披露的
         《湖南长远锂科股份有限公司关于公司2024年度日常关联交易预计的公告》（公
         告编号：2023-052）。 
   
           特此公告。 ","688779","2023-11-15"
"8cb6478d-fa97-4f63-b709-185b3e715884",湖南长远锂科股份有限公司2023年董事会审计委员会履职情况报告,"           根据《上市公司治理准则》《上海证券交易所科创板股票上市规则》《上海
         证券交易所科创板上市公司自律监管指引第 1 号——规范运作》等相关法律法规
         和《湖南长远锂科股份有限公司章程》《湖南长远锂科股份有限公司董事会审计
         委员会工作管理办法》的有关规定，湖南长远锂科股份有限公司（以下简称“公
         司”）董事会审计委员会全体委员本着勤勉尽责的原则，恪尽职守，认真履行职
         责。现将公司董事会审计委员会（以下简称“审计委员会”）2023 年度履职情
         况汇报如下： 
           一、审计委员会基本情况 
           公司第二届董事会审计委员会由独立董事丁亭亭先生、邓超先生及公司董事
         长胡柳泉先生担任，均具有能够胜任审计委员会工作职责的专业知识和经验。其
         中召集人由具有专业会计资格的独立董事丁亭亭先生担任。 
             二、2023 年度审计委员会会议召开情况 
           2023 年，公司董事会审计委员会共召开会议 5 次，审议通过了 21 项议案，
         全体委员均亲自出席，具体情况如下： 
        会议届次 
                 会议时间 
                                    议案名称 
      第二届董事会审计
      委员会第四次会议 
                2023/2/14  1、关于公司 2023 年度日常关联交易预计的议案 
                       1、关于公司 2022 年年度报告及其摘要的议案； 
                       2、关于公司 2022 年度董事会审计委员会履职情况报告的议案； 
                       3、关于公司 2022 年度财务决算报告的议案； 
                       4、关于公司 2023 年度财务预算报告的议案； 
      第二届董事会审计
      委员会第五次会议 
                2023/4/21 
                       5、关于 2022 年度募集资金存放与实际使用情况专项报告的议案； 
                       6、关于对五矿集团财务有限责任公司的风险持续评估报告的议案； 
                       7、关于公司 2022 年度内部控制评价报告的议案； 
                       8、关于公司 2023 年度内控评价工作方案的议案； 
                       9、关于公司 2023 年度全面风险管理报告的议案； 
                       10、关于公司 2022 年度审计工作总结的议案； 
                       11、关于公司 2023 年度审计工作计划的议案； 
                       12、关于修订<湖南长远锂科股份有限公司董事会审计委员会工作
                       管理办法>的议案； 
                       13、关于公司 2023 年第一季度报告的议案。 
                         1、关于 2023 年半年度报告及其摘要的议； 
      第二届董事会审计
                       2、关于 2023 年半年度募集资金存放与实际使用情况的专项报告的
      委员会第六次会议 
                       议； 
                2023/8/18 
                       3、关于对五矿集团财务有限责任公司的风险持续评估报告的议案。 
        第二届董事会审计
      委员会第七次会议 
                2023/10/27  1、关于公司 2023 年第三季度报告的议案 
                       1、关于续聘会计师事务所的议案； 
      第二届董事会审计
                       2、关于与五矿集团财务有限责任公司签订《金融服务协议之补充
      委员会第八次会议 
                       协议（二）》暨关联交易的议案； 
                2023/11/14 
                       3、关于公司 2024 年度日常关联交易预计的议案。 
             三、2023 年度审计委员会主要工作情况 
           （一）监督及评估公司外部审计机构工作 
           报告期内，公司董事会审计委员会对天职国际会计师事务所（特殊普通合伙）
         （以下简称“天职国际”）的审计工作进行了监督和评价，并对其专业性和独立
         性进行了评估，认为其具有从事证券相关业务的资格，天职国际在为公司提供审
         计服务的过程中，严格遵守《中国注册会计师审计准则》的规定，严谨、客观、
         公允、独立地履行职责，具备为公司提供审计服务的资质、经验和专业能力，能
         够较好地履行了审计机构的责任与义务。 
             （二）监督及评估公司内部审计工作 
           报告期内，公司审计委员会根据《中华人民共和国公司法》《中华人民共和
         国证券法》等相关规定，认真审阅了公司的审计工作总结、审计工作计划，督促
         公司内部审计部门严格按照审计计划执行各项工作，并对内部审计工作提出了指
         导性意见，促进了内部审计部门的有效运作。报告期内，未发现内部审计工作存
         在重大问题。 
             （三）审核公司的财务报告 
           报告期内，审计委员会认真审阅了公司的财务报告，认为公司财务报告均按
         照企业会计准则的规定编制，所载内容真实、完整、准确，公允反映了公司财务
         状况、经营成果和现金流量，不存在欺诈、舞弊行为及重大错报的情况，也不存
         在重大会计差错调整，符合有关规定和公司实际情况，且在编制过程中相关人员
         遵守规定，未发现有违反保密规定的行为。 
             （四）评估内部控制的有效性 
           报告期内，审计委员会对公司内部控制建设和运行的各项工作进行了监督，
         认真审阅了公司内部控制审计报告及内部控制自我评价报告，认为公司已经建立
         了较为健全的内部控制制度体系，内部控制实际运作情况符合中国证监会及有关
         部门发布的有关上市公司治理规范的要求。 
             （五）关联交易管理相关工作 
           报告期内，审计委员会对年度内的关联交易事项事项进行严格审核，认为公
         司对关联交易事项的决策程序合规，与关联方发生的关联交易基于公司经营计划
         需求，交易定价公允、合理，有利于公司正常业务的开展，未损害公司及股东的
         利益。 
             （六）协调管理层、内部审计部门及相关部门与外部审计机构的沟通 
           报告期内，董事会审计委员会协调公司管理层、公司纪检部、财务部及其他
         相关部门与外部审计机构保持了良好沟通，积极协调审计过程中出现的问题，履
         行了协助公司审计工作顺利完成的各项职责。 
             四、总体评价 
           报告期内，公司审计委员会依据《上市公司治理准则》《上海证券交易所科
         创板股票上市规则》《上海证券交易所科创板上市公司自律监管指引第 1 号——
         规范运作》及《湖南长远锂科股份有限公司章程》《湖南长远锂科股份有限公司
         董事会审计委员会工作管理办法》的相关规定，恪尽职守、尽职尽责地履行了审
         计委员会的职责。 
             2024 年度，公司审计委员会将继续秉承审慎、客观、独立的原则，继续按
         照相关法律法规的规定，规范履职，更好地发挥审计委员会的重要作用，积极维
         护公司及全体股东的合法权益。 ","688779","2024-04-25"
"9cd7074b-e49c-498d-849d-7909a44f6bc3",湖南长远锂科股份有限公司关于与五矿集团财务有限责任公司签订《金融服务协议之补充协议（二）》暨关联交易的公告,"           本公司董事会及全体董事保证本公告内容不存在任何虚假记载、误导性陈
         述或者重大遗漏，并对其内容的真实性、准确性和完整性依法承担法律责任。 
             重要内容提示： 
             交易内容：根据公司经营发展需要，湖南长远锂科股份有限公司（以下
         简称“公司”）拟与五矿集团财务有限责任公司（以下简称“五矿财务公司”）签
         订《金融服务协议之补充协议（二）》（以下简称“《补充协议（二）》”），在原签
         订的《金融服务协议》及《金融服务协议之补充协议》的基础上，就《金融服务
         协议之补充协议》中部分条款进行调整。 
               本次关联交易已经公司第二届董事会第十三次会议、第二届监事会第十
         二次会议审议通过，尚需提交公司股东大会审议批准，关联股东将在股东大会上
         对该议案回避表决。 
               本次交易不构成《上市公司重大资产重组管理办法》规定的重大资产重
         组，本次交易实施不存在重大法律障碍。 
               本次关联交易公允合理，不会损害公司及全体股东的利益，不会对关联
         人形成依赖。 
             一、关联交易概述 
           公司于 2021 年 12 月 13 日分别召开了第一届董事会第二十次会议、第一届
         监事会第十三次会议审议通过了《关于与五矿集团财务有限责任公司签订<金融
         服务协议>暨关联交易的议案》，并经公司 2021 年 12 月 29 日召开的 2021 年度第
         六次临时股东大会审议通过。具体内容详见公司于 2021 年 12 月 14 在上海证券
         交易所网站（www.sse.com.cn）披露的《湖南长远锂科股份有限公司关于与五矿
         集团财务有限责任公司签订<金融服务协议>暨关联交易的公告》（公告编号：
         2021-025）。 
   
                             1 
           结合公司业务发展及资金管理需求，公司于 2022 年 11 月 30 日分别召开了
         第二届董事会第六次会议、第二届监事会第六次会议审议通过了《关于与五矿集
         团财务有限责任公司签订<金融服务协议之补充协议>暨关联交易的议案》，并经
         公司 2022 年 12 月 19 日召开的 2022 年第四次临时股东大会审议通过。具体内容
         详见公司于 2022 年 12 月 1 日在上海证券交易所网站（www.sse.com.cn）披露的
         《关于与五矿集团财务有限责任公司签订<金融服务协议之补充协议>暨关联交
         易的公告》（公告编号：2022-077）。 
             根据公司经营发展需要，经与五矿财务公司协商，双方本着友好合作、平等、
         自愿、互惠互利的原则，在原签订的《金融服务协议》和《金融服务协议之补充
         协议》的基础上，拟签订《补充协议（二）》，就《金融服务协议之补充协议》中
         部分条款进行调整。 
             该协议内容以市场原则为基础，不存在损害公司股东利益的情形。按照《上
         海证券交易所科创板股票上市规则》的相关规定，公司与五矿财务公司受同一实
         际控制人中国五矿集团有限公司控制，本次交易构成关联交易，不构成《上市公
         司重大资产重组管理办法》规定的重大资产重组。 
             截至 2023 年 11 月 5 日，公司在五矿财务公司的存款余额为 13,486.79 万元。 
             二、交易方基本情况 
           （一）基本情况 
         公司名称 
         公司类型 
         成立时间 
                   五矿集团财务有限责任公司 
                   其他有限责任公司 
                   1993 年 5 月 26 日 
         统一社会信用代码 
                   91110000101710917K 
         注册资本 
                   350,000 万元人民币 
         法定代表人 
                   张树强 
         住所 
                   北京市海淀区三里河路 5 号 A247-A267（单）A226-A236（双）C106 
         股权结构 
                   中国五矿股份有限公司持有五矿财务公司 92.5%的股权；五矿资本
控股有限公司持有五矿财务公司 7.5%的股权。 
                     对成员单位办理财务和融资顾问、信用鉴证及相关的咨询、代理业
务；协助成员单位实现交易款项的收付；经批准的保险代理业务；
对成员单位提供担保；办理成员单位之间的委托贷款及委托投资；
对成员单位办理票据承兑与贴现；办理成员单位之间的内部转帐结
算及相应的结算、清算方案设计；吸收成员单位的存款；对成员单
位办理贷款及融资租赁；从事同业拆借；经批准发行财务公司债券；
                             2 
         经营范围 
 
                   承销成员单位的企业债券；对金融机构的股权投资；有价证券投资。
（企业依法自主选择经营项目，开展经营活动；依法须经批准的项
目，经相关部门批准后依批准的内容开展经营活动；不得从事本市
产业政策禁止和限制类项目的经营活动。） 
 
           （二）关联方主要财务指标 
                财务指标 
                                2022-12-31（经审计） 
                                            单位：万元 
                总资产 
                净资产 
                营业收入 
                净利润 
           （三）关联关系说明 
                                          3,124,683.01 
                                           561,978.24 
                                            48,380.62 
                                            30,996.46 
           公司与五矿财务公司属于同一实际控制人中国五矿集团有限公司控制下的
         企业，根据《上海证券交易所科创板股票上市规则》的有关规定，本次交易构成
         关联交易。 
             （四）其他 
经查询，五矿财务公司不属于失信被执行人。 
             三、《补充协议（二）》的主要内容 
           （一）协议签署方 
           甲方：五矿集团财务有限责任公司 
           乙方：湖南长远锂科股份有限公司 
           （二）交易金额调整 
           原《金融服务协议之补充协议》中，存款业务：“在符合上海证券交易所相
         关规定的基础上，公司及控股子公司任一日在五矿财务公司的存款余额合计不超
         过人民币 20 亿元。” 
           现调整为，存款业务：“在符合上海证券交易所相关规定的基础上，公司及
 
                             3 
         控股子公司任一日在五矿财务公司的存款余额合计不超过人民币 40 亿元。” 
           （三）生效条件 
           本《补充协议（二）》自双方法定代表人或授权代表签署并加盖公章，并经
         公司股东大会审议通过后生效。 
             除《补充协议（二）》中明确所作修改的条款和内容之外，《金融服务协议》
         和《金融服务协议之补充协议》的其余部分应完全继续有效。《补充协议（二）》
         与《金融服务协议》《金融服务协议之补充协议》有相互冲突时，以《补充协议
         （二）》为准。 
             公司制定了以保障存放资金安全性为目标的风险处置预案，并经公司第二届
         董事会第三次会议审议通过，详细内容请见 2022 年 9 月 30 日公司在上海证券交
         易所网站（www.sse.com.cn）披露《湖南长远锂科股份有限公司与五矿集团财务
         有限责任公司关联交易的风险处置预案》。截至 2023 年 6 月 30 日，五矿财务公
         司严格按照《企业集团财务公司管理办法》规定经营，五矿财务公司的风险管理
         不存在重大缺陷。具体内容详见公司 2023 年 8 月 19 日在上海证券交易所网站
         （www.sse.com.cn）披露《湖南长远锂科股份有限公司关于对五矿集团财务有限
         责任公司的风险持续评估报告》。 
             四、本次关联交易的目的和对公司的影响 
           五矿财务公司作为一家经中国银行业监督管理委员会批准设立的非银行金
         融机构，具有为企业集团成员单位提供金融服务的各项资质，各项指标均符合《企
         业集团财务公司管理办法》的规定。五矿财务公司为公司提供金融服务时，双方
         遵循平等自愿、优势互补、互利互惠、合作共赢的原则进行，公司与关联方五矿
         财务公司签订《补充协议（二）》，就双方于 2022 年 12 月 21 日签订的《金融服
         务协议之补充协议》部分条款进行调整，有利于加强公司资金管理、优化公司财
         务管理、提高资金使用效率。 
             五、关联交易履行的审议程序及专项意见 
           （一）审议程序 
           2023 年 11 月 14 日，公司召开了第二届董事会第十三次会议，审议通过了
 
                             4 
         《关于与五矿集团财务有限责任公司签订<金融服务协议之补充协议（二）>暨关
         联交易的议案》，关联董事覃事彪先生、熊小兵先生、杜维吾先生已回避表决，
         非关联董事以 6 票同意、0 票反对、0 票弃权的表决结果审议通过了上述议案；
         同日，公司召开了第二届监事会第十二次会议，审议通过了《关于与五矿集团财
         务有限责任公司签订<金融服务协议之补充协议（二）>暨关联交易的议案》，关
         联监事吴世忠先生、赵增山先生已回避表决，非关联监事以 3 票同意、0 票反对、
         0 票弃权的表决结果审议通过了上述议案，并发表了明确同意意见。该议案尚需
         提交公司股东大会审议，关联股东将回避表决。 
             （二）独立董事事前认可意见 
           我们认为与五矿财务公司签订《金融服务协议之补充协议（二）》符合公司
         业务发展需要，交易各方均遵循了自愿、公平、公正的原则，交易公允，有利于
         优化公司财务管理、提高资金使用效率，不存在损害公司及全体股东特别是中小
         股东利益的行为。我们同意将该议案提交公司第二届董事会第十三次会议审议。 
             （三）独立董事独立意见 
           我们认为五矿财务公司作为一家经中国银行业监督管理委员会批准的规范
         性非银行金融机构，未发现其存在违反中国银行业监督管理委员会颁布的《企业
         集团财务公司管理办法》规定的情况，未发现其风险管理存在重大缺陷。公司与
         五矿财务公司签订《金融服务协议之补充协议（二）》，符合公司业务发展需要，
         交易各方均遵循了自愿、公平、公正的原则，交易公允，有利于优化公司财务管
         理、提高资金使用效率，不存在损害公司及股东、特别是中小股东利益的行为。
         董事会在审议该议案时，关联董事均回避表决，符合相关法律、法规及《公司章
         程》的规定。因此，我们一致同意该议案并提交公司股东大会审议。 
             （四）审计委员会意见 
           公司与五矿财务公司签署的《金融服务协议之补充协议（二）》符合公司业
         务发展需要，交易各方均遵循了自愿、公平、公正的原则，交易公允，有利于优
         化公司财务管理、提高资金使用效率，不存在损害公司及股东、特别是中小股东
         利益的行为。因此，我们同意将本议案提交董事会审议。 
             （五）监事会意见 
           公司本次与五矿财务公司签订《金融服务协议之补充协议（二）》，是以市场
         原则为基础，协议内容合法合规，约定条款公平公正，涉及的关联交易定价公允
 
                             5 
         合理，决策程序符合相关法律、法规的要求和《公司章程》的规定，不存在损害
         公司股东利益，特别是中小股东利益的情形。 
             （六）保荐机构核查意见 
           经核查，保荐机构认为：公司本次关联交易履行了必要的程序，已经公司第
         二届董事会第十三次会议和第二届监事会第十二次会议审议通过，关联董事回避
         表决，独立董事进行了事前认可并发表了明确同意的独立意见，审计委员会发表
         了明确同意的意见，本次关联交易尚须股东大会审议。本次关联交易决策程序符
         合有关法律、法规和《公司章程》的相关规定。保荐机构对公司本次关联交易无
         异议。 
             六、上网公告附件 
           （一）湖南长远锂科股份有限公司独立董事关于第二届董事会第十三次会议
         相关议案的事前认可意见； 
           （二）湖南长远锂科股份有限公司独立董事关于第二届董事会第十三次会议
         相关事项的独立意见； 
           （三）中信证券股份有限公司、五矿证券有限公司关于湖南长远锂科股份有
         限公司与五矿集团财务有限责任公司签署《金融服务协议之补充协议（二）》暨
         关联交易的核查意见； 
 
           特此公告。 ","688779","2023-11-15"
"9ec8d28f-53c7-44e1-9e42-6577c8513880",赣锋锂业：关于股东减持公司股份时间过半的进展公告,"江西赣锋锂业股份有限公司关于股东减持公司股份时间过半的进展公告
​​证券代码：002460​​
​​证券简称：赣锋锂业​​
​​公告编号：临2022-002​​

本公司及董事会全体成员保证公告内容真实、准确、完整，不存在虚假记载、误导性陈述或重大遗漏。

​​一、减持计划基本情况​​
公司于2021年9月7日收到股东沈海博先生、徐建华先生、傅利华先生提交的减持计划告知函。根据计划，上述股东拟自减持公告披露之日起15个交易日后的6个月内，通过集中竞价方式合计减持不超过52万股，占公司总股本的0.0362%。具体内容详见公司2021年9月8日披露于《证券时报》及巨潮资讯网的预披露公告。

2021年12月31日，公司收到沈海博先生的减持进展通知。截至该日，沈海博先生累计减持股份数量已超过其减持计划数量的一半；徐建华先生和傅利华先生尚未实施减持。详见公司2022年1月5日披露的进展公告。

​​二、减持计划实施进展​​
截至本公告日，上述股东减持计划时间已过半，具体实施情况如下：

​​沈海博先生​​（董事、高级管理人员）
减持方式：集中竞价交易
减持时间：2021年12月31日
减持均价：142.18元/股
减持数量：207,200股
占总股本比例：0.0144%
减持前持股：11,083,568股（占总股本0.7710%）
减持后持股：10,876,368股（占总股本0.7566%）
​​徐建华先生​​（高级管理人员）
减持计划尚未实施
当前持股：380,000股（占总股本0.0264%）
​​傅利华先生​​（高级管理人员）
减持计划尚未实施
当前持股：123,250股（占总股本0.0086%）
​​三、其他说明事项​​
本次减持计划实施过程中，相关股东严格遵守《深圳证券交易所股票上市规则》《上市公司股东、董监高减持股份的若干规定》等法律法规及规范性文件的规定，未出现违规情形。
沈海博先生已严格按披露计划执行减持，不存在违反承诺的情形。
本次减持不会对公司治理结构、股权结构及持续经营产生重大影响。
截至本公告日，减持计划尚未实施完毕。公司将持续关注减持进展，并依法履行信息披露义务。
​​四、备查文件​​
相关股东出具的减持告知函。
特此公告。

江西赣锋锂业股份有限公司
董事会
2022年1月12日","002460","2022-01-12"
c47afd4c-efc1-499b-ad07-144331620dc0,赣锋锂业：北京金诚同达（上海）律师事务所关于江西赣锋锂业集团股份有限公司2023年员工持股计划的法律意见书,"​​北京金诚同达（上海）律师事务所​​
​​关于江西赣锋锂业集团股份有限公司2023年员工持股计划的法律意见书​​
​​金沪法意[2023]第284号​​

致：江西赣锋锂业集团股份有限公司

北京金诚同达（上海）律师事务所（以下简称""本所""）接受江西赣锋锂业集团股份有限公司（以下简称""公司""或""赣锋锂业""）的委托，就公司2023年员工持股计划（以下简称""本员工持股计划""）相关事项出具本法律意见书。

​​一、释义​​
在本法律意见书中，除非文义另有所指，下列词语具有如下特定含义：

​​赣锋锂业、公司​​：指江西赣锋锂业集团股份有限公司
​​员工持股计划、本员工持股计划​​：指江西赣锋锂业集团股份有限公司2023年员工持股计划
​​《员工持股计划（草案）》​​：指《江西赣锋锂业集团股份有限公司2023年员工持股计划（草案）》
​​《员工持股计划管理办法》​​：指《江西赣锋锂业集团股份有限公司2023年员工持股计划管理办法》
​​持有人、持股员工​​：指出资参加本员工持股计划的公司董事、监事、高级管理人员、核心管理人员及核心骨干员工
​​《指导意见》​​：指《关于上市公司实施员工持股计划试点的指导意见》
​​《自律监管指引》​​：指《深圳证券交易所上市公司自律监管指引第1号——主板上市公司规范运作（2023年修订）》
其他术语定义详见法律意见书正文。

​​二、法律意见书正文​​
​​1. 公司实施本员工持股计划的主体资格​​
1.1 ​​公司为依法存续的股份有限公司​​

公司成立于2000年3月2日，注册资本143,747.888万元，经营范围包括锂产品研发、生产及销售等。
截至本法律意见书出具日，公司合法存续，无终止经营情形。
1.2 ​​公司为深交所上市公司​​

公司股票于2010年8月10日在深交所上市（证券代码：002460）。
​​结论​​：公司具备实施本员工持股计划的主体资格。

​​2. 本员工持股计划的合法合规性​​
经核查，本员工持股计划符合以下规定：

​​依法合规原则​​：不存在利用员工持股计划进行内幕交易或操纵市场的情形。
​​自愿参与原则​​：员工自愿参加，无强制摊派。
​​风险自担原则​​：盈亏自负，与其他投资者权益平等。
​​参与对象​​：董事、监事、高管及核心员工，总人数不超过595人。
​​资金来源​​：公司计提专项基金（不超过2022年净利润的1.56%，约3.2亿元），不提供财务资助。
​​股票来源​​：通过二级市场购买（竞价交易、大宗交易等）。
​​存续期限​​：72个月。
​​持股规模​​：累计不超过公司股本总额的10%，单个持有人不超过1%。
​​管理模式​​：由公司自行管理或委托专业机构管理，设持有人会议及管理委员会。
​​结论​​：本员工持股计划符合《指导意见》及《自律监管指引》的规定，合法合规。

​​3. 本员工持股计划已履行的程序​​
​​职工代表大会审议​​：2023年9月25日通过相关议案。
​​董事会审议​​：2023年9月27日第五届董事会第六十九次会议审议通过，关联董事回避表决。
​​独立董事意见​​：认为计划合法合规，有利于公司发展。
​​监事会审议​​：2023年9月27日第五届监事会第四十七次会议审议通过，关联监事回避表决。
​​尚需履行的程序​​：提交股东大会审议，并经无关联股东过半数通过。

​​4. 其他事项​​
​​回避表决安排​​：关联董事、监事及股东需回避表决，合法合规。
​​融资参与方式​​：由管理委员会决定是否参与配股、增发等，合法合规。
​​一致行动关系​​：本员工持股计划与公司实际控制人、董监高无一致行动关系。
​​信息披露​​：公司已公告董事会决议、草案、独立董事意见等，后续需继续履行披露义务。
​​三、结论意见​​
本所认为：

公司具备实施本员工持股计划的主体资格；
本员工持股计划内容及程序合法合规；
公司已履行现阶段法定程序，尚需股东大会审议通过；
其他相关安排符合法律法规及《公司章程》规定。
本法律意见书一式三份，经本所律师签字并加盖公章后生效。

​​北京金诚同达（上海）律师事务所​​
​​经办律师：​​
（签字）
​​2023年9月27日​​

​​（以下无正文）​​

​​地址​​：上海市浦东新区世纪大道88号金茂大厦18层
​​电话​​：86-21-3886 2288
​​传真​​：021-3886 2288 * 1018","002460","2023-11-25"
cf73c3e2-e601-458a-9cfc-4df880b2a60d,亿纬锂能：2021年年度业绩预告,"​​惠州亿纬锂能股份有限公司2021年年度业绩预告​​

​​证券代码：300014​​
​​证券简称：亿纬锂能​​
​​公告编号：2022-XXX​​

本公司及董事会全体成员保证信息披露的内容真实、准确、完整，没有虚假记载、误导性陈述或重大遗漏。

一、本期业绩预计情况

业绩预告期间：2021年1月1日至2021年12月31日
业绩变动类型：同向上升
（1）归属于上市公司股东的净利润
预计盈利：272,585.68万元至305,626.37万元
比上年同期增长：65.00%至85.00%
上年同期盈利：165,203.44万元

（2）扣除非经常性损益后的净利润
预计盈利：244,098.37万元至266,982.60万元
比上年同期增长：60.00%至75.00%
上年同期盈利：152,561.48万元

二、与会计师事务所沟通情况

本次业绩预告相关数据为公司财务中心初步测算的结果，未经会计师事务所审计。公司就业绩预告有关事项已与会计师事务所进行了预沟通，公司与会计师事务所在本次业绩预告方面不存在重大分歧。

三、业绩变动原因说明

2021年年度业绩与上年同期相比上升的主要原因是：

公司销售规模扩大，营业收入增长100%以上。其中消费电池、动力储能电池业务都大幅增长，盈利增加；
公司间接参股公司思摩尔国际控股有限公司销售规模和盈利大幅增长，带来公司投资收益大幅增长；
公司持续加大研发投入力度，当年研发支出费用化金额约13亿元，同比增加90%以上；
为了进一步健全公司长效激励机制，吸引和留住优秀人才，制定激励计划，计提股权激励费用约0.79亿元。
四、其他相关说明

具体经营数据将在公司2021年年度报告中详细披露，敬请广大投资者谨慎决策，注意投资风险。

特此公告。

惠州亿纬锂能股份有限公司董事会
2022年1月25日","300014","2022-01-25"
f7568ccc-ca96-4011-b78e-0500ae2a65a8,中信证券股份有限公司、五矿证券有限公司关于湖南长远锂科股份有限公司与五矿集团财务有限责任公司签署《金融服务协议之补充协议（二）》暨关联交易的核查意见,"           中信证券股份有限公司、五矿证券有限公司（以下简称“保荐机构”）作为
         湖南长远锂科股份有限公司（以下简称“公司”、“长远锂科”或“发行人”）首
         次公开发行股票并在科创板上市以及向不特定对象发行可转换公司债券的保荐
         机构，根据《上市公司监管指引第 2 号—上市公司募集资金管理和使用的监管要
         求》《上海证券交易所科创板股票上市规则》等有关规定，就长远锂科与五矿集
         团财务有限责任公司（以下简称“五矿财务公司”）签署《金融服务协议之补充
         协议（二）》暨关联交易的事项进行了核查，具体情况如下： 
           一、关联交易概述 
           根据公司经营发展需要，经与五矿集团财务有限责任公司（以下简称“五矿
         财务公司”）协商，双方本着友好合作、平等、自愿、互惠互利的原则，在原签
         订的《金融服务协议》及《金融服务协议之补充协议》的基础上，拟签订《金融
         服务协议之补充协议（二）》（以下简称“《补充协议（二）》”），就《金融服务协
         议之补充协议》中部分条款进行调整。 
             该协议内容以市场原则为基础，不存在损害公司股东利益的情形。五矿财务
         公司系公司实际控制人中国五矿集团有限公司的控股子公司，按照《上海证券交
         易所科创板股票上市规则》的相关规定，公司与五矿财务公司属于受同一法人控
         制的关联关系，本次交易构成关联交易，不构成《上市公司重大资产重组管理办
         法》规定的重大资产重组。 
             截至 2023 年 11 月 5 日，公司在五矿财务公司的存款余额为 13,486.79 万元。 
             二、关联方基本情况 
           （一）关联方简介 
 
                             1 
         公司名称 
         公司类型 
         成立时间 
                    五矿集团财务有限责任公司 
                    其他有限责任公司 
                    1993 年 5 月 26 日 
         统一社会信用代码 
                    91110000101710917K 
         注册资本 
         法定代表人 
         住所 
         股权结构 
         经营范围 
                    350,000 万元人民币 
                    张树强 
                    北京市海淀区三里河路 5 号 A247-A267（单）A226-A236（双）
C106 
                    中国五矿股份有限公司持有五矿财务公司 92.5%的股权；五矿资
本控股有限公司持有五矿财务公司 7.5%的股权。 
                      对成员单位办理财务和融资顾问、信用鉴证及相关的咨询、代理
业务；协助成员单位实现交易款项的收付；经批准的保险代理业
务；对成员单位提供担保；办理成员单位之间的委托贷款及委托
投资；对成员单位办理票据承兑与贴现；办理成员单位之间的内
部转帐结算及相应的结算、清算方案设计；吸收成员单位的存款；
对成员单位办理贷款及融资租赁；从事同业拆借；经批准发行财
务公司债券；承销成员单位的企业债券；对金融机构的股权投资；
有价证券投资。（企业依法自主选择经营项目，开展经营活动；
依法须经批准的项目，经相关部门批准后依批准的内容开展经营
活动；不得从事本市产业政策禁止和限制类项目的经营活动。） 
           （二）关联方主要财务指标 
                  财务指标 
                  总资产 
                  净资产 
                  营业收入 
                  净利润 
           （三）关联关系说明 
                                             单位：万元 
                                   2022-12-31（经审计） 
                                            3,124,683.01 
                                             561,978.24 
                                             48,380.62 
                                             30,996.46 
           公司与五矿财务公司属于同一实际控制人中国五矿集团有限公司控制下的
         企业，根据《上海证券交易所科创板股票上市规则》的有关规定，本次交易构成
         关联交易。 
             （四）履约能力分析 
           经查询，五矿财务公司不属于失信被执行人。 
   
                             2 
           三、拟签署的《金融服务协议之补充协议（二）》暨关联交易的主要内容 
           （一）协议签署方 
           甲方：五矿集团财务有限责任公司 
           乙方：湖南长远锂科股份有限公司 
           （二）交易金额调整 
           原《补充协议》中，存款业务：“在符合上海证券交易所相关规定的基础上，
         公司及控股子公司任一日在五矿财务公司的存款余额合计不超过人民币 20 亿
         元。” 
           现调整为，存款业务：“在符合上海证券交易所相关规定的基础上，公司及
         控股子公司任一日在五矿财务公司的存款余额合计不超过人民币 40 亿元。” 
           （三）生效条件 
           本补充协议自双方法定代表人或授权代表签署并加盖公章，并经公司股东大
         会审议通过后生效。 
             除《补充协议（二）》中明确所作修改的条款和内容之外，《金融服务协议》
         和《金融服务协议之补充协议》的其余部分应完全继续有效。《补充协议（二）》
         与《金融服务协议》《金融服务协议之补充协议》有相互冲突时，以《补充协议
         （二）》为准。 
             公司制定了以保障存放资金安全性为目标的风险处置预案，并经公司第二届
         董事会第三次会议审议通过，详细内容请见 2022 年 9 月 30 日公司在上海证券交
         易所网站（www.sse.com.cn）披露《湖南长远锂科股份有限公司与五矿集团财务
         有限责任公司关联交易的风险处置预案》。截至 2023 年 6 月 30 日，五矿财务公
         司严格按照《企业集团财务公司管理办法》规定经营，五矿财务公司的风险管理
         不存在重大缺陷。具体内容详见公司 2023 年 8 月 19 日在上海证券交易所网站
         （www.sse.com.cn）披露《湖南长远锂科股份有限公司关于对五矿集团财务有限
         责任公司的风险持续评估报告》。 
   
                             3 
           四、关联交易目的和对公司的影响 
           五矿财务公司作为一家经中国银行业监督管理委员会批准设立的非银行金
         融机构，具有为企业集团成员单位提供金融服务的各项资质，各项指标均符合《企
         业集团财务公司管理办法》的规定。五矿财务公司为公司提供金融服务时，双方
         遵循平等自愿、优势互补、互利互惠、合作共赢的原则进行，公司与关联方五矿
         财务公司签订《补充协议（二）》，就双方于 2022 年 12 月 21 日签订的《金融服
         务协议之补充协议》部分条款进行调整，有利于加强公司资金管理、优化公司财
         务管理、提高资金使用效率。 
             五、关联交易的审议程序 
           （一）已履行审议程序 
           2023 年 11 月 14 日，公司召开了第二届董事会第十三次会议，审议通过了
         《关于与五矿集团财务有限责任公司签订<金融服务协议之补充协议（二）>暨关
         联交易的议案》，关联董事覃事彪先生、熊小兵先生、杜维吾先生已回避表决。 
             2023 年 11 月 14 日，公司召开了第二届监事会第十二次会议，审议通过了
         《关于与五矿集团财务有限责任公司签订<金融服务协议之补充协议（二）>暨关
         联交易的议案》，关联监事吴世忠先生、赵增山先生已回避表决。 
             （二）独立董事事前认可意见和独立意见 
           公司独立董事对上述议案进行了事前认可并发表了明确同意的独立意见。 
             （三）审计委员会意见 
           公司与五矿财务公司签署的《金融服务协议之补充协议（二）》符合公司业
         务发展需要，交易各方均遵循了自愿、公平、公正的原则，交易公允，有利于优
         化公司财务管理、提高资金使用效率，不存在损害公司及股东、特别是中小股东
         利益的行为。因此，我们同意将本议案提交董事会审议。 
             （四）本次关联交易尚须履行的决策程序 
           本次关联交易尚须获得股东大会的批准，与该关联交易有利害关系的关联人
         将回避表决。 
   
                             4 
           六、保荐机构核查意见 
           经核查，保荐机构中信证券、五矿证券认为：公司本次关联交易履行了必要
         的程序，已经公司第二届董事会第十三次会议和第二届监事会第十二次会议审议
         通过，关联董事回避表决，独立董事进行了事前认可并发表了明确同意的独立意
         见，审计委员会发表了明确同意的意见，本次关联交易尚须股东大会审议。本次
         关联交易决策程序符合有关法律、法规和《公司章程》的相关规定。保荐机构对
         公司本次关联交易无异议。 ","688779","2023-11-14"
f902ec3a-0e35-4b80-a6ad-79cd5368b2f3,亿纬锂能：2022年第一次临时股东大会决议公告,"                   惠州亿纬锂能股份有限公司 
                 2022 年第一次临时股东大会决议公告 
 
           公司及董事会全体成员保证信息披露的内容真实、准确、完整，没有虚假记
         载、误导性陈述或重大遗漏。 
   
          一、会议召开情况 
          1、会议召开时间： 
          （1）现场会议召开时间：2022年1月28日（星期五）14:30开始。 
            （2）网络投票时间：通过深圳证券交易所（以下简称“深交所”）交易系统进行
       网络投票的具体时间为2022年1月28日9:15—9:25，9:30—11:30和13:00—15:00；通过深
       交所互联网投票的具体时间为2022年1月28日9:15—15:00。 
            2、现场会议召开地点：惠州亿纬锂能股份有限公司（以下简称“公司”）总部
       A1-12号会议室，惠州市仲恺高新区惠风七路38号。 
            3、会议召开方式：采取现场投票和网络投票相结合的方式。 
            4、会议召集人：公司董事会。 
            5、会议主持人：董事刘建华先生。 
            会议的召集、召开符合《中华人民共和国公司法》《上市公司股东大会规则》《深
       圳证券交易所创业板股票上市规则》及《公司章程》等有关规定。 
            二、会议出席情况 
          1、出席本次会议的股东及股东代表60人，代表公司股份733,792,137股，占公司总
       股本的38.6463%。 
            其中，出席现场会议的股东及股东代表共6人，代表公司股份639,659,992股，占公
       司总股 本的 33.6887% ；通过 网络投 票的 股 东及股 东代表 共 54 人 ，代表 公司股份
       94,132,145股，占公司总股本的4.9576%。 
            通过现场和网络参加本次会议的除上市公司董监高及单独或者合计持有上市公司
       5%以上股份股东以外的其他股东共计54人，代表股份94,132,145股，占公司总股本的
                               1 / 3 
 
       4.9576%。 
            2、公司部分董事、监事及见证律师出席了本次会议，公司部分高级管理人员列席
       了本次会议。 
            三、议案审议与表决情况 
          本次股东大会采取现场投票和网络投票相结合的表决方式审议了以下议案：  
          1、审议通过了《关于公司及惠州亿纬动力投资建设动力电池研发中心大楼项目的
       议案》 
          表决结果为： 
          同意733,460,164股，同意股数占出席会议有效表决权股份总数的99.9548%； 
          反对312,173股，反对股数占出席会议有效表决权股份总数的0.0425%； 
          弃权19,800股，弃权股数占出席会议有效表决权股份总数的0.0027%。 
            其中，出席会议的除上市公司董监高及单独或者合计持有上市公司5%以上股份股
       东以外的其他股东表决结果为： 
          同意93,800,172股，同意股数占出席会议有效表决权股份总数的12.7829%； 
          反对312,173股，反对股数占出席会议有效表决权股份总数的0.0425%； 
          弃权19,800股，弃权股数占出席会议有效表决权股份总数的0.0027%。 
            本议案获得通过。 
            2、审议通过了《关于对子公司提供担保的议案》 
          表决结果为： 
          同意703,748,406股，同意股数占出席会议有效表决权股份总数的95.9057%； 
          反对30,023,931股，反对股数占出席会议有效表决权股份总数的4.0916%； 
          弃权19,800股，弃权股数占出席会议有效表决权股份总数的0.0027%。 
            其中，出席会议的除上市公司董监高及单独或者合计持有上市公司5%以上股份股
       东以外的其他股东表决结果为： 
          同意64,088,414股，同意股数占出席会议有效表决权股份总数的8.7339%； 
          反对30,023,931股，反对股数占出席会议有效表决权股份总数的4.0916%； 
          弃权19,800股，弃权股数占出席会议有效表决权股份总数的0.0027%。 
                                 2 / 3 
 
          本议案为特别决议事项，已经出席股东大会有表决权的股东及股东授权委托代表
       所持表决权总数三分之二以上同意通过。 
            3、审议通过了《关于子公司拟对外提供财务资助的议案》 
          表决结果为： 
          同意733,460,164股，同意股数占出席会议有效表决权股份总数的99.9548%； 
          反对312,173股，反对股数占出席会议有效表决权股份总数的0.0425%； 
          弃权19,800股，弃权股数占出席会议有效表决权股份总数的0.0027%。 
            其中，出席会议的除上市公司董监高及单独或者合计持有上市公司5%以上股份股
       东以外的其他股东表决结果为： 
          同意93,800,172股，同意股数占出席会议有效表决权股份总数的12.7829%； 
          反对312,173股，反对股数占出席会议有效表决权股份总数的0.0425%； 
          弃权19,800股，弃权股数占出席会议有效表决权股份总数的0.0027%。 
            本议案获得通过。 
            四、律师出具的法律意见 
          广东伟伦律师事务所指派张楚怡律师、游越律师出席了本次股东大会，进行现场
       见证并出具法律意见书。该法律意见书认为：公司本次股东大会的召集、召开程序、
       出席会议人员和召集人的资格、表决程序和表决结果等相关事宜符合《公司法》等法
       律、法规、 规范性文件及《公司章程》、《公司股东大会议事规则》的规定，本次股
       东大会通过的决议合法有效。 
            五、备查文件 
          1、2022年第一次临时股东大会决议； 
          2、广东伟伦律师事务所出具的关于惠州亿纬锂能股份有限公司2022年第一次临时
       股东大会法律意见书。 
            特此公告。 
   
                                  惠州亿纬锂能股份有限公司董事会 
                                       2022 年 1 月 28 日   
                               3 / 3 
 
","300014","2022-01-28"
"7177eafd-14bd-4cc9-8bdf-2c9321eb7999",久吾高科：关于收到金海锂业（青海）有限公司签约通知书的公告,"证券代码：300631        证券简称：久吾高科       公告编号：2022-001 
 
                   江苏久吾高科技股份有限公司 
                 关于收到金海锂业（青海）有限公司 
                       签约通知书的公告 
           本公司及董事会全体成员保证信息披露的内容真实、准确和完整，没有虚假
         记载、误导性陈述或重大遗漏。 
   
           特别提示： 
           公司尚未与金海锂业就本次氯化锂中试项目签订书面合同，合同签订及合
         同具体条款尚存在不确定性，敬请广大投资者注意投资风险。 
   
           近日，江苏久吾高科技股份有限公司（以下简称“公司”）收到了金海锂业
         （青海）有限公司（以下简称“金海锂业”）发出的关于“金海锂业（青海）有
         限公司1000吨/年氯化锂中试EPC采购项目”（以下简称“氯化锂中试项目”）签
         约通知书。根据通知书内容，金海锂业拟将氯化锂中试项目交给公司制造完成，
         公司拟于收到通知书10日内派遣授权代表与金海锂业洽谈合同签订的相关事宜，
         将现将有关情况公告如下： 
           一、签约通知书的主要内容 
           1、工程名称：金海锂业（青海）有限公司1000吨/年氯化锂中试EPC采购项
         目 
           2、实施地点：青海省海西州循环经济实验区大柴旦工业园 
           3、合同价格：暂定总价6,500.00万元 
           4、工程范围：金海锂业（青海）有限公司1000 吨/年氯化锂中试EPC采购项
         目（详见合同） 
           5、施工进度要求：2022年3月1日前完成所有施工图设计；2022年4月16日具
         备投料条件 
           6、其他：具体事宜，以双方实际签署的合同为准。 
             二、对公司的影响 
           氯化锂主要用于生产金属锂，金属锂是下一代锂电池的重要材料，如本次氯
         化锂中试项目合同顺利签订并实施完成，将有利于对公司“吸附+膜法”原卤提
         取氯化锂工艺可行性进行验证及优化，进一步提升公司在盐湖提锂领域的研发应
         用水平以及业务承接能力，对公司的经营发展有一定积极影响。 
             三、风险提示 
           截至本公告披露之日，公司尚未与金海锂业就该项目签订书面合同，合同签
         订及合同条款尚存在不确定性，合同金额及其他具体内容以最终签署的合同为准；
         同时，中试结果尚需进一步验证，敬请广大投资者注意投资风险。 
   
           特此公告。 
   
                                  江苏久吾高科技股份有限公司 
                                            董事会 
                                        2022 年 1 月 4 日","300631","2022-01-04"
ann_20250625150948_0,湖南长远锂科股份有限公司独立董事关于第二届董事会第十三次会议相关事项的独立意见,根据《中华人民共和国公司法》《上海证券交易所科创板股票上市规则》《湖南长远锂科股份有限公司章程》《湖南长远锂科股份有限公司独立董事工作管理办法》等相关法律、法规及规范性文件的规定，我们作为湖南长远锂科股份有限公司（以下简称“公司”）的独立董事，认真审查了公司第二届董事会第十三次会议的会议材料，经审慎分析，本着认真、负责、独立判断的态度，现发表独立意见。,"688779","2023-11-14"
"0445047a-ac1b-47c7-97f0-4867d5358f67",赣锋锂业：2021年年度业绩预告,"证券代码：002460  
证券简称：赣锋锂业  
编号：临2021-003  

江西赣锋锂业股份有限公司

2021年年度业绩预告

本公司及董事会全体成员保证公告内容的真实、准确和完整，没有虚假记载、误导性陈述或重大遗漏。  

一、本期业绩预计情况
业绩预告期间：2021年1月1日—2021年12月31日  

预计的经营业绩：同向上升  

归属于上市公司股东的净利润  
2021年预计盈利：480,000万元–550,000万元，比上年同期增长368.45%–436.76%。  
上年同期盈利：102,465.85万元。  

扣除非经常性损益后的净利润  
2021年预计盈利：290,000万元–360,000万元，比上年同期增长621.00%–795.04%。  
上年同期盈利：40,221.76万元。  

基本每股收益  
2021年预计盈利：3.43元/股–3.93元/股。  
上年同期盈利：0.79元/股。  

注：公司于2021年取得对Bacanora公司、Sonora公司等的控制权，目前相关评估工作尚在进行中，以上预测数据不含将其纳入合并范围对财务报表的影响。  

二、与会计师事务所沟通情况

本次业绩预告相关数据是公司财务部门初步测算的结果，未经会计师事务所审计。公司已就业绩预告有关事项与年报审计会计师事务所进行了预沟通，公司与会计师事务所在本报告期的业绩预告方面不存在分歧。  

三、业绩变动原因
本报告期内，随着新能源汽车及储能行业的快速发展，下游客户对锂盐的需求强劲增长，公司锂盐产品产销量增加且产品价格不断上涨，公司锂电池板块新建项目陆续投产、产能逐步释放，故公司经营性净利润同比增长；  

本报告期内，公司持有的金融资产产生公允价值变动收益，导致公司非经常性收益同比增长。  

四、其他相关说明

本次业绩预告是公司财务部门初步测算的结果，未经注册会计师审计，具体财务数据请以公司披露的2021年年度报告为准。敬请广大投资者谨慎决策，注意投资风险。  

特此公告。  

江西赣锋锂业股份有限公司  
董事会  
2022年1月25日","002460","2022-01-25"
d20808c5-36b2-4373-b9c6-cff57d0a515c,江苏国泰：关于控股子公司对外投资设立全资子公司建设年产30万吨锂离子电池电解液项目的公告,"​​证券代码：002091​​
​​证券简称：江苏国泰​​
​​公告编号：2022-06​​
​​转债代码：127040​​
​​转债简称：国泰转债​​

江苏国泰国际集团股份有限公司
关于控股子公司对外投资设立全资子公司建设年产30万吨锂离子电池电解液项目的公告
​​本公司及董事会全体成员保证信息披露内容的真实、准确、完整，没有虚假记载、误导性陈述或重大遗漏。​​

一、对外投资概述
​​基本情况​​
公司控股子公司江苏瑞泰新能源材料股份有限公司（以下简称""瑞泰新材""）拟以自有或自筹资金50,000万元设立全资子公司衢州瑞泰新能源材料有限公司（暂定名，以下简称""衢州瑞泰公司""）投资建设年产30万吨锂离子电池电解液项目。项目总投资151,030万元（其中：建设投资101,030万元；铺底流动资金50,000万元）。项目建设地为浙江省衢州市衢州智造新城高新片区，建设期为24个月。
​​审议表决情况​​
2022年1月27日公司召开第八届董事会第二十五次（临时）会议审议通过了本议案，9票同意、0票弃权、0票反对。本议案无需提交公司股东大会审议。
​​交易性质​​
本次对外投资不构成关联交易，也不构成《上市公司重大资产重组管理办法》规定的重大资产重组。
​​审批要求​​
本次投资项目尚需取得相应地块的国有土地使用权，并取得国内相关部门的审批。
二、投资标的的基本情况
​​公司名称​​：衢州瑞泰新能源材料有限公司（暂定名）
​​企业类型​​：有限责任公司
​​注册资本​​：人民币50,000万元
​​股东及持股比例​​：瑞泰新材认缴50,000万元，占注册资本的100%
​​拟定经营范围​​：锂离子电池电解液的研发、生产及销售；电子专用材料制造；电子专用材料销售；电子专用材料研发；专用化学产品销售（不含危险化学品）；货物进出口（具体以市场监督管理局核准为准）
​​股权结构​​：江苏国泰国际集团股份有限公司（90.91%）→江苏瑞泰新能源材料股份有限公司（100%）→衢州瑞泰新能源材料有限公司
三、投资项目的基本情况
​​项目名称​​：年产30万吨锂离子电池电解液项目
​​建设地点​​：浙江省衢州市衢州智造新城高新片区
​​实施单位​​：衢州瑞泰新能源材料有限公司（暂定名）
​​投资预算​​：151,030万元
​​用地面积​​：约251亩（具体以后续土地出让合同为准）
​​建设期​​：24个月
​​建设投资​​：101,030万元
​​资金来源​​：自有或自筹资金
四、对外投资的目的及影响
​​投资目的​​：
扩大产能规模，降低产品成本
提升公司整体效率
抢占市场份额，提高综合竞争力
​​对公司影响​​：
短期内不会对财务状况和经营成果构成重大影响
不影响公司业务独立性
五、风险提示
​​政策风险​​：新能源汽车产业政策调整可能影响行业发展。公司将通过研发新产品、开拓新应用领域来降低风险。
​​技术风险​​：电解液配方需持续创新以适应电池材料变化。公司将加大研发投入，加强与产业链合作。
​​审批风险​​：需完成用地、环评、安评等多项审批。公司将高标准规划项目，保持与政府沟通。
​​安全环保风险​​：化工生产面临严格环保要求。公司将加大安全环保投入，完善管理体系。
​​其他风险​​：
资金筹措风险
市场变化风险
项目达产时间及效益不确定性
​​特别提示​​：本公告涉及产能等表述不构成业绩承诺，请投资者注意投资风险。

六、备查文件
公司第八届董事会第二十五次（临时）会议决议
年产30万吨锂离子电池电解液项目可行性研究报告
​​特此公告。​​

江苏国泰国际集团股份有限公司
董事会
二〇二二年一月二十八日","002091","2022-01-28"
c6692445-1edc-443e-a3b4-813ce50a41ed,江苏国泰：年产30万吨锂离子电池电解液项目可行性研究报告,"衢州瑞泰新能源材料有限公司年产30万吨锂离子电池电解液项目可行性研究报告
目录
第一章 总论........................................1
一、项目基本情况.................................1
二、建设单位概况.................................1
三、项目提出的背景及投资的意义和必要性..............2

第二章 建设规模.....................................5
一、建设规模.....................................5
二、年操作时间及操作弹性..........................5
三、产品质量指标.................................5

第三章 工艺技术方案.................................6
一、工艺技术方案的选择............................6
二、工艺流程说明.................................6
三、主要设备选择.................................6

第四章 原材料、辅助材料、燃料和动力供应...............6
一、主要原（辅）材料供应..........................6
二、水、电、汽和其它动力供应.......................6

第五章 建设条件和厂址选择............................7
一、建设地点地理位置..............................7
二、外部交通运输状况..............................7
三、公用工程状况.................................7

第六章 项目风险.....................................9

第七章 研究结论....................................11
一、研究报告的结论...............................11

第一章 总论
一、项目基本情况
（1）项目名称：年产30万吨锂离子电池电解液项目（以下称""拟建项目""）
（2）建设单位：衢州瑞泰新能源材料有限公司（以下简称""衢州瑞泰公司""最终以工商登记注册为准）
（3）建设地点：浙江省衢州市衢州智造新城高新片区
（4）项目建设用地：约251亩（最终以实际情况为准）
（5）项目总投资：本项目报批总投资151,030万元，其中建设投资101,030万元，铺底流动资金50,000万元。
（6）项目建设周期：24个月
（7）项目实施效益：年均销售收入1,065,000万元，年均净利润56,007.87万元，投资回收期5.63年（含建设期）。
（8）项目简介：衢州瑞泰公司是由江苏瑞泰新能源材料股份有限公司（以下简称""瑞泰新材""）投资设立的公司，新建年产30万吨电解液项目，包括甲类车间、机修车间（含五金仓库）、原料罐区、成品罐区、罐区尾气处理区、装卸区、装运周转区、公用工程车间、废水废气处理区、初期雨水及应急事故水池、消防循环水泵房及水池、辅助用房、仓库、综合楼、控制室等。

二、建设单位概况
瑞泰新材为江苏国泰国际集团股份有限公司下属化工新材料和新能源业务的发展平台，瑞泰新材的控股子公司张家港市国泰华荣化工新材料有限公司（以下简称""华荣化工""）主营锂离子电池电解液、硅烷偶联剂的研发、生产、销售；控股子公司江苏国泰超威新材料有限公司（以下简称""超威新材""）主营电子化学品研发、生产，产品包括锂离子电池电解质及添加剂、超级电容器电解质及电解液等。瑞泰新材依靠其在资金、技术、人才等方面的优势，在国内锂离子电池电解液领域处于优势地位，是我国乃至全球知名的锂电池电解液、电解质、添加剂的综合生产商。

三、项目提出的背景及投资的意义和必要性
（一）项目提出的背景
从碳达峰、碳中和""1+N""政策体系加速构建，到全球最大碳市场启动，再到多产业迎机遇驶入发展快车道……""十四五""开局之年，碳达峰、碳中和被写入政府工作报告，一场经济社会系统性变革在全国上下铺展开来。展望未来，我国绿色低碳转型步伐将进一步加快，随着重点领域行业碳达峰方案陆续落地，全国碳市场不断扩容，新能源汽车、风光储等新能源产业链或有更大的结构性机会。

随着新能源车和储能行业的高速发展，锂电行业到2025年将迈入Twh(10亿千瓦时)时代，新能源汽车动力电池快速增长、新兴消费领域的快速扩张以及未来""十四五""储能产业爆发，作为产业链的一环，锂离子电池电解液也将迎来黄金发展期。

从2021年开始，全球锂电市场需求有明显的提升，反观供给端，目前全产业链的产能供给相对缓慢，有效供给不足，需要大规模扩张来满足市场需求。

衢州市致力于打造绿色环保锂离子电池产业。衢州地处钱塘江源头，是浙江省重要的生态屏障，在良好的产业基础下，未来衢州市将根据国家新能源汽车发展规划和浙江省新能源汽车产业发展态势，依托当地在锂离子电池领域正极、负极、电解液和隔膜原材料的基础，吸引更多锂离子电池核心材料产业聚集衢州，同时引进高端3C电池企业和新能源汽车动力电池企业落户衢州，形成辐射浙江、安徽、江西的锂离子电池产业基地，同时适时的向下游延伸，在新能源汽车特定领域（专用车、微型车）、电动自行车领域和微电网分布式储能领域通过引进和自主发展的方式，形成下游市场，推动锂离子电池产业在衢州市的根植性发展。未来衢州市将坚持发展环保绿色产业，逐步打造出""锂离子电池基础原材料生产基地""、""锂离子电池四大材料聚集基地""、""高端锂离子电池聚集基地""、""新能源汽车和新能源储能特色生产和示范应用基地""等四大新型绿色经济增长支撑点。

（二）项目投资的意义和必要性
①项目建设符合国家产业升级需要
发展新能源汽车是国家战略。目前，全球能源和环境系统面临巨大的挑战，汽车作为石油消耗和二氧化碳排放的大户，需要进行革命性的变革。目前全球新能源汽车发展已经形成了共识。我国发展新能源汽车，是应对节能减排重大挑战的需要，同时也是汽车产业跨越式发展和提升国际竞争力的需要。

2020年11月2日，国务院办公厅印发《新能源汽车产业发展规划（2021-2035）》，规划2025年新能源汽车新车销量占比20%，到2035年实现公共领域用车全面电动化，自动驾驶智能网联等实现规模化应用。

②配套衢州锂电能源产业发展的需要
瑞泰新材的投资注入，将进一步完善和优化衢州市的产业结构，为整体产业的发展注入新的活力。其中六氟磷酸锂等原材料，均可以在衢州配套，形成更加良好的上、下游产业经济圈。

衢州鼓励发展锂电小镇，重点培育氟硅新材料，打造""锂电池基础原材料生产基地""。本项目投资为锂电池专用化学品产业，项目和衢州整体发展战略完全一致。本项目产品是锂电池电解液，产品优技术含量高，附加值高，利润、税收高，将为当地的经济发展尽自己的绵薄之力。

③符合现行产业政策
本项目产品主要为锂离子电池电解液，根据《中国高新技术产品目录》（2000年版），锂离子电池隶属新能源与高效节能类中的新型高效电池。

根据《产业结构调整指导目录（2019年本）》（国家发展和改革委员会令第29号），鼓励类第十九条""轻工""第13项""锂离子电池、氢镍电池、新型结构（双极性、铅布水平、卷绕式、管式等）密封铅蓄电池、铅碳电池、超级电池、燃料电池、锂/氟化碳电池等新型电池和超级电容器""。电解液是锂离子电池四大关键材料之一，故符合现行国家产业政策。

④符合公司扩大产能、降低成本，提高综合竞争力的目标
锂电池电解液行业由于不同的正负极材料对产品的配方、性能要求均有所不同，不同产品在进行配制和实验时需要对溶剂、添加剂以及各种添加剂的计量等均有特定的需求，对研发成本、实验成本以及人工等具有较大的成本。在新能源汽车及锂电池需求量不断提升，特别是高端客户需求量不断增长的背景下，公司只有通过扩大产能规模，才能最大化提升持续生产同一产品的时间，降低产品成本，并带动公司整体效率的提升。通过规模化的生产，公司产品质量的稳定性能够有效提高并降低生产成本，从而通过产品优势和价格优势进一步牢牢把握下游客户，形成良性循环。

本项目市场前景广阔，经济效益显著，为促进地方经济和社会发展起到了积极的作用。项目的实施可为衢州市锂电新能源行业不断发展壮大奠定基础，符合我国国民经济持续健康发展的战略目标，并有助于瑞泰新材抢占市场份额，不断提高综合竞争力。因此，项目建设是十分必要的。

第二章 建设规模
一、建设规模
在对国内电解液市场供求情况进行了详细的调查研究之后，在充分考虑市场发展潜力、企业工艺技术及企业发展总体规划等因素的基础上，确定本项目总生产规模为30万吨/年锂离子电池电解液。

二、年操作时间及操作弹性
年操作时间：7200小时；操作弹性：60～110％。

三、产品质量指标
电池电解液质量指标符合《锂离子电池用电解液》（SJ/T11723-2018）中的相关指标，产品规格见表3.3-1。

第三章 工艺技术方案
一、工艺技术方案的选择
锂离子电池电解液生产过程为物理调配过程。电解液由有机溶剂、锂盐和添加剂组成。公司拥有多项电解液方面的专利成果，工艺路线较为成熟，处于行业领先水平，并在瑞泰新材旗下的华荣化工和宁德国泰华荣新材料有限公司（以下简称""宁德国泰华荣""）实施电解液的生产。

二、工艺流程说明
项目所用的原料中，桶装原料贮存于仓库内，罐装原料贮存于罐区。桶装原料进料方式为，从仓库内整桶至车间内固定的进料区，投料时再转移至相应的釜或罐内；罐区内的原料从罐区经泵由密闭进料管输送至装置对应的釜或罐内。

三、主要设备选择
本项目涉及到的关键设备为计量罐、调配釜、储罐等，这些关键设备均采用成熟技术生产制造，设备的稳定性和安全性较高，因此技术风险很低，无超大型设备，无国家明令禁止使用的淘汰设备。

第四章 原材料、辅助材料、燃料和动力供应
一、主要原（辅）材料供应
本项目建设一条30万吨/年锂离子电池电解液生产线，项目所需原料、辅料立足于国内市场，均可以购得，而且货源相对充足，公司跟主要的供应商保持着良好的合作关系，供应能够得到保障。

二、水、电、汽和其它动力供应
本项目新鲜水、电力和蒸汽、液氮均由开发区提供，仪表空气、5℃和-10℃冷冻水由新建冷冻空压站提供，循环冷却水由冷却水站提供。

第五章 建设条件和厂址选择
一、建设地点地理位置
衢州位于浙江省西部，钱塘江上游，金（华）衢（州）盆地西端，南接福建南平，西连江西上饶、景德镇，北邻安徽黄山，东与省内金华、丽水、杭州三市相交。川陆所会，四省通衢。地理坐标为东经118°0l′～119°20′，北纬28°14′～29°30′。东西宽127.5公里，南北长140.25公里，总面积8841.12平方公里。是闽浙赣皖四省边际中心城市，浙西生态市，国家历史文化名城，国家化学工业基地。

二、外部交通运输状况
衢州市地处闽、浙、赣、皖四省交界处。东与兰溪、金华相邻，南与遂昌交界，西与江山、常山相连，北与建德、淳安接壤。

铁路：浙赣铁路从城区南相切转向西南（距巨化西境2公里）而过。巨化专用线接轨于衢州站西，转南行5.74公里到巨化，巨化自设交接站和编组站，并设有运输处负责大宗原材料和产品的铁路运输，铁路运输是巨化大宗原材料和产品的主要运输方式。浙赣铁路正在进行电气化改造，衢州站也正在向南取直迁建，完成后铁路运输能力将大大提高。

公路：区内主干道可以便捷连接市区、320国道、46省道以及杭金衢高速公路。附近由杭（州）新（安江）景（德镇）支线高速公路，甬（宁波）金（华）衢（州）高速公路，黄（山）衢（州）南（平）高速公路等。园区有30米至50米的纵向和横向主干道数条，并设有绿化带和隔离带。园区道路网与市区道路、高速公路、国省道及巨化道路网有多点相接，道路运输十分畅通。

航空：高新园区离衢州机场约7公里，已开通北京、上海、武汉、南京、厦门、青岛、广州等航线。

三、公用工程状况
1、供水
取自黄坛口水电站（乌溪江二级水电站，在巨化公司厂区南8公里处）之发电尾水，已建有人工渠道引入厂区，引水渠设计能力为24.5m3/s。黄坛口水库和上游25公里处的乌溪江水库总容量达16.38亿立方米，水量终年充沛，水质优良，水温低。高新园区供水设施齐全，可提供工业用水、生活用水等各类用水，保证园区内企业生产和生活的需要。厂区内给水管网密布，基本可达各处。

2、供电
园区内电源取自华东电网，有11万伏变电所2座。衢州高新技术产业园区电网采用110kV高压配电、10kV中压配电和380V低压配电三级电压建设园区电网。

3、供热
蒸汽：园区的供热依托巨化的供热网。巨化建有热电厂，锅炉总蒸发量1500吨/小时。正常情况下蒸汽用量根据工艺装置的需要量来调整汽轮机抽汽量，其用汽参数等级有高、中、低三个压力等级。总供热能力能满足本项目需求。

4、通讯
通讯园区内建立了以光缆为传输通道的数据通讯网络。移动电话、无线寻呼以及邮政营业微机化手段等可为园区企业提供各项优质服务。

5、排水与排污
清净废水和雨水通过厂区排水网经西排渠分别排入市政雨水管网；其它污水集中经管道输送至园区污水收集站后，再由管道输送到巨化集团公司污水处理厂统一处理。

第六章 项目风险
1、政策风险及对策
近年来，国家为了大力支持新能源汽车产业的发展，相继出台了一系列的财政补贴政策。随着新能源汽车行业的不断发展，国家将逐步退出相关的产业扶持，如果新能源汽车行业不能通过技术进步、规模效应等方法提高竞争力，行业扶持政策的调整将对整个新能源汽车产业链的发展造成不利影响，从而也给上游锂电池产业及其关键材料行业带来不利影响。

针对政策风险，公司通过积极投入研究开发新的电解液产品配方，开拓消费电子，储能领域等新的应用场景；并同时投入资源布局新的产品项目以分散经营风险，在一定程度上降低新能源汽车市场波动对公司的影响。

2、技术方面的风险及对策
在全球环保标准不断强化的背景下，为提高汽车的性能，电池厂商不断尝试新的正负极材料以实现电池产品高能量密度和高安全性。受此影响，电解液必须不断研制电解液配方种类，以适应新的正负极材料。在锂电池电解液产品方面，除了大量使用传统的六氟磷酸锂等添加剂以外，采用新型添加剂或新的电解液溶剂成为电解液企业持续研发的方向。目前，各大电解液企业纷纷开始寻求和电池企业合作开发新产品的研发方式，既保证了产品的稳定供给，也可更快开发新的产品配方。在这样的合作研发模式下，公司面临新型技术路线竞争风险。

针对技术路线风险，公司注重技术积累与开发，加大与高校、研究所及其他电池企业的合作，加大与产业链上下游合作的力度，加大原创性技术的开发，同时关注市场需求的变化，注意满足客户的需求，加快新技术转化成产品的时间，逐步确立自己在行业中的技术竞争力。

3、项目审批风险及对策
本项目需要经过多项政府报批手续，包括项目用地、立项、环评、安评、能评、规划、试生产申请、竣工验收等，各环节均可能存在审批风险。

针对审批风险，公司积极了解相关国家政策，高标准规划项目，与当地政府各部门保持沟通，使项目合规合法，符合国家及地方政府的相关规定，公司积极制定各种预案，保障项目的顺利实施。

4、安全及环保风险及对策
""十四五""时期是国家深入打好污染防治攻坚战、持续改善生态环境的五年。国家对于环保治理将不断深入，政府有可能会出台更加严苛的环保政策，对化工企业实施更严格的环保标准，安全政策要求也将进一步提高。项目实施生产后会产生一定数量的废水、废气、废液，部分原料、半成品、成品为易燃、易爆、腐蚀性或有毒物质，可能会给项目的实施带来安全、环保方面的压力，进一步影响项目的效益。

针对安全环保风险，项目严格贯彻国家安全环保方面的法律法规，接受相关部门的监督，并不断加大环保、安全方面的投入。制定更为完善的事故预警处理机制，聘请第三方专业机构完善环境、职业健康安全管理体系，依托园区及专业第三方对废水、固废、废液等进行专业处置。

第七章 研究结论
一、研究报告的结论
本报告为衢州瑞泰新能源材料有限公司年产30万吨电解液新建项目可行性研究报告，本次研究的结论如下：
（1）本项目产品电解液，根据《产业结构调整指导目录》（2019年本），属于鼓励类十九条轻工类第13项：""锂二硫化铁、锂亚硫酰氯等新型锂原电池；锂离子电池、氢镍电池、新型结构（双极性、铅布水平、卷绕式、管式等）密封铅蓄电池、铅碳电池、超级电池、燃料电池、锂/氟化碳电池等新型电池和超级电容器""范畴。
因此，从国家产业政策方面来看，项目建设是可行的。

（2）本项目的投资估算结果表明，该项目总投资151,030万元，其中建设投资101,030万元，铺底流动资金50,000万元。项目计算期内，年均销售收入1,065,000万元，年均净利润56,007.87万元，投资回收期5.63年（含建设期）。本项目的财务分析结果表明，收益率均远大于行业基准收益率，盈利能力满足行业要求，项目具有较好的财务效益，在财务上是可行的。

（3）项目贯彻了清洁生产的指导思想，通过工艺革新，对环境更加温和、友好。三废治理措施落实可靠，能达到国家规定的排放标准，对环境影","002091","2022-01-28"
"82de70fa-7d48-427e-94ce-d3b7b953960c",盛新锂能：独立董事关于第八届董事会第七次会议相关事项的独立意见,"                  盛新锂能集团股份有限公司 
          独立董事关于第八届董事会第七次会议相关事项 
                         的独立意见 
 
           根据《中华人民共和国公司法》《中华人民共和国证券法》《深圳证券交易所
         股票上市规则》《深圳证券交易所上市公司自律监管指引第 1 号——主板上市公
         司规范运作》及《盛新锂能集团股份有限公司章程》等有关规定，作为盛新锂能
         集团股份有限公司（以下简称“公司”）独立董事，我们对公司第八届董事会第
         七次会议审议的相关事项发表如下独立意见： 
           一、关于第一期限制性股票激励计划首次授予部分第三个解除限售期解除
         限售条件成就的独立意见 
           经审议，我们认为：公司第一期限制性股票激励计划首次授予部分第三个解
         除限售期解除限售的相关事项符合《上市公司股权激励管理办法》以及公司《第
         一期限制性股票激励计划（修订稿）》《第一期限制性股票激励计划实施考核管理
         办法》等相关规定，公司第一期限制性股票激励计划首次授予部分第三个解除限
         售期解除限售条件已经成就，我们对激励对象名单进行了核查，认为本次可解锁
         的激励对象已满足激励计划规定的解锁条件（包括公司整体业绩条件与激励对象
         个人绩效考核条件等），激励对象可解除限售的限制性股票数量与其在考核年度
         内个人绩效结果相符，可解除限售的激励对象主体资格合法、有效。综上，我们
         一致同意公司按照相关规定办理第一期限制性股票激励计划首次授予部分第三
         个解除限售期解除限售相关事宜。 
             二、关于终止实施第一期限制性股票激励计划预留部分暨调整回购价格并
         回购注销相关限制性股票的独立意见 
           经审议，我们认为：公司本次终止实施第一期限制性股票激励计划预留部分
         暨调整回购价格并回购注销相关限制性股票的相关事项，符合《上市公司股权激
         励管理办法》等法律、法规的规定，符合公司激励计划的规定，不存在损害公司
         和全体股东尤其是中小股东利益的情形。综上，我们一致同意公司终止实施第一
         期限制性股票激励计划预留部分暨调整回购价格并回购注销相关限制性股票，并
         将该等事项提交公司股东大会审议。 
             三、关于 2024 年度日常关联交易预计的独立意见 
           经审议，我们认为：公司本次 2024 年度日常关联交易预计事项为公司正常
         经营业务所需，属于正当的商业行为，遵循市场化原则进行，公平合理、定价公
         允，不存在损害公司及非关联股东利益的情形。公司董事会在作出有关关联交易
         决议的过程中，履行了诚实信用和勤勉尽责的义务，关联董事依据有关规定回避
         表决，符合相关法律法规和《公司章程》的规定，不会对公司的持续经营带来重
         大的不确定性风险。综上，我们一致同意公司 2024 年度日常关联交易预计的议
         案，并同意将该议案提交公司股东大会审议。 
             关于公司日常关联交易实际发生情况与预计存在较大差异的说明：经核查，
         公司根据市场和实际生产经营情况确定日常关联交易实际发生额，导致与预计金
         额存在较大差异。上述交易遵循了“公平、公正、公允”的原则，符合公司业务
         发展需要，未发现损害公司及全体股东利益特别是中小股东利益的情形。 
             四、关于修订 2021 年员工持股计划及相关文件的独立意见 
           经审议，我们认为：公司根据股东大会的授权，对员工持股计划及其摘要、
         员工持股计划管理办法根据监管部门的最新规定进行的修订，不存在损害公司和
         全体股东尤其是中小股东利益的情形。综上，我们一致同意公司修订本次员工持
         股计划及其摘要、员工持股计划管理办法。 
             五、关于增加商品期货套期保值业务品种的独立意见 
           经审议，我们认为：本次增加商品期货套期保值业务品种，有利于降低原材
         料价格波动风险，符合公司业务发展及日常经营需要，有利于公司长期稳健发展，
         不存在损害公司和全体股东尤其是中小股东利益的情形。综上，我们一致同意公
         司增加商品期货套期保值业务品种。 
                           （以下无正文） 
         （此页无正文，为盛新锂能集团股份有限公司独立董事关于第八届董事会第七
         次会议相关事项的独立意见之签字页）  
 
 
 
         独立董事签署： 
 
 
 
                                                                               
            周 毅                     马 涛                      黄礼登 
 
 
                                        2023 年 12 月 12 日 
","002240","2023-12-12"
ffcba0ee-4180-4124-8cbc-8c42fd23d92e,盛新锂能：深圳市他山企业管理咨询有限公司关于盛新锂能集团股份有限公司第一期限制性股票激励计划首次授予部分第三个解除限售期解除限售条件成就的独立财务顾问报告,"深圳市他山企业管理咨询有限公司关于盛新锂能集团股份有限公司第一期限制性股票激励计划首次授予部分第三个解除限售期解除限售条件成就的独立财务顾问报告
二〇二三年十二月
深圳市他山企业管理咨询有限公司
独立财务顾问报告

目录
释 义 .......................................................................................................................................... 2
声 明 .......................................................................................................................................... 3
一、本激励计划已履行的必要程序 ........................................................................................ 4
二、关于解除限售条件成就情况的说明 ................................................................................ 8
三、本次解除限售安排 ............................................................................................................ 9
四、独立财务顾问意见 .......................................................................................................... 10
五、备查文件及备查地点 ...................................................................................................... 11

释义
在本报告中，除非上下文文意另有所指，下列词语具有如下含义：
盛新锂能、公司 指 盛新锂能集团股份有限公司（证券简称：盛新锂能；证券代码：002240）
本激励计划、本计划 指 盛新锂能集团股份有限公司第一期限制性股票激励计划
《股权激励计划（草案）》 指 《盛新锂能集团股份有限公司第一期限制性股票激励计划（草案修订稿）》
独立财务顾问报告、本报告 指 《深圳市他山企业管理咨询有限公司关于盛新锂能集团股份有限公司第一期限制性股票激励计划首次授予部分第三个解除限售期解除限售条件成就的独立财务顾问报告》
限制性股票 指 激励对象依本激励计划获授的，转让等部分权利受限的公司股票
激励对象 指 参与本激励计划的人员
授予日 指 公司向激励对象授予限制性股票的日期，授予日必须为交易日
授予价格 指 公司向激励对象授予限制性股票所确定的获授价格
限售期 指 本激励计划设定的解除限售条件尚未成就，限制性股票不得转让、抵押、质押、担保或偿还债务的期间，自限制性股票授予登记完成之日起算
解除限售期 指 本激励计划设定的解除限售条件成就之后，激励对象获授的限制性股票可以解除限售并上市流通的期间
解除限售条件 指 本激励计划设定的限制性股票解除限售所必须满足的条件
《公司法》 指 《中华人民共和国公司法》
《证券法》 指 《中华人民共和国证券法》
《管理办法》 指 《上市公司股权激励管理办法》
《公司章程》 指 《盛新锂能集团股份有限公司章程》
中国证监会 指 中国证券监督管理委员会
深交所 指 深圳证券交易所
登记结算公司 指 中国证券登记结算有限责任公司深圳分公司
本独立财务顾问、他山咨询 指 深圳市他山企业管理咨询有限公司
元、万元 指 人民币元、人民币万元

声明
他山咨询接受委托，担任盛新锂能第一期限制性股票激励计划的独立财务顾问并出具本报告。对本报告的出具，本独立财务顾问特作如下声明：

本报告系依照《公司法》《证券法》《管理办法》等法律、法规和规范性文件的规定，根据公司提供的有关资料和信息制作。公司已保证：所提供的有关本激励计划的相关资料和信息真实、准确和完整，不存在虚假记载、误导性陈述或者重大遗漏。
本独立财务顾问仅就本激励计划的可行性、是否有利于上市公司的持续发展、是否损害上市公司利益以及对股东利益的影响发表专业意见，不构成对上市公司的任何投资建议，对投资者依据本报告所做出的任何投资决策而可能产生的风险，本独立财务顾问均不承担责任。
本报告所表达的意见以下述假设为前提：国家现行的相关法律、法规及政策无重大变化；公司所处地区及行业的市场、经济、社会环境无重大变化；公司提供的资料和信息真实、准确、完整；本激励计划涉及的各方能够诚实守信的按照本激励计划及相关协议条款全面、妥善履行所有义务；本激励计划不存在其它障碍，并能够顺利完成；无其他不可抗力和不可预测因素造成重大不利影响。
本独立财务顾问遵循客观、公正、诚实信用的原则出具本报告。本报告仅供公司拟实施本激励计划之目的使用，不得用作任何其他用途。
一、本激励计划已履行的必要程序
1.2020年7月10日，公司分别召开第七届董事会第三次会议及第七届监事会第三次会议，审议通过了《关于公司<第一期限制性股票激励计划（草案）>及其摘要的议案》等议案，公司独立董事对激励计划发表了明确同意的意见。具体内容详见2020年7月11日刊登于巨潮资讯网（http://www.cninfo.com.cn）的《第一期限制性股票激励计划（草案）》等相关公告。

2.2020年8月25日，公司分别召开第七届董事会第六次会议及第七届监事会第六次会议，审议通过了《关于公司<第一期限制性股票激励计划（草案修订稿）>及其摘要的议案》等议案，公司独立董事对激励计划的修订内容发表了明确同意的意见。具体内容详见2020年8月26日刊登于巨潮资讯网（http://www.cninfo.com.cn）的《关于第一期限制性股票激励计划（草案）及摘要的修订说明公告》等相关公告。

3.公司于2020年7月15日至2020年7月24日期间，在公司及其子公司的内部宣传栏对激励计划首次授予激励对象的姓名及职务进行公示。截止公示期满，公司监事会未收到任何个人或组织对首次授予激励对象提出的异议，并于2020年9月25日在巨潮资讯网（http://www.cninfo.com.cn）刊登了《监事会关于第一期限制性股票激励计划激励对象名单审核意见及公示情况说明》。

4.2020年9月28日，公司召开2020年第三次（临时）股东大会，审议通过了《关于公司<第一期限制性股票激励计划（草案修订稿）>及其摘要的议案》等议案，同意公司实施激励计划，授权董事会办理激励计划相关事宜，并于2020年9月29日在巨潮资讯网（http://www.cninfo.com.cn）刊登了《关于第一期限制性股票激励计划内幕信息知情人及激励对象买卖公司股票情况的自查报告》。

5.2020年12月4日，公司分别召开第七届董事会第十二次会议及第七届监事会第九次会议，审议通过了《关于调整第一期限制性股票激励计划首次授予的激励对象名单及授予数量的议案》及《关于向第一期限制性股票激励计划的激励对象首次授予限制性股票的议案》，对首次授予的激励对象名单及授予数量进行了调整，并确认首次授予条件已成就，公司以人民币6.95元/股的价格向54名激励对象授予限制性股票577.5万股，该部分限制性股票的授予日为2020年12月4日，公司独立董事及监事会就相关事项发表明确的同意意见。具体内容详见2020年12月5日刊登于巨潮资讯网（http://www.cninfo.com.cn）的《关于调整第一期限制性股票激励计划首次授予的激励对象名单及授予数量的公告》（公告编号：2020-164）、《关于向第一期限制性股票激励计划的激励对象首次授予限制性股票的公告》等相关公告。

6.2021年8月3日，公司分别召开第七届董事会第二十三次会议及第七届监事会第十五次会议，审议通过了《关于回购注销部分限制性股票的议案》，拟对3名离职激励对象已获授但尚未解除限售的65,000股限制性股票回购注销，公司独立董事就相关事项发表明确的同意意见，监事会亦对拟回购注销股份的数量及涉及激励对象名单进行了核实并出具审核意见。上述议案已经公司于2021年8月19日召开的2021年第六次（临时）股东大会审议通过。具体内容详见2021年8月4日刊登于巨潮资讯网（http://www.cninfo.com.cn）的《关于回购注销部分限制性股票的公告》等相关公告。

7.2021年8月31日，公司分别召开第七届董事会第二十六次会议及第七届监事会第十七次会议，审议通过了《关于向激励对象授予预留部分限制性股票的议案》，确认预留授予条件已成就，公司拟以人民币28.61元/股的价格向49名激励对象授予限制性股票111万股，该部分限制性股票的授予日为2021年8月31日，公司独立董事就相关事项发表明确的同意意见，监事会对拟授予的激励对象名单及授予数量进了核实并出具审核意见。具体内容详见2021年9月1日刊登于巨潮资讯网（http://www.cninfo.com.cn）的《关于向激励对象授予预留部分限制性股票的公告》等相关公告。

8.2021年12月10日，公司分别召开第七届董事会第三十一次会议及第七届监事会第二十次会议，审议通过了《关于第一期限制性股票激励计划首次授予部分第一个解除限售期解除限售条件成就的议案》，确认首次授予部分第一个解除限售期解除限售条件已成就，同意公司按照激励计划的相关规定办理限制性股票首次授予部分第一个解除限售期解除限售相关事宜，监事会对限制性股票首次授予部分第一个解除限售期解除限售条件是否成就及解除限售名单进行了核实并出具审核意见。具体内容详见2021年12月11日刊登于巨潮资讯网（http://www.cninfo.com.cn）的《关于第一期限制性股票激励计划首次授予部分第一个解除限售期解除限售条件成就的公告》等相关公告。

9.2022年9月7日，公司分别召开第七届董事会第三十九次会议及第七届监事会第二十六次会议，审议通过了《关于第一期限制性股票激励计划预留授予部分第一个解除限售期解除限售条件成就的议案》及《关于调整回购价格并回购注销部分限制性股票的议案》，确认预留授予部分第一个解除限售期解除限售条件已成就，同意公司按照激励计划的相关规定办理限制性股票预留授予部分第一个解除限售期解除限售相关事宜，并拟对6名离职激励对象已获授但尚未解除限售的85,000股限制性股票回购注销。监事会对限制性股票预留授予部分第一个解除限售期解除限售条件是否成就及解除限售名单、拟回购注销股份的数量及涉及激励对象名单进行了核实并出具审核意见。独立董事就相关事项发表明确的同意意见。《关于调整回购价格并回购注销部分限制性股票的议案》已经公司于2022年9月23日召开的2022年第三次（临时）股东大会审议通过。具体内容详见2022年9月8日刊登于巨潮资讯网（http://www.cninfo.com.cn）的《关于第一期限制性股票激励计划预留授予部分第一个解除限售期解除限售条件成就的公告》《关于调整回购价格并回购注销部分限制性股票的公告》等相关公告。

10.2022年12月14日，公司分别召开第七届董事会第四十二次会议及第七届监事会第二十八次会议，审议通过了《关于第一期限制性股票激励计划首次授予部分第二个解除限售期解除限售条件成就的议案》，确认首次授予部分第二个解除限售期解除限售条件已成就，同意公司按照激励计划的相关规定办理限制性股票首次授予部分第二个解除限售期解除限售相关事宜，监事会对限制性股票首次授予部分第二个解除限售期解除限售条件是否成就及解除限售名单进行了核实并出具审核意见。具体内容详见2022年12月15日刊登于巨潮资讯网（http://www.cninfo.com.cn）的《关于第一期限制性股票激励计划首次授予部分第二个解除限售期解除限售条件成就的公告》等相关公告。

11.2023年12月12日，公司分别召开第八届董事会第七次会议及第八届监事会第六次会议，分别审议通过了《关于第一期限制性股票激励计划首次授予部分第三个解除限售期解除限售条件成就的议案》《关于终止实施第一期限制性股票激励计划预留部分暨调整回购价格并回购注销相关限制性股票的议案》，确认首次授予部分第三个解除限售期解除限售条件已成就，同意公司按照激励计划的相关规定办理解除限售相关事宜；并对预留部分2名离职激励对象已获授但尚未解除限售的合计10,000股、以及3名个人层面绩效考核不达标激励对象已获授但尚未解除限售的合计120,000股限制性股票回购注销，同时终止实施第一期限制性股票激励计划预留部分390,000股并全部回购注销。监事会对解除限售条件是否成就及解除限售名单进行了核实并出具审核意见。

二、关于解除限售条件成就情况的说明
限售期
根据公司激励计划相关规定，首次授予部分第三个解除限售期为自首次授予完成之日起36个月后的首个交易日起至首次授予完成之日起48个月内的最后一个交易日当日止，第三个解除限售期可解除限售数量占获授限制性股票数量的30%。公司首次授予部分限制性股票的上市日为2020年12月21日，公司本次激励计划首次授予部分第三个解除限售期即将于2023年12月20日届满。
公司未发生《管理办法》规定的不得实施股权激励计划的情形；任一激励对象未发生《管理办法》规定的不得成为激励对象的情形。
公司层面业绩考核
首次授予的限制性股票第三个解除限售期对应的公司层面业绩考核目标为：以2019年公司锂相关业务整体营业收入为基数，2022年公司锂相关业务整体营业收入增长率不低于300%。
首次授予的限制性股票第三个解除限售期对应的公司层面业绩考核结果为：2022年公司锂相关业务整体营业收入为1,203,660.90万元，较2019年公司锂相关业务整体营业收入50,628.83万元的增长率为2,277.42%，公司层面业绩考核达标。

个人层面绩效考核
年度绩效考核结果
优秀 良好 合格 不合格
可解除限售比例 100% 80% 0
首次授予的激励对象为54人，其中5人离职已不具备激励资格，已回购注销，其他49人2022年考核结果均为优秀或良好，个人层面可解除限售比例均为100%。

综上所述，本激励计划首次授予的限制性股票第三个解除限售期解除限售条件已成就，符合资格的49名激励对象可解除限售的限制性股票共计170.55万股。

三、本次解除限售安排
本次可解除限售的限制性股票情况如下：
激励对象 职务 已获授的限制性股票数量（万股） 本次可解除限售的股票数量（万股） 剩余未解除限售的股票数量（万股） 本次可解除限售的股票数量占已获授限制性股票总量的比例
周祎 董事长 110 33 0 30%
邓伟军 董事、总经理 85 25.5 0 30%
方轶 董事、常务副总经理 35 10.5 0 30%
姚开林 副总经理 35 10.5 0 30%
王琪 财务总监 35 10.5 0 30%
核心管理人员及核心技术（业务）骨干（44人） 268.5 80.5 0 30%
合计 568.5 170.55 0 30%

注：激励对象中周祎先生、邓伟军先生、方轶先生、姚开林先生、王琪先生分别为公司董事或高管，其所持限制性股票解除限售后，将根据《深圳证券交易所股票上市规则》《深圳证券交易所上市公司自律监管指引第1号——主板上市公司规范运作》《深圳证券交易所上市公司股东及董事、监事、高级管理人员减持股份实施细则》等法律法规和业务规则的规定进行管理。

四、独立财务顾问意见
本独立财务顾问认为：截至独立财务顾问报告出具日，本次限制性股票解除限售事项已履行现阶段必要的审议程序和信息披露义务，公司和激励对象均具备相应资格，符合《上市公司股权激励管理办法》、《第一期限制性股票激励计划（修订稿）》及其摘要的有关规定。

五、备查文件及备查地点
（一）备查文件

盛新锂能集团股份有限公司第八届董事会第七次会议决议；
盛新锂能集团股份有限公司第八届监事会第六次会议决议；
盛新锂能集团股份有限公司独立董事关于第八届董事会第七次会议相关事项的独立意见。
（二）备查地点
盛新锂能集团股份有限公司
地址：广东省深圳市福田区华富路1018号中航中心32楼3206-3207
电话：0755-82557707
传真：0755-82725977
联系人：雷利民
本独立财务顾问报告一式两份。

（此页无正文，为《深圳市他山企业管理咨询有限公司关于盛新锂能集团股份有限公司第一期限制性股票激励计划首次授予部分第三个解除限售期解除限售条件成就的独立财务顾问报告》之签署页）

独立财务顾问：深圳市他山企业管理咨询有限公司
二〇二三年十二月十二日","002240","2023-12-12"
a39dec19-1f22-4143-91fa-0a91c7a0a170,盛新锂能：内部审计制度（2023年12月）,"盛新锂能集团股份有限公司内部审计制度

第一章 总则

第一条 为加强盛新锂能集团股份有限公司（以下简称""公司""）内部审计工作，提高审计工作质量，维护公司的合法权益，促使公司持续健康发展。依据《中华人民共和国审计法》《企业内部控制基本规范》等有关法律法规和《公司章程》等规定，结合公司实际情况，制定本制度。

第二条 本制度所称的内部审计，是指公司内部审计机构和人员依据国家有关法律法规、财务会计制度和内部管理规定，对公司内部控制制度和风险管理的有效性、财务信息的真实性和完整性以及经营活动的效率和效果等开展的一种评价活动。通过内部审计，达到推动公司完善内部控制、降低经营风险、维护股东权益、提高公司价值等目的。

第三条 本制度适用于公司各部门及纳入公司合并报表范围的子公司（以下简称""被审计单位""）。

第二章 内部审计机构与审计人员

第四条 公司在董事会下设立审计委员会，并建立内部审计部门（以下简称""内审部""），对公司内部控制制度的建立和实施、公司财务信息的真实性和完整性等情况进行检查监督。

内审部应配置专职人员从事内部审计工作，且专职人员不少于二人，内审部对审计委员会负责，并向审计委员会报告工作。

各内部机构或者职能部门、控股子公司以及对公司具有重大影响的参股公司应当配合内审部依法履行职责，不得妨碍内审部的工作。

内审部应当保持独立性，不得置于财务部门的领导之下，或者与财务部门合署办公。

第五条 内审部设一名负责人，由审计委员会提名，董事会任免。公司应披露内审部负责人的学历、职称、工作经历、与公司控股股东及实际控制人是否存在关联关系等情况，并报深圳证券交易所备案。

第六条 根据公司规模、生产经营特点及有关规定，配置专职审计人员。审计人员应具备必要的专业知识、相应业务能力和良好职业道德，并通过定期或不定期的内部职业培训和后续教育来保持和提高内审工作水平和专业胜任能力。

第七条 内部审计人员应当依照法规及公司有关制度执行审计工作，忠于职守、坚持原则、勤奋工作，做到独立、客观、公正、遵纪守法、保守秘密。

第八条 内部审计人员依法行使职权，受法律保护，不受其他部门或者个人的干涉，任何部门及个人不得打击报复。

第九条 内部审计人员办理审计事项，与被审计单位、部门、人员及所办理审计事项有利害关系或利益冲突的，应当回避。

第三章 内部审计职责及权限

第十条 审计委员会在指导和监督内审部工作时，应当履行以下主要职责：
（一）指导和监督内部审计制度的建立和实施；
（二）审阅公司年度内部审计工作计划；
（三）督促公司内部审计计划的实施；
（四）指导内审部的有效运作。公司内审部须向审计委员会报告工作，内审部提交给管理层的各类审计报告、审计问题的整改计划和整改情况须同时报送审计委员会；
（五）向董事会报告内部审计工作进度、质量以及发现的重大问题等；
（六）协调内审部与会计师事务所、国家审计机构等外部审计单位之间的关系。

第十一条 内审部应当履行的主要职责：
（一）对公司各内部机构、控股子公司以及对公司具有重大影响的参股公司的内部控制制度的完整性、合理性及其实施的有效性进行检查和评估；
（二）对公司各内部机构、控股子公司以及对公司具有重大影响的参股公司的会计资料及其他有关经济资料，以及所反映的财务收支及有关的经济活动的合法性、合规性、真实性和完整性进行审计，包括财务报告、业绩快报、自愿披露的预测性财务信息等；
（三）协助建立健全反舞弊机制，确定反舞弊的重点领域、关键环节和主要内容，并在内部审计过程中合理关注和检查可能存在的舞弊行为；
（四）至少每季度向董事会或者审计委员会报告一次，内容包括但不限于内部审计计划的执行情况以及内部审计工作中发现的问题。

第十二条 内审部应当在每个会计年度结束前二个月内向董事会或者其专门委员会提交次一年度内部审计工作计划，并在每个会计年度结束后二个月内向董事会或者其专门委员会提交年度内部审计工作报告。

内审部应当将审计重要的对外投资、购买和出售资产、对外担保、关联交易、募集资金使用及信息披露事务等事项作为年度工作计划的必备内容。

内审部每季度应当向董事会或者审计委员会至少报告一次内部审计工作情况和发现的问题，并至少每年向其提交一次内部审计报告。内审部对审查过程中发现的内部控制缺陷，应当督促相关责任部门制定整改措施和整改时间，并进行内部控制的后续审查，监督整改措施的落实情况。内审部在审查过程中如发现内部控制存在重大缺陷或者重大风险，应当及时向董事会或者审计委员会报告。

公司应当根据自身经营特点和实际状况，制定公司内部控制自查制度和年度内部控制自查计划。公司应当要求各内部机构（含分支机构）、控股子公司积极配合内审部的检查监督，必要时可以要求其定期进行自查。

公司内审部应当至少每季度对募集资金的存放与使用情况检查一次，并及时向审计委员会报告检查结果。公司审计委员会认为公司募集资金管理存在违规情形、重大风险或者内审部没有按前款规定提交检查结果报告的，应当及时向董事会报告。董事会应当在收到报告后二个交易日内向深圳证券交易所报告并公告。

第十三条 内审部应当以业务环节为基础开展审计工作，并根据实际情况，对与财务报告和信息披露事务相关的内部控制设计的合理性和实施的有效性进行评价。

第十四条 内部审计应当涵盖上市公司经营活动中与财务报告和信息披露事务相关的所有业务环节，包括：销货与收款、采购及付款、存货管理、固定资产管理、资金管理（包括投资融资管理）、人力资源管理、信息系统管理和信息披露事务管理等。

第十五条 内部审计人员获取的审计证据应当具备充分性、相关性和可靠性。内部审计人员应当将获取审计证据的名称、来源、内容、时间等信息清晰、完整地记录在工作底稿中。内审部应当建立工作底稿制度，并依据法律法规的规定，建立相应的档案管理制度，明确内部审计工作报告、工作底稿及相关资料的保存时间。

第十六条 内审部的主要权限：
（一）根据内部审计工作的需要，有权要求相关部门按时报送计划、预算、决算、报表和有关文件、资料等；
（二）有权检查凭证、帐表、资金和财产，检测财务会计软件，查阅有关的文件和资料，审查费用、成本管理状况，相关部门必须如实提供，不得拒绝、隐匿和销毁；
（三）有权对审计中涉及的有关事项，进行调查并索取证明材料；
（四）对阻挠、破坏审计工作以及拒绝提供有关资料的行为，经董事长批准有权采取必要的临时措施，并提出追究有关人员责任的建议；
（五）对违反财经法纪和大量浪费被审计单位资源的直接责任人和相关负责人，可建议公司董事会给予惩罚，情节特别严重的可建议移送司法机关依法追究法律责任。

第四章 审计范围与内容

第十七条 内部审计的范围：
（一）公司各部门；
（二）公司控制的全资子公司、控股子公司及其控股、控制的所有关联企业及其他纳入公司合并报表范围的子公司。

第十八条 内部审计的内容：
（一）财务审计：对公司财务计划、财务预算执行情况、财务收支的合法性、真实性、效益性等进行监督检查；对财务管理和财产管理情况进行监督评价；
（二）内控审计：对公司内部控制系统的合法性、健全性和有效性进行测评和监督检查。包括：销售与收款、采购及付款、存货管理、固定资产管理、资金管理、投资与融资管理、人力资源管理、信息系统管理和信息披露事务管理等；
（三）基建项目审计：对基本建设、技术改造等工程项目计划、立项、合同签订、合同执行、项目风险控制及项目收益性等情况进行内部审计；
（四）经济责任审计：对公司及下属各单位、各级子公司主要领导调动、免职、辞职、退休等情况下，根据董事会、审计委员会要求进行任期经济责任审计或离任审计；
（五）专项审计：对与公司经济活动有关的特定事项，向公司有关部门或个人进行专项审计调查，并向董事会、审计委员会报告审计调查结果；
（六）公司内部控制自我评价：对公司内部控制进行评价，提交公司内部控制自我评价报告；
（七）董事会、审计委员会及其授权的管理层安排的其他审计任务。

第五章 重大事项审计

第十九条 内审部应当在重要的对外投资事项发生后及时进行审计。在审计对外投资事项时应重点关注以下内容：
（一）对外投资是否按照有关规定履行审批程序；
（二）是否按照审批内容订立合同，合同是否正常履行；
（三）是否指派专人或成立专门机构负责研究和评估重大投资项目的可行性、投资风险和投资收益，并跟踪监督重大投资项目的进展情况；
（四）涉及委托理财事项的，关注公司是否将委托理财审批权力授予公司经营管理层行使，受托方诚信记录、经营状况和财务状况是否良好，是否指派专人跟踪监督委托理财的进展情况；
（五）涉及证券投资事项的，关注公司是否针对证券投资行为建立专门内部控制制度，投资规模是否影响公司正常经营，资金来源是否为自有资金，投资风险是否超出公司可承受范围，是否使用他人账户或向他人提供资金进行证券投资，保荐机构是否发表意见（如适用）。

第二十条 内审部应当在重要的购买和出售资产事项发生后及时进行审计。在审计购买和出售资产事项时，应当重点关注以下内容：
（一）购买和出售资产是否按照有关规定履行审批程序；
（二）是否按照审批内容订立合同，合同是否正常履行；
（三）购入资产的运营状况是否与预期一致；
（四）购入资产有无设定担保、抵押、质押及其他限制转让的情况，是否涉及诉讼、仲裁及其他重大争议事项。

第二十一条 内审部应当在重要的对外担保事项发生后及时进行审计。在审计对外担保事项时，应当重点关注以下内容：
（一）对外担保是否按照有关规定履行审批程序；
（二）担保风险是否超出公司可承受范围，被担保方的诚信记录、经营状况和财务状况是否良好；
（三）被担保方是否提供反担保，反担保是否具有可实施性；
（四）保荐机构是否发表意见（如适用）；
（五）是否指派专人持续关注被担保方的经营状况和财务状况。

第二十二条 内审部应当在重要的关联交易事项发生后及时进行审计。在审计关联交易事项时，应当重点关注以下内容：
（一）是否确定关联方名单，并及时予以更新；
（二）关联交易是否按照有关规定履行审批程序，审议关联交易时关联股东或关联董事是否回避表决；
（三）保荐机构是否发表意见（如适用）；
（四）关联交易是否签订书面协议，交易双方的权利义务及法律责任是否明确；
（五）交易标的有无设定担保、抵押、质押及其他限制转让的情况，是否涉及诉讼、仲裁及其他重大争议事项；
（六）交易对手方的诚信记录、经营状况和财务状况是否良好；
（七）关联交易定价是否公允，是否已按照有关规定对交易标的进行审计或评估，关联交易是否会侵占上市公司利益。

第二十三条 内审部应当至少每季度对募集资金的存放与使用情况进行一次审计，并对募集资金使用的真实性和合规性发表意见。在审计募集资金使用情况时，应当重点关注以下内容：
（一）募集资金是否存放于董事会决定的专项账户集中管理，公司是否与存放募集资金的商业银行、保荐机构签订三方监管协议；
（二）是否按照发行申请文件中承诺的募集资金投资计划使用募集资金，募集资金项目投资进度是否符合计划进度，投资收益是否与预期相符；
（三）是否将募集资金用于质押、委托贷款或其他变相改变募集资金用途的投资，募集资金是否存在被占用或挪用现象；
（四）发生以募集资金置换预先已投入募集资金项目的自有资金、用闲置募集资金暂时补充流动资金、变更募集资金投向等事项时，是否按照有关规定履行审批程序和信息披露义务，监事会和保荐机构是否按照有关规定发表意见（如适用）。

第二十四条 内审部应当在业绩快报对外披露前，对业绩快报进行审计。在审计业绩快报时，应当重点关注以下内容：
（一）是否遵守《企业会计准则》及相关规定；
（二）会计政策与会计估计是否合理，是否发生变更；
（三）是否存在重大异常事项；
（四）是否满足持续经营假设；
（五）与财务报告相关的内部控制是否存在重大缺陷或重大风险。

第二十五条 内审部在审查和评价信息披露事务管理制度的建立和实施情况时，应当重点关注以下内容：
（一）公司是否已按照有关规定制定信息披露事务管理制度及相关制度；
（二）是否明确规定重大信息的范围、内容和重大信息的传递、审核、披露流程；
（三）是否制定未公开重大信息的保密措施，明确内幕信息知情人的范围和保密责任；
（四）是否明确规定公司及其董事、监事、高级管理人员、股东、实际控制人等相关信息披露义务人在信息披露事务中的权利和义务；
（五）公司、控股股东及实际控制人存在公开承诺事项的，公司是否指派专人跟踪承诺的履行情况；
（六）信息披露事务管理制度及相关制度是否得到有效实施。

第六章 审计工作程序

第二十六条 审计工作计划：内审部根据公司的具体情况，确定审计工作重点，拟定审计项目计划，报董事会审计委员会批准后实施。

第二十七条 审计方案：根据被审公司具体情况，制定审计工作方案。

第二十八条 实施审计：审计人员通过审查会计凭证、账簿、报表和查阅与审计事项有关的文件、资料、实物，向有关公司（部门）或个人调查等方式进行审计，并取得证明材料，记录审计工作底稿。

第二十九条 审计报告：审计小组对审计事项实施审计后，应当向公司内审部提交审计报告，审计小组提交审计报告前应当征求被审公司（部门）意见，被审公司（部门）应在审计报告指定期限内提出书面意见。

第三十条 审计结论和审计决定：被审公司应按审计意见书或审计结论和决定及时作出处理，并在审计结论和意见书规定时间内将处理结果报告公司内审部。对审计意见和决定如有异议，可以向公司董事会提出，裁决处理。

第三十一条 后续审计：对重要的审计项目，实行后续审计，一般在审计决定下达执行一定时期后进行，检查审计意见和决定的执行情况。

第三十二条 公司内审部对办理的审计事项必须建立审计档案，按照规定管理。

第七章 奖惩

第三十三条 对执行本制度工作成绩显著的有关部门和个人，内审部可以向审计委员会提出给予表扬或奖励的建议。

第三十四条 对违反本制度，有下列行为之一的下属单位及个人，由公司根据情节轻重给予处分、经济处罚、解除劳动关系，或提请有关部门进行处理：
（一）拒绝提供帐簿、会计报表、资料和证明材料或者提供虚假资料的；
（二）阻挠审计人员行使职权，抗拒、破坏监督检查的；
（三）弄虚作假、隐瞒事实真相的；
（四）拒不执行审计意见书或审计结论和决定的；
（五）打击报复审计工作人员和检举人的。

第三十五条 内部审计工作人员违反本制度规定，有下列行为之一，由公司根据情节轻重给予处分，给公司造成损失的应当承担赔偿责任，构成犯罪的依法追究刑事责任：
（一）利用职权谋取私利的；
（二）弄虚作假、徇私舞弊的；
（三）玩忽职守，给被审公司造成损失的；
（四）泄露被审公司商业机密的。

第八章 附则

第三十六条 本制度未尽事宜，应当依照有关法律、法规、规范性文件和《公司章程》的规定执行；本制度如与国家此后颁布的法律、法规或经合法程序修改后的《公司章程》相抵触时，按国家有关法律、法规和《公司章程》的规定执行。

第三十七条 本制度自公司董事会审议通过之日起实施，修订时亦同。

第三十八条 本制度由公司董事会负责解释和修订。

盛新锂能集团股份有限公司  
董事会  
二〇二三年十二月","002240","2023-12-13"
"36091afe-310b-4590-9cb3-92105ee8bc97",盛新锂能：关于召开2023年第三次（临时）股东大会的通知,"盛新锂能集团股份有限公司关于召开2023年第三次（临时）股东大会的通知

证券代码：002240  
证券简称：盛新锂能  
公告编号：2023-121  

本公司及董事会全体成员保证信息披露内容的真实、准确和完整，没有虚假记载、误导性陈述或重大遗漏。

盛新锂能集团股份有限公司（以下简称""公司""）第八届董事会第七次会议决定于2023年12月28日（周四）下午14:30以现场与网络投票相结合的方式召开公司2023年第三次（临时）股东大会。现将本次股东大会的有关事项通知如下：

一、召开会议的基本情况

（一）会议召集人

公司第八届董事会

（二）会议召开合法性、合规性

本次股东大会会议符合有关法律、行政法规、部门规章，规范性文件和公司章程的规定。

（三）会议召开时间
现场会议时间：2023年12月28日（周四）下午14:30开始  

网络投票时间：2023年12月28日（周四）  

其中，通过深圳证券交易所交易系统进行网络投票的具体时间为：2023年12月28日上午9:15－9:25，9:30－11:30，下午13:00－15:00；通过深圳证券交易所互联网投票系统投票的具体时间为：2023年12月28日上午9:15至2023年12月28日下午15:00期间的任意时间。

（四）现场会议召开地点

四川省成都市高新区天府三街199号太平洋保险金融大厦B区15楼会议室。

（五）会议召开方式

现场表决与网络投票相结合方式  
现场投票：股东本人出席现场会议或者通过授权委托书委托他人出席现场会议。  

网络投票：公司将通过深圳证券交易所交易系统和互联网投票系统（http://wltp.cninfo.com.cn）向全体股东提供网络投票平台，股东可以在网络投票时间内通过上述系统行使表决权。同一股份只能选择现场投票、网络投票或符合规定的其他投票方式中的一种表决方式。同一表决权出现重复表决的以第一次投票结果为准。

（六）股权登记日

2023年12月25日（周一）

（七）会议出席对象
截至2023年12月25日（周一）交易结束后在中国证券登记结算有限责任公司深圳分公司登记在册的股东均有权出席本次股东大会，并可以书面委托代理人出席会议和参加表决，该股东代理人不必是公司股东；  

本公司董事、监事及高级管理人员；  

本公司聘请的见证律师；  

根据相关法规应当出席股东大会的其他人员。

二、会议审议事项

本次股东大会审议事项如下：

提案编码 提案名称
 备注（该列打勾的栏目可以投票）

100 总议案：除累积投票提案外的所有议案
 非累积投票提案
1.00 《关于终止实施第一期限制性股票激励计划预留部分暨调整回购价格并回购注销相关限制性股票的议案》
 √
2.00 《关于2024年度日常关联交易预计的议案》
 √
3.00 《关于修订<公司章程>部分条款的议案》
 √
4.00 《关于修订<董事会议事规则>的议案》
 √
5.00 《关于修订<独立董事制度>的议案》
 √
6.00 《关于修订<关联交易管理制度>等3项制度的议案》
 √

与上述关联交易有利害关系的关联股东须回避表决。

议案（一）（三）属于股东大会特别决议事项，应当由出席股东大会的股东（包括股东代理人）所持表决权的2/3以上通过。

根据《上市公司股东大会规则》等规则的要求，本次会议审议的上述议案需对中小投资者的表决单独计票并披露。中小投资者指除单独或合计持有上市公司5%以上股份的股东、公司董事、监事、高级管理人员以外的其他股东。

上述议案已经公司第八届董事会第七次会议审议通过，具体内容详见同日刊登于《中国证券报》《证券时报》和巨潮资讯网（www.cninfo.com.cn）的公司相关公告。

三、现场会议登记方法

（一）登记方式
法人股股东由法定代表人出席的，凭营业执照复印件、持股证明、法定代表人身份证以及法定代表人资格证明；授权委托代理人出席的，凭营业执照复印件、持股证明、法定代表人授权委托书、法定代表人资格证明、法定代表人身份证复印件和本人身份证办理登记。  

个人股东凭本人身份证或其他能够表明其身份的有效证件或证明、股票账户卡和持股证明登记；授权委托代理人持本人有效身份证件、授权委托书和委托人的身份证复印件、股票账户卡复印件及持股证明办理登记。  

异地股东可采用书面信函、传真、电子邮件的方式登记。

（二）登记时间

2023年12月26日（上午9:00-12:00；下午14:00-17:00）

（三）登记地点

盛新锂能集团股份有限公司董事会办公室（深圳市福田区华富路1018号中航中心32楼3206-3207），信函上请注明""股东大会""字样

联系人：王姗姗  
电话：0755-82557707  
传真：0755-82725977  
电子邮箱：002240@cxlithium.com  
邮编：518031

四、参加网络投票的具体操作流程

本次股东大会向股东提供网络投票平台，股东可以通过深交所交易系统和互联网投票系统（http://wltp.cninfo.com.cn）参加投票。网络投票的具体操作流程见附件1。

五、其他

（一）联系方式

会议联系人：王姗姗  
联系部门：盛新锂能集团股份有限公司董事会办公室  
电话：0755-82557707  
传真：0755-82725977  
联系地址：深圳市福田区华富路1018号中航中心32楼3206-3207  
邮编：518031

（二）会期半天，与会股东食宿和交通自理；

（三）出席会议的股东需出示登记手续中所列明的文件。

特此公告。

盛新锂能集团股份有限公司  
董事会  
二○二三年十二月十二日

附件1：参加网络投票的具体操作流程

一、网络投票的程序
普通股的投票代码与投票简称：投票代码为""362240""，投票简称为""盛新投票""。  

填报表决意见或选举票数。  

对于非累积投票提案，填报表决意见：同意、反对、弃权。  
股东对总议案进行投票，视为对除累积投票议案外的其他所有议案表达相同意见  

在股东对同一议案出现总议案与分议案重复投票时，以第一次有效投票为准。如股东先对分议案投票表决，再对总议案投票表决，则以已投票表决的分议案的表决意见为准，其他未表决的议案以总议案的表决意见为准；如先对总议案投票表决，再对分议案投票表决，则以总议案的表决意见为准。

二、通过深交所交易系统投票的程序
投票时间：2023年12月28日上午9:15－9:25，9:30－11:30，下午13:00－15:00。  

股东可以登录证券公司交易客户端通过交易系统投票。

三、通过互联网投票系统的投票程序
投票时间：2023年12月28日上午9:15至2023年12月28日下午15:00期间的任意时间。  

股东通过互联网投票系统进行网络投票，需按照《深圳证券交易所投资者网络服务身份认证业务指引》的规定办理身份认证，取得""深交所数字证书""或""深交所投资者服务密码""。  

股东根据获取的服务密码或数字证书，可登录http://wltp.cninfo.com.cn在规定时间内通过深交所互联网投票系统进行投票。

附件2：授权委托书

兹全权委托先生（女士）代表我单位（个人），出席盛新锂能集团股份有限公司2023年第三次（临时）股东大会，受托人有权依照本授权委托书的指示对该次会议审议的议案进行投票表决，并代为签署该次会议需要签署的相关文件。

提案编码 提案名称 备注（该列打勾的栏目可以投票） 同意 反对
 弃权

100 总议案：除累积投票提案外的所有议案 非累积投票提案 √
1.00 《关于终止实施第一期限制性股票激励计划预留部分暨调整回购价格并回购注销相关限制性股票的议案》 √
2.00 《关于2024年度日常关联交易预计的议案》 √
3.00 《关于修订<公司章程>部分条款的议案》 √
4.00 《关于修订<董事会议事规则>的议案》 √
5.00 《关于修订<独立董事制度>的议案》 √
6.00 《关于修订<关联交易管理制度>等3项制度的议案》 √
 

说明：  
如欲投票同意提案，请在""同意""栏内相应地方填上""√""；如欲投票反对提案，请在""反对""栏内相应地方填上""√""；如欲投票弃权提案，请在""弃权""栏内相应地方填上""√""。对累积投票议案则填写选举票数。  

授权委托书剪报、复印或按以上格式自制均有效；单位委托须加盖单位公章。

委托书有效期限：自签署日至本次股东大会结束  
委托人姓名或名称（签章）：  
委托人身份证号码（营业执照号码）：  
委托人持股数：  
委托人股东账户：  
受托人签名：  
受托人身份证号：  
委托日期：年月日","002240","2023-12-13"
"58764b12-18d2-4e26-a1e3-cb9088e880ff",盛新锂能：对外担保制度（2023年12月）,"盛新锂能集团股份有限公司对外担保制度

第一章 总则

第一条 为规范盛新锂能集团股份有限公司（以下简称""公司""）的对外担保行为，控制公司资产运营风险，促进公司健康稳定地发展，维护公司股东和其他利益相关者的利益，根据《中华人民共和国公司法》、《中华人民共和国证券法》、《中华人民共和国民法典》、《深圳证券交易所股票上市规则》、《上市公司监管指引第8号——上市公司资金往来、对外担保的监管要求》和其他相关法律、法规和规范性文件的规定以及《公司章程》，特制定本制度。

第二条 本制度所称对外担保，是指公司为他人提供的担保，包括公司对控股子公司的担保。

第三条 公司对外提供担保，应根据有关法律、行政法规、《公司章程》及其他规定披露有关信息。

第四条 未经公司董事会或者股东大会审议通过，公司不得对外提供担保。

第五条 公司对外担保时应当采取必要措施核查被担保人的资信状况，并在审慎判断被担保方偿还债务能力的基础上，决定是否提供担保。公司为控股股东、实际控制人及其关联人提供担保的，应当要求对方提供反担保。

公司为控股子公司、参股公司提供担保，该控股子公司、参股公司的其他股东应当按出资比例提供同等担保等风险控制措施。如该股东未能按出资比例向公司控股子公司或者参股公司提供同等担保等风险控制措施，公司董事会应当披露主要原因，并在分析担保对象经营情况、偿债能力的基础上，充分说明该笔担保风险是否可控，是否损害公司利益等。

第六条 公司独立董事应在年度报告中，对报告期末尚未履行完毕和当期发生的对外担保情况、执行相关规定和本制度的情况进行专项说明。

第二章 对外提供担保的程序

第七条 应由股东大会审批的对外担保，必须经董事会审议通过后，方可提交股东大会审批。须经股东大会审批的对外担保，包括但不限于下列情形：
（一）单笔担保额超过公司最近一期经审计净资产10%的担保；
（二）公司及其控股子公司的对外担保总额，超过公司最近一期经审计净资产50%以后提供的任何担保；
（三）为资产负债率超过70%的担保对象提供的担保；
（四）公司在一年内担保金额超过公司最近一期经审计总资产30%的担保；
（五）公司的对外担保总额超过公司最近一期经审计总资产30%以后提供的任何担保；
（六）对股东、实际控制人及其关联人提供的担保；
（七）法律、法规、证券交易所或公司章程规定的其他担保情形。

公司股东大会审议前款第（四）项担保事项时，应当经出席会议的股东所持表决权的三分之二以上通过。

股东大会在审议为股东、实际控制人及其关联方提供的担保议案时，该股东或者受该实际控制人支配的股东，不得参与该项表决，该项表决由出席股东大会的其他股东所持表决权的半数以上通过。

第八条 公司向其控股子公司提供担保，如每年发生数量众多、需要经常订立担保协议而难以就每份协议提交董事会或者股东大会审议的，公司可以对最近一期财务报表资产负债率为70%以上以及资产负债率低于70%的两类子公司分别预计未来十二个月的新增担保总额度，并提交股东大会审议。

前述担保事项实际发生时，公司应当及时披露，任一时点的担保余额不得超过股东大会审议通过的担保额度。

第九条 公司向其合营或者联营企业提供担保且同时满足以下条件，如每年发生数量众多、需要经常订立担保协议而难以就每份协议提交董事会或者股东大会审议的，公司可以对未来十二个月内拟提供担保的具体对象及其对应新增担保额度进行合理预计，并提交股东大会审议：
（一）被担保人不是上市公司的董事、监事、高级管理人员、持股5%以上的股东、实际控制人及其控制的法人或其他组织；
（二）被担保人的各股东按出资比例对其提供同等担保或反担保等风险控制措施。

前述担保事项实际发生时，公司应当及时披露，任一时点的担保余额不得超过股东大会审议通过的担保额度。

第十条 公司向其合营或者联营企业进行担保额度预计，同时满足以下条件的，可以在其合营或联营企业之间进行担保额度调剂，但累计调剂总额不得超过预计担保总额度的50%：
（一）获调剂方的单笔调剂金额不超过公司最近一期经审计净资产的10%；
（二）在调剂发生时资产负债率超过70%的担保对象，仅能从资产负债率超过70%（股东大会审议担保额度时）的担保对象处获得担保额度；
（三）在调剂发生时，获调剂方不存在逾期未偿还负债等情况；
（四）获调剂方的各股东按出资比例对其提供同等担保或反担保等风险控制措施。

前述调剂事项实际发生时，公司应当及时披露。

第十一条 对于应当提交股东大会审议的担保事项，判断被担保人资产负债率是否超过70%时，应当以被担保人最近一年经审计财务报表或者最近一期财务报表数据孰高为准。

第十二条 公司因交易导致被担保方成为公司的关联人的，在实施该交易或者关联交易的同时，应当就存续的关联担保履行相应审议程序和信息披露义务。董事会或者股东大会未审议通过前款规定的关联担保事项的，交易各方应当采取提前终止担保等有效措施。

第十三条 保荐机构（如适用）应当在董事会审议对外担保事项（对合并范围内子公司提供担保除外）时就该事项的决策程序、信息披露的合规性等发表专项意见。

第十四条 应由董事会审批的对外担保，除应当经全体董事的过半数审议通过外，还应当经出席董事会会议的三分之二以上董事审议同意并作出决议，并及时对外披露。

如果董事与所审议的担保事项存在关联关系，则该董事应当回避表决，该事项除应当经全体非关联董事过半数审议通过外，还应当经出席会议的三分之二以上非关联董事审议同意并作出决议。出席董事会的非关联董事不足半数或不足3人的，应将该担保事项提交股东大会审议。

第十五条 由董事会或股东大会审议批准的对外担保，必须在证券交易所的网站和符合中国证监会规定条件的媒体上及时披露，披露的内容包括董事会或股东大会决议、截止信息披露日公司及其控股子公司对外担保总额、公司对控股子公司提供担保的总额。

第十六条 公司担保的债务到期后需展期并需继续由其提供担保的，应当作为新的对外担保，重新履行担保审批程序和信息披露义务。

第十七条 公司控股子公司为合并报表范围内的法人或者其他组织提供担保的，公司应当在控股子公司履行审议程序后及时披露。按照相关规定，需要提交公司股东大会审议的担保事项除外。

公司控股子公司对于向公司合并报表范围之外的主体提供担保的，视同公司提供担保，应当遵守本制度相关规定。

第十八条 公司及控股子公司提供反担保应当比照本制度关于担保的相关规定执行，以其提供的反担保金额为标准履行相应审议程序和信息披露义务，但公司及控股子公司为以自身债务为基础的担保提供反担保的除外。

第十九条 公司股东大会或董事会做出担保决策后，由法务部审查有关主债权合同、担保合同等法律文件，由公司法定代表人或其指定人员代表公司与主债权人签订与担保有关的书面合同。

第三章 担保风险控制

第二十条 公司提供担保的过程应遵循风险控制的原则，在对被担保人风险评估的同时，严格控制对被担保人的担保责任限额。

第二十一条 公司应当妥善管理担保合同及相关原始资料，及时进行清理检查，并定期与银行等相关机构进行核对，保证存档资料的完整、准确、有效，关注担保的时效、期限。

公司在合同管理过程中发现未经董事会或者股东大会审议通过的异常担保合同的，应当及时向董事会、监事会报告并公告。

对于已披露的担保事项，公司还应当在出现下列情形之一时及时披露：
（一）被担保人于债务到期后十五个交易日内未履行还款义务的；
（二）被担保人出现破产、清算及其他严重影响还款能力情形的。

第二十二条 公司应当持续关注被担保人的财务状况及偿债能力等，如发现被担保人经营状况严重恶化或者发生公司解散、分立等重大事项的，公司董事会应当及时采取有效措施，将损失降低到最小程度。

提供担保的债务到期后，公司应当督促被担保人在限定时间内履行偿债义务。若被担保人未能按时履行义务，公司应当及时采取必要的补救措施。

第二十三条 公司董事会应当建立定期核查制度，对公司担保行为进行核查。公司发生违规担保行为的，应当及时披露，并采取合理、有效措施解除或者改正违规担保行为，降低公司损失，维护公司及中小股东的利益，并追究有关人员的责任。

因控股股东、实际控制人及其关联人不及时偿债，导致公司承担担保责任的，公司董事会应当及时采取追讨、诉讼、财产保全、责令提供担保等保护性措施避免或者减少损失，并追究有关人员的责任。

第二十四条 公司董事及其他管理人员或本制度涉及到的公司相关部门及人员未按照规定程序擅自越权签署对外担保合同、违规提供担保或怠于行使职责，给公司造成损失时，公司应当追究相关责任人员的责任。

第二十五条 因公司控股股东、实际控制人及其关联人不及时偿债，导致公司承担担保责任的，公司董事会应当及时采取追讨、诉讼、财产保全、责令提供担保等保护性措施避免或者减少损失，并追究有关人员的责任。

第四章 附则

第二十六条 本制度未尽事宜，应当依照有关法律、法规、规范性文件和《公司章程》的规定执行；本制度如与国家此后颁布的法律、法规或经合法程序修改后的《公司章程》相抵触时，按国家有关法律、法规和《公司章程》的规定执行。

第二十七条 本制度的""以上""均包含本数，""超过""均不包含本数。

第二十八条 公司控股子公司发生的对外担保，参照本制度执行。

第二十九条 本制度所称""公司及其控股子公司的对外担保总额""是指包括公司对控股子公司担保在内的公司对外担保总额与公司控股子公司对外担保总额之和。

第三十条 本制度解释权属于公司董事会。

第三十一条 本制度自公司股东大会审议通过之日起生效实施。

盛新锂能集团股份有限公司  
二〇二三年十二月","002240","2023-12-13"
ffc4c3cf-ec0e-4874-9dab-02cc545bf2b9,盛新锂能：2021年员工持股计划（修订稿）,"盛新锂能集团股份有限公司2021年员工持股计划（修订稿）

声明

本公司及董事会全体成员保证本员工持股计划不存在虚假记载、误导性陈述或重大遗漏，并对其内容真实性、准确性、完整性承担个别和连带的法律责任。

风险提示

一、本员工持股计划须经公司股东大会审议批准后方可实施，但能否获得公司股东大会批准，存在不确定性；

二、本员工持股计划资金来源、资金规模、股票来源、股票规模等实施要素均属初步结果，能否完成实施，存在不确定性。

敬请广大投资者谨慎决策，注意投资风险。

特别提示

一、盛新锂能集团股份有限公司2021年员工持股计划（修订稿）（以下简称""本员工持股计划""）系盛新锂能集团股份有限公司（以下简称""公司""）依据《公司法》、《证券法》、《关于上市公司实施员工持股计划试点的指导意见》、《深圳证券交易所上市公司信息披露指引第4号—员工持股计划》等有关法律、行政法规、规章、规范性文件以及《盛新锂能集团股份有限公司章程》的规定制定。

二、本员工持股计划的实施遵循公司自主决定、员工自愿参加的原则，公司不存在以摊派、强行分配等方式要求员工参加本员工持股计划的情形。

三、本员工持股计划的参加对象总人数为不超过15人，具体人数根据实际情况而定。

四、本员工持股计划拟筹集资金总额不超过10,828.3950万元，以""份""作为认购单位，每份份额为1元，本员工持股计划的合计份额不超过10,828.3950万份。本员工持股计划的资金来源为员工合法薪酬、自筹资金以及法律法规允许的其他方式取得的资金，具体金额根据实际情况而定。公司不以任何方式向参与对象提供垫资、担保、借贷等财务资助，亦不存在第三方为参加对象提供奖励、资助、补贴、兜底等安排的情形。

五、本员工持股计划拟采取自行管理的模式，成立管理委员会，负责管理本员工持股计划，并采取适当的风险防范和隔离措施切实维护本员工持股计划持有人的合法权益。

六、本员工持股计划的存续期不超过80个月，自本员工持股计划经公司股东大会审议通过之日起计算。公司股东大会审议通过本员工持股计划后6个月内，本员工持股计划将通过非交易过户等法律法规许可的方式受让公司回购专用证券账户中的标的股票。本员工持股计划的法定锁定期为12个月，自公司公告标的股票过户至本员工持股计划名下之日起计算，法定锁定期内，本员工持股计划不得买卖公司股票；法定锁定期届满后，本员工持股计划项下所持有的标的股票分批解锁。

七、公司董事会审议通过本员工持股计划后，公司将提请股东大会审议本员工持股计划，本员工持股计划经公司股东大会批准后方可实施。

八、审议本员工持股计划的公司股东大会将采取现场投票与网络投票相结合的方式。公司将通过深圳证券交易所交易系统和互联网投票系统向公司股东提供网络形式的投票平台，公司股东可以在网络投票时间内通过上述系统行使表决权。

九、本员工持股计划实施后，不会导致公司股权分布不符合上市条件。

目录

声明  
风险提示  
特别提示  
目录  
释义  
一、员工持股计划的目的  
二、员工持股计划的基本原则  
三、员工持股计划参加对象的确定标准  
四、员工持股计划的资金来源、股票来源、购股价格和购股规模  
五、员工持股计划的存续期和锁定期  
六、员工持股计划的考核标准  
七、员工持股计划的管理模式  
八、员工持股计划涉及的关联关系和一致行动关系  
九、员工持股计划的会计处理、对经营业绩的影响  
十、员工持股计划的资产分配、持有人所持权益的处置  
十一、员工持股计划的变更、终止  
十二、实施员工持股计划的程序  
十三、其他重要事项  

释义

在本计划修订稿中，除非文义另有所指，下列简称特指如下含义：

简称 | 释义
---|---
本公司、公司 | 盛新锂能集团股份有限公司
本员工持股计划、本计划 | 盛新锂能集团股份有限公司2021年员工持股计划
修订稿、本计划修订稿、本员工持股计划修订稿 | 《盛新锂能集团股份有限公司2021年员工持股计划（修订稿）》
持有人 | 拟参与本员工持股计划的人员
持有人会议 | 员工持股计划持有人会议
管理委员会 | 员工持股计划管理委员会
《员工持股计划管理办法》 | 《盛新锂能集团股份有限公司2021年员工持股计划管理办法》
标的股票 | 公司A股普通股股票
中国证监会 | 中国证券监督管理委员会
深交所 | 深圳证券交易所
登记结算公司 | 中国证券登记结算有限责任公司深圳分公司
元、万元 | 人民币元、人民币万元
《公司法》 | 《中华人民共和国公司法》
《证券法》 | 《中华人民共和国证券法》
《指导意见》 | 《关于上市公司实施员工持股计划试点的指导意见》
《披露指引》 | 《深圳证券交易所上市公司信息披露指引第4号——员工持股计划》
《公司章程》 | 《盛新锂能集团股份有限公司章程》

一、员工持股计划的目的

公司依据《公司法》、《证券法》、《指导意见》、《披露指引》等有关法律、行政法规、部门规章、规范性文件和《公司章程》的规定，制定了《盛新锂能集团股份有限公司2021年员工持股计划（修订稿）》。公司拟实施本员工持股计划的目的在于：

（一）建立和完善公司、股东与员工之间的利益共享机制。

（二）进一步完善公司治理结构，健全公司长期、有效的激励约束机制。

（三）有效调动公司员工的积极性，吸引和保留优秀人才，兼顾公司长短期利益，从而更好地促进公司长期、持续、健康发展。

二、员工持股计划的基本原则

（一）依法合规原则：本员工持股计划的实施依法履行相应程序，真实、准确、完整、及时地实施信息披露。任何人不得利用本员工持股计划进行内幕交易、操纵证券市场等证券欺诈行为。

（二）自愿参与原则：本员工持股计划的实施遵循公司自主决定、员工自愿参加的原则，公司不以摊派、强行分配等方式强制员工参加本员工持股计划。

（三）风险自担原则：本员工持股计划的参加对象盈亏自负，风险自担。

三、员工持股计划参加对象的确定标准

本员工持股计划的参加对象系依据《公司法》、《证券法》、《指导意见》、《披露指引》等有关法律、行政法规、部门规章、规范性文件和《公司章程》的规定而确定。所有参加对象必须在公司（含子公司）任职并签署劳动合同或聘用协议。

本员工持股计划的参加对象包括公司董事（不含独立董事）、高级管理人员，公司（含子公司）其他核心骨干员工。参加本员工持股计划的总人数不超过15人，具体人数根据实际情况而定。

四、员工持股计划的资金来源、股票来源、购股价格和购股规模

（一）员工持股计划的资金来源

本员工持股计划拟筹集资金总额不超过10,828.3950万元，以""份""作为认购单位，每份份额为1元，本员工持股计划的合计份额不超过10,828.3950万份。本员工持股计划的资金来源为员工合法薪酬、自筹资金以及法律法规允许的其他方式取得的资金，具体金额根据实际情况而定。公司不以任何方式为本员工持股计划的参加对象提供垫资、担保、借贷等财务资助，亦不存在第三方为本员工持股计划的参加对象提供奖励、资助、补贴、兜底等安排的情形。

本员工持股计划的参加对象名单及初步认购份额的情况如下表所示：

序号 姓名 职务 认购份额上限（万份）
 占本员工持股计划比例
---周祎 董事长 2,250.0000 20.78%
邓伟军 董事、总经理 1,750.0000 16.16%
方轶 董事、常务副总经理 1,500.0000 13.85%
姚开林 副总经理 750.0000 6.93%
王琪 财务总监 750.0000 6.93%
姚婧 董事会秘书、副总经理 750.0000 6.93%
其他核心骨干员工（不超过9人） 2,328.3950
 21.50%

合计 10,828.3950
 100.00%

注：本员工持股计划的实际参加对象及其具体认购份额可能存在变动，以最终执行情况为准。

（二）员工持股计划的股票来源

本员工持股计划涉及的标的股票来源为公司回购专用证券账户已回购的公司A股普通股股票。

公司于2018年9月17日、2018年10月8日分别召开第六届董事会第二十二次会议和2018年第三次（临时）股东大会，审议通过《关于回购公司股份预案的议案》，公司拟使用自有资金以集中竞价交易方式回购公司股份用于实施员工持股计划或股权激励计划。本次回购股份的价格为不超过人民币16元/股（含），本次用于回购股份的总金额为不低于人民币5,000万元（含）且不超过人民币10,000万元（含），本次回购股份的实施期限为自公司董事会审议通过回购方案之日起12个月内。具体内容详见公司于2018年10月17日披露的《关于回购公司股份报告书》。

截至2019年2月18日，公司通过回购专用证券账户以集中竞价交易方式累计回购股份4,331,358股，最高成交价为9.09元/股，最低成交价为7.93元/股，成交总金额3,703.79万元（不含交易费用）。具体内容详见公司于2019年2月19日披露的《关于终止回购公司股份的公告》。

（三）员工持股计划的购股价格

本员工持股计划受让公司回购股份的价格为25.00元/股。定价依据如下：

为推动公司整体经营持续平稳、快速发展，增强核心骨干人员对公司成长发展的责任感和使命感，有效吸引和留住优秀人才，提高公司核心竞争力，公司需要在一定程度上保障本员工持股计划的激励有效性。因此，公司结合自身经营和行业发展情况，拟通过承担合理的激励成本对本员工持股计划的参加对象实施激励。在兼顾激励成本和激励效果的基础之上，本员工持股计划受让公司回购股份的价格确定为25.00元/股，定价方式具有合理性与科学性。

本员工持股计划购买公司回购的股份在完成过户之前，公司发生派息、送股、资本公积金转增股本等除权除息事项，本员工持股计划购买公司回购股份的价格将进行相应的调整。

（四）员工持股计划的购股规模

本员工持股计划经公司股东大会审议批准后6个月内将通过非交易过户等法律法规允许的方式受让公司回购专用证券账户已回购的股份共计不超过4,331,358股，约占本员工持股计划公告时公司总股本的0.50%。本员工持股计划最终购买标的股票的数量以实际执行情况为准，公司将根据规定及时履行信息披露义务。

本员工持股计划实施后，全部有效的员工持股计划所持有的股票总数累计不超过公司股本总额的10%，任一持有人持有的员工持股计划份额所对应的标的股票数量不超过公司股本总额的1%。员工持股计划持有的股票总数不包括员工在公司首次公开发行股票上市前获得的股份、通过二级市场自行购买的股份及通过股权激励获得的股份。

本员工持股计划的实施仍存在不确定性，最终购股情况以实际执行情况为准，公司将根据要求及时履行信息披露义务。

五、员工持股计划的存续期和锁定期

（一）员工持股计划的存续期

本员工持股计划的存续期为80个月，自本员工持股计划经公司股东大会审议通过之日起计算。公司股东大会审议通过本员工持股计划后6个月内，本员工持股计划将通过非交易过户等法律法规许可的方式受让公司回购专用证券账户所持有的标的股票。

（二）员工持股计划的锁定期

1、根据《指导意见》的规定，本员工持股计划的法定锁定期为12个月，自公司公告标的股票过户至本员工持股计划名下之日起计算。法定锁定期内，本员工持股计划不得买卖公司股票。

2、为体现激励与约束对等的原则，有效绑定公司、股东与员工之间的利益，促进公司长期、稳定发展，法定锁定期届满后，本员工持股计划项下所持有的标的股票分批解锁，具体如下：

（1）第一批解锁时点：自公司公告标的股票过户至本员工持股计划名下之日起满12个月后，解锁比例为本员工持股计划所持有的标的股票总数的25%（含持有标的股票期间产生的相应孳息股）；

（2）第二批解锁时点：自公司公告标的股票过户至本员工持股计划名下之日起满24个月后，解锁比例为本员工持股计划所持有的标的股票总数的25%（含持有标的股票期间产生的相应孳息股）；

（3）第三批解锁时点：自公司公告标的股票过户至本员工持股计划名下之日起满36个月后，解锁比例为本员工持股计划所持有的标的股票总数的25%（含持有标的股票期间产生的相应孳息股）；

（4）第四批解锁时点：自公司公告标的股票过户至本员工持股计划名下之日起满48个月后，解锁比例为本员工持股计划所持有的标的股票总数的25%（含持有标的股票期间产生的相应孳息股）。

3、本员工持股计划将严格遵守市场交易规则，遵守相关法律、法规、中国证监会和深圳证券交易所关于信息敏感期不得买卖股票的规定。

六、员工持股计划的考核标准

本员工持股计划的业绩考核年度为2021年、2022年、2023年和2024年，分年度进行考核。根据各考核年度的考核结果，将持有人所持员工持股计划权益，分四个批次解锁至各持有人，各批次的解锁比例为25%、25%、25%、25%。

（一）公司层面业绩考核

解锁安排 | 业绩考核目标
---|---
第一个解锁批次 | 2021年营业收入不低于20亿元；
第二个解锁批次 | 2022年营业收入不低于30亿元；
第三个解锁批次 | 2023年营业收入不低于40亿元；
第四个解锁批次 | 2024年营业收入不低于50亿元。

（二）个人层面绩效考核

持有人的个人层面绩效考核按照公司（含子公司）现行有关制度组织实施，根据持有人的绩效考核完成情况对员工持股计划实现可分配的收益进行分配：

个人年度考核结果 优秀 良好 合格
 不合格

可解锁比例 100% 100% 80%
 0

（三）考核结果的应用

1、本员工持股计划存续期内，当公司层面业绩考核达标，在锁定期届满后，由管理委员会根据持有人会议的授权，按照前述约定的解锁比例择机出售本员工持股计划项下所持有的公司股票（含持有标的股票期间产生的相应孳息股），并在当批次可解锁公司股票全部出售之后，以出售对应解锁部分的标的股票所获现金资产为限，以个人层面绩效考核结果为依据分配至持有人：

（1）上述所获现金资产不存在收益或出现亏损的情形下，按持有人持有可参与本次分配的份额占全体持有人持有可参与本次分配总份额的比例进行分配；

（2）上述所获现金资产存在收益的情形下，首先，返还持有人持有可参与本次分配的份额对应的出资额；其次，由管理委员会根据持有人对应考核年度的绩效考核评定结果，对实现可分配的收益进行分配。持有人年度绩效考核结果分为优秀、良好、合格、不合格四个等级，每个等级对应的解锁比例分别为100%、100%、80%、0%，由管理委员会根据公司董事会薪酬与考核委员会对持有人对应考核年度的绩效考核评定结果，对实现可分配的收益进行分配：对于持有人年度绩效考核结果为优秀、良好的，享有其对应持有份额100%的收益；对于持有人年度绩效考核结果为合格的，享有其对应持有份额80%的收益；对于持有人年度绩效考核结果为不合格的，享有其对应持有份额0%的收益。持有人持有可参与本次分配的份额，因个人绩效考核原因不能解锁或者不能完全解锁的，产生的相应剩余未分配收益，均归属公司。

2、本员工持股计划存续期内，当公司层面业绩考核不达标，在锁定期届满后，由管理委员会根据持有人会议的授权，按照前述约定的解锁比例择机出售本员工持股计划项下所持有的公司股票（含持有标的股票期间产生的相应孳息股），以出售对应解锁部分的标的股票所获现金资产为限，进行如下分配：

（1）上述所获现金资产不存在收益或出现亏损的情形下，按持有人持有可参与本次分配的份额占全体持有人持有可参与本次分配总份额的比例进行分配；

（2）上述所获现金资产存在收益的情形下，首先，返还持有人持有可参与本次分配的份额对应的出资额；其次，收益部分归属公司，公司可以该部分收益为限，依据持有人持有可参与本次分配的份额对应的出资额以及出资期限，按照一年期LPR的利率进行补偿。

七、员工持股计划的管理模式

本员工持股计划的内部最高管理权力机构为持有人会议。持有人会议设管理委员会，授权管理委员会负责本员工持股计划的日常管理，代表持有人行使股东权利或者授权管理机构行使股东权利，维护本员工持股计划持有人的合法权益，确保本员工持股计划的资产安全，避免公司其他股东与本员工持股计划持有人之间产生潜在的利益冲突。

（一）持有人会议

1、拟参加对象实际出资认购本员工持股计划的份额之后，即成为本员工持股计划的持有人，持有人会议是本员工持股计划的内部最高管理权力机构。所有持有人均有权利参加持有人会议。持有人可以亲自出席持有人会议并表决，也可以委托代理人代为出席并表决。持有人及其代理人出席持有人会议的差旅费用、食宿费用等，均由持有人自行承担。

2、以下事项需要召开持有人会议进行审议：

（1）选举、罢免管理委员会委员；

（2）本员工持股计划的变更、终止、存续期的延长，本员工持股计划另有约定的除外；

（3）本员工持股计划存续期内，公司以配股、增发、可转债等方式融资时，由管理委员会决定是否参与公司的融资计划，如决定参与的，应拟定相应的资金解决方案提交持有人会议审议；

（4）授权管理委员会负责管理本员工持股计划；

（5）授权管理委员会代表全体持有人行使股东权利；

（6）管理委员会认为需要召开持有人会议审议的其他事项。

3、本员工持股计划首次持有人会议由公司董事会秘书或者指定人员负责召集、主持，后续持有人会议由管理委员会负责召集，由管理委员会主任主持。管理委员会主任不能履行职务时，由其指派一名管理委员会委员负责主持。

4、召开持有人会议，管理委员会应提前3日将书面会议通知通过直接送达、邮寄、传真、电子邮件或者其他方式，提交给全体持有人。书面会议通知应当至少包括以下内容：

（1）会议的时间、地点；

（2）会议的召开方式；

（3）拟审议的事项（会议提案）；

（4）会议召集人和主持人、临时会议的提议人及其书面提议；

（5）会议表决所必需的会议材料；

（6）持有人应当亲自出席或者委托其他持有人代为出席会议的要求；

（7）联系人和联系方式；

（8）发出通知的日期。

如遇紧急情况，可以通过口头方式通知召开持有人会议。口头方式通知至少应包括上述第（1）、（2）项内容以及因情况紧急需要尽快召开持有人会议的说明。

5、持有人会议的表决程序

（1）每项提案经过充分讨论后，主持人应当适时提请与会持有人进行表决。主持人也可决定在会议全部提案讨论完毕后一并提请与会持有人进行表决，表决方式为书面表决。

（2）本员工持股计划的持有人按其持有的本员工持股计划份额享有表决权，每一份本员工持股计划份额对应享有一票表决权。

（3）持有人的表决意向分为同意、反对和弃权。与会持有人应当从上述意向中选择其一，未做选择或者同时选择两个以上意向的，视为弃权；中途离开会场不回而未做选择的，视为弃权。持有人在会议主持人宣布表决结果后或者规定的表决时限结束后进行表决的，其表决情况不予统计。

（4）会议主持人应当当场宣布现场表决统计结果。每项议案如经出席持有人会议的持有人所持超过50%（不含50%）份额同意后则视为表决通过（员工持股计划约定需2/3以上份额同意的除外），形成持有人会议的有效决议。

（5）持有人会议决议需报公司董事会、股东大会审议的，须按照《公司章程》的规定提交公司董事会、股东大会审议。

6、单独或合计持有本员工持股计划3%以上份额的持有人可以向持有人会议提交临时提案，临时提案须在持有人会议召开前1日向管理委员会提交。

7、单独或合计持有本员工持股计划10%以上份额的持有人可以提议召开持有人会议。

（二）管理委员会

1、本员工持股计划设管理委员会，监督和负责本员工持股计划的管理。管理委员会成员由持有人会议选举产生。

2、管理委员会由3名委员组成，设管理委员会主任1人。管理委员会主任由管理委员会以全体委员的过半数选举产生。管理委员会委员的任期与本员工持股计划的存续期一致。

3、管理委员会委员应当遵守法律、行政法规和《员工持股计划管理办法》的规定，对本员工持股计划负有下列忠实义务：

（1）不得利用职权损害本员工持股计划的利益，不得侵占、挪用本员工持股计划的资产；

（2）未经持有人会议同意，不得将本员工持股计划的资金以其个人名义或者其他个人名义开立账户存储；

（3）未经持有人会议同意，不得将本员工持股计划的资金借贷给他人或者以本员工持股计划的资产为他人提供担保。

管理委员会委员违反忠实义务给本员工持股计划造成损失的，应当承担赔偿责任。

4、管理委员会行使以下职责：

（1）负责召集持有人会议；

（2）代表全体持有人行使股东权利，包括但不限于公司股东大会的出席、提案、表决，以及参与公司现金分红、债券兑息、送股、转增股份、配股和配售债券等事项；

（3）负责本员工持股计划的日常管理，包括但不限于按照本员工持股计划的规定决策持有人继续参与本员工持股计划的资格，办理持有人持有的本员工持股计划权益的处置事宜，开展本员工持股计划项下资产的清算、分配工作等；

（4）持有人会议授权的其他职责；

（5）相关法律、法规和本员工持股计划规定的其他应由管理委员会履行的职责。

5、管理委员会主任行使下列职权：

（1）主持持有人会议和召集、主持管理委员会会议；

（2）督促、检查持有人会议、管理委员会决议的执行；

（3）管理委员会赋予的其他职权。

6、管理委员会不定期召开会议，由管理委员会主任召集，于会议召开前1日通知全体管理委员会委员。

7、管理委员会委员可以提议召开管理委员会临时会议。管理委员会主任应当自接到提议后3日内，召集和主持管理委员会会议。

8、管理委员会会议应有过半数的管理委员会委员出席方可举行。管理委员会作出决议，必须经全体管理委员会委员的过半数通过。管理委员会决议的表决，实行一人一票。

9、管理委员会决议表决方式为记名投票表决。管理委员会会议在保障管理委员会委员充分表达意见的前提下，可以用传真方式进行并作出决议，并由参会管理委员会委员签字。

10、管理委员会会议，应由管理委员会委员本人出席；管理委员会委员因故不能出席的，可以书面委托其他管理委员会委员代为出席，委托书中应载明代理人的姓名、代理事项、授权范围和有效期限，并由委托人签名或盖章。代为出席会议的管理委员会委员应当在授权范围内行使管理委员会委员的权利。管理委员会委员未出席管理委员会会议，亦未委托代表出席的，视为放弃在该次会议上的投票权。

八、员工持股计划涉及的关联关系和一致行动关系

（一）参与本员工持股计划的董事、高级管理人员与本员工持股计划存在关联关系，在公司董事会、股东大会审议本员工持股计划相关提案时应回避表决。公司控股股东、实际控制人未参加本员工持股计划，本员工持股计划未与公司控股股东、实际控制人签署一致行动协议或存在一致行动安排。

（二）本员工持股计划整体放弃因持有标的股票而享有的股东表决权，仅保留分红权、投资受益权。因此，本员工持股计划与公司控股股东、实际控制人、董事、监事、高级管理人员之间不存在一致行动关系。

（三）本员工持股计划在相关操作运行等事务方面保持独立，持有人会议为本员工持股计划的最高权力机构，持有人会议选举产生管理委员会，监督和负责本员工持股计划的日常管理。本员工持股计划持有人份额较为分散，且持有人之间均未签署一致行动协议或存在一致行动的相关安排。

九、员工持股计划的会计处理、对经营业绩的影响

（一）会计处理

假设本员工持股计划于2021年10月按照购买价格25.00元/股受让公司回购专用证券账户中的4,331,358股公司股票，本员工持股计划按照前述约定的解锁比例出售项下所持有的公司股票，公允价值暂以2021年9月29日公司股票收盘价54.22元/股作为参照。经预测算，公司应确认激励成本为12,656.23万元，按照本员工持股计划的解锁安排分期确认。实施本员工持股计划产生的激励成本预计对公司各期经营业绩的影响如下表所示：

预计激励总成本（万元） 2021年（万元） 2022年（万元） 2023年（万元） 2024年（万元）
 2025年（万元）

12,656.23 1,098.63 6,064.44 3,164.06 1,669.92
 659.18

注：实施本员工持股计划对公司经营业绩影响的最终结果将以会计师事务所出具的年度审计报告为准。

（二）对公司经营业绩的影响

实施本员工持股计划所产生的股份支付费用摊销对相关会计年度净利润有所影响，但影响程度可控。此外，本员工持股计划的实施对公司发展产生正向作用，能够有效激发公司员工的积极性，提高经营效率，降低经营成本。因此，本激励计划的实施虽然会产生一定的费用，但能够有效提升公司的持续经营能力。

十、员工持股计划的资产分配、持有人所持权益的处置

（一）员工持股计划的资产分配

1、本员工持股计划锁定期内，因持有标的股票产生的相应孳息股一并锁定，不得在二级市场出售或以其他方式转让。

2、本员工持股计划法定锁定期内，持有人不得要求对本员工持股计划项下的资产进行分配。

3、持有人会议授权管理委员会负责管理本员工持股计划项下的资产。本员工持股计划法定锁定期届满后、存续期内，管理委员会如决定分配资产的，应在依法扣除相关税费及其他应付款项后，按照持有人所持份额占本员工持股计划总份额的比例进行分配。

4、管理委员会应于本员工持股计划提前终止或存续期届满后30个工作日内，完成本员工持股计划项下的资产清算及分配工作。本员工持股计划项下的资产由管理委员会在依法扣除相关税费及其他应付款项后，按照持有人所持份额占本员工持股计划总份额的比例进行分配。

（二）员工持股计划持有人所持权益的处置

1、本员工持股计划存续期内，除法律、行政法规、部门规章另有规定，或经管理委员会同意，持有人所持有的本员工持股计划份额不得退出/转让或用于抵押、质押、担保及偿还债务等。

2、本员工持股计划存续期内，经公司（含子公司）批准，持有人职务变更且仍符合本员工持股计划参与条件的，其持有的本员工持股计划份额不作变更。

3、本员工持股计划存续期内，持有人因死亡、退休、不受个人控制的岗位调动与公司（含子公司）解除或终止劳动关系的，自该情形发生之日起，取消持有人的参与资格，将其持有的本员工持股计划中尚未参与考核分配的份额按照认购价格与该情形发生时点最近一个交易日公司股票收盘价计算所持份额净值，以两者孰低值强制收回，或转让给管理委员会指定的其他持有人，并按照一年期LPR的利率进行补偿。

4、本员工持股计划存续期内，持有人辞职、因个人原因被解除劳动关系的，自该情形发生之日起，取消持有人的参与资格，将其持有的本员工持股计划中尚未参与考核分配的份额按照认购价格与情形发生时点最近一个交易日公司股票收盘价计算所持份额净值，以两者孰低值强制收回，或转让给管理委员会指定的其他持有人。

5、本员工持股计划存续期内，被取消参与资格的持有人持有的尚未参与考核分配的份额未转让给其他持有人的，管理委员会按照前述约定的解锁比例择机出售本员工持股计划项下所持有的公司股票，并在当批次可解锁公司股票全部出售之后的10个工作日内返还被取消参与资格的持有人相应的份额回购款项，如须作出补偿时则一并补偿。

6、本员工持股计划存续期内，持有人发生其他未说明的情形，由管理委员会确定具体处理方式。

十一、员工持股计划的变更、终止

（一）员工持股计划的变更

本员工持股计划的变更情形包括：

1、本员工持股计划的资金来源；

2、本员工持股计划的股票来源；

3、本员工持股计划的管理模式；

4、应相关法律、法规、规章和规范性文件的要求，其他需要变更本员工持股计划的情形。

本员工持股计划存续期内，公司拟变更本员工持股计划的，应当提交董事会或者股东大会审议通过。

（二）员工持股计划的终止

本员工持股计划的终止情形包括：

1、本员工持股计划存续期满后未有效延期的，本员工持股计划自行终止；

2、本员工持股计划的锁定期届满后，本员工持股计划项下的资产均为货币资金时，本员工持股计划可自行提前终止；

3、应相关法律、法规、规章和规范性文件的要求，其他需要终止本员工持股计划的情形，经管理委员会提议、出席持有人会议的持有人所持2/3以上有效表决权同意，本员工持股计划可终止实施。

十二、实施员工持股计划的程序

（一）本员工持股计划实施前，公司通过召开职工代表大会充分征求员工意见。

（二）公司董事会审议本员工持股计划，与本员工持股计划相关联的董事应当回避表决。公司独立董事和监事会应当就本员工持股计划的实施是否有利于公司的持续发展，是否存在损害公司及全体股东的利益，是否存在以摊派、强行分配等方式强制员工参与本员工持股计划发表意见。

（三）本员工持股计划经公司董事会审议通过后的两个交易日内，公司公告董事会决议、本员工持股计划修订稿、独立董事意见、监事会意见等。

（四）公司聘请律师事务所对本员工持股计划出具法律意见书，并于召开公司股东大会审议本员工持股计划的两个交易日前公告法律意见书。

（五）公司召开股东大会审议本员工持股计划。股东大会将采用现场投票与网络投票相结合的方式进行投票，对中小投资者的表决单独计票并公开披露。经出席股东大会的非关联股东所持表决权的过半数通过后，本员工持股计划即可实施。

（六）公司应当在标的股票过户至本员工持股计划名下之后的两个交易日内，及时披露获得标的股票的时间、数量等情况。

十三、其他重要事项

（一）公司董事会与股东大会审议通过本员工持股计划不意味着持有人享有继续在公司（含子公司）服务的权力，不构成公司（含子公司）对持有人聘用期限的承诺，公司（含子公司）与持有人的劳动关系仍按公司（含子公司）与持有人签订的劳动合同执行。

（二）公司实施本员工持股计划涉及的财务、会计处理及税务等事项，按照有关财务制度、会计准则、税务制度的规定执行。

（三）本员工持股计划的解释权属于公司董事会。

盛新锂能集团股份有限公司  
董事会  
2023年12月12日","002240","2023-12-12"
"943eb9a6-0af5-4e07-9184-c9627453dfc2",盛新锂能：关于修订2021年员工持股计划及相关文件的公告,"盛新锂能集团股份有限公司关于修订2021年员工持股计划及相关文件的公告

证券代码：002240  
证券简称：盛新锂能  
公告编号：2023-117  

本公司及董事会全体成员保证信息披露内容的真实、准确和完整，没有虚假记载、误导性陈述或重大遗漏。

盛新锂能集团股份有限公司（以下简称""公司""）于2023年12月12日召开第八届董事会第七次会议，审议通过了《关于修订2021年员工持股计划及相关文件的议案》，因深圳证券交易所的相关规定对员工持股计划的敏感期做出了调整，公司据此对《2021年员工持股计划（草案）》及其摘要、《2021年员工持股计划管理办法》中的敏感期进行相应修订，具体情况如下：

一、2021年员工持股计划及相关文件的修订情况

（一）《2021年员工持股计划（草案）》及其摘要的修订情况：

修订前  
原""五/（二）/3""：  
本员工持股计划将严格遵守市场交易规则，遵守中国证监会、深圳证券交易所关于信息敏感期不得买卖股票的规定，不得在下列期间买卖公司股票：  
（1）公司定期报告公告前三十日内，因特殊原因推迟年度报告、半年度报告公告日期的，自原预约公告日前三十日起算，至公告前一日；  
（2）公司业绩预告、业绩快报公告前十日内；  
（3）自可能对公司股票及其衍生品种交易价格产生较大影响的重大事件发生之日或者进入决策程序之日，至依法披露后二个交易日内；  
（4）中国证监会及深圳证券交易所规定的其他期间。

修订后  
现""五/（二）/3""：  
本员工持股计划将严格遵守市场交易规则，遵守相关法律、法规、中国证监会和深圳证券交易所关于信息敏感期不得买卖股票的规定。

（二）《2021年员工持股计划管理办法》的修订情况：

修订前  
原""第四章/第七条/（三）""：  
本员工持股计划将严格遵守市场交易规则，遵守中国证监会、深圳证券交易所关于信息敏感期不得买卖股票的规定，不得在下列期间买卖公司股票：  
（1）公司定期报告公告前三十日内，因特殊原因推迟年度报告、半年度报告公告日期的，自原预约公告日前三十日起算，至公告前一日；  
（2）公司业绩预告、业绩快报公告前十日内；  
（3）自可能对公司股票及其衍生品种交易价格产生较大影响的重大事件发生之日或者进入决策程序之日，至依法披露后二个交易日内；  
（4）中国证监会及深圳证券交易所规定的其他期间。

修订后  
现""第四章/第七条/（三）""：  
本员工持股计划将严格遵守市场交易规则，遵守相关法律、法规、中国证监会和深圳证券交易所关于信息敏感期不得买卖股票的规定。

二、本次修订对公司的影响

本次修订2021年员工持股计划及相关文件事项，不会对员工持股计划的实施产生实质性的影响，亦不会对公司的财务状况和经营成果产生影响，符合《公司法》《证券法》《关于上市公司实施员工持股计划试点的指导意见》等相关法律法规要求，不存在损害公司及全体股东利益的情形。

三、法律意见书结论性意见

综上，经合理查验，本所律师认为，截至本法律意见书出具日，公司董事会依据股东大会的授权对员工持股计划及其相关文件中的部分条款作出修订已履行了现阶段必要的法定程序，并披露了差异对照表及修订原因，不存在违反《关于上市公司实施员工持股计划试点的指导意见》等相关规定的情形。

特此公告。

盛新锂能集团股份有限公司  
董事会  
二○二三年十二月十二日","002240","2023-12-12"
"99fb2a8d-b954-486b-88a4-295835eaad21",盛新锂能：董事会审计委员会工作细则（2023年12月）,"盛新锂能集团股份有限公司董事会审计委员会工作细则

第一章 总则

第一条 为强化盛新锂能集团股份有限公司（以下简称""公司""）董事会决策功能，做到事前审计、专业审计，确保董事会对经理层的有效监督，完善公司治理结构，根据《中华人民共和国公司法》《上市公司治理准则》等法律法规及《公司章程》相关规定，公司特设立董事会审计委员会，并制定本工作细则。

第二条 董事会审计委员会是董事会按照股东大会决议设立的专门工作机构，主要负责公司内、外部审计的沟通、监督和核查工作。

审计委员会对董事会负责，委员会的提案提交董事会审议决定。

监事应当对董事会审计委员会的执行情况进行监督，检查其成员是否按照本议事规则履行职责。

第二章 人员组成

第三条 审计委员会成员由公司3名不在公司担任高级管理人员的董事组成（独立董事应当占多数，其中1名会计专业的独立董事）。

第四条 审计委员会委员由董事长、二分之一以上独立董事或者全体董事的三分之一以上提名，并由董事会选举产生。

第五条 审计委员会设召集人1名，由会计专业独立董事担任，负责主持委员会工作。

第六条 审计委员会任期与董事会一致，委员任期届满，连选可以连任。期间如有委员不再担任公司董事职务，自动失去委员资格，并由委员会根据上述第三条至第五条规定补足委员人数。

第七条 审计委员会下设内部审计部门为日常办事机构，负责日常工作联络和会议组织等工作。内部审计部门对审计委员会负责，向审计委员会报告工作。

第三章 职责权限

第八条 董事会审计委员会负责审核公司财务信息及其披露、监督及评估内外部审计工作和内部控制，下列事项应当经审计委员会全体成员过半数同意后，方可提交董事会审议：

（一）披露财务会计报告及定期报告中的财务信息、内部控制评价报告；
（二）聘用或者解聘承办公司审计业务的会计师事务所；
（三）聘任或者解聘公司财务负责人；
（四）因会计准则变更以外的原因作出会计政策、会计估计变更或者重大会计差错更正；
（五）法律法规、交易所有关规定以及《公司章程》规定的其他事项。

审计委员会应当就其认为必须采取的措施或者改善的事项向董事会报告，并提出建议。

第九条 内部审计部门应当履行以下主要职责：

（一）对公司各内部机构、控股子公司以及对公司具有重大影响的参股公司的内部控制制度的完整性、合理性及其实施的有效性进行检查和评估；
（二）对公司各内部机构、控股子公司以及对公司具有重大影响的参股公司的会计资料及其他有关经济资料，以及所反映的财务收支及有关的经济活动的合法性、合规性、真实性和完整性进行审计，包括但不限于财务报告、业绩快报、自愿披露的预测性财务信息等；
（三）检查公司遵守法律、法规的情况，包括监督管理商业道德和腐败问题。协助建立健全反舞弊机制，确定反舞弊的重点领域、关键环节和主要内容，并在内部审计过程中合理关注和检查可能存在的舞弊行为；
（四）至少每季度向董事会或者审计委员会报告一次，内容包括但不限于内部审计计划的执行情况以及内部审计工作中发现的问题。

内部审计部门每季度应当向董事会或者审计委员会至少报告一次内部审计工作情况和发现的问题，并至少每年向其提交一次内部审计报告。内部审计部门对审查过程中发现的内部控制缺陷，应当督促相关责任部门制定整改措施和整改时间，并进行内部控制的后续审查，监督整改措施的落实情况。内部审计部门在审查过程中如发现内部控制存在重大缺陷或者重大风险，应当及时向董事会或者审计委员会报告。

第十条 审计委员会在监督及评估内部审计部门工作时，应当履行下列主要职责：

（一）指导和监督内部审计制度的建立和实施；
（二）审阅公司年度内部审计工作计划；
（三）督促公司内部审计计划的实施；
（四）指导内部审计部门的有效运作。公司内部审计部门须向审计委员会报告工作，内部审计部门提交给管理层的各类审计报告、审计问题的整改计划和整改情况须同时报送审计委员会；
（五）向董事会报告内部审计工作进度、质量以及发现的重大问题等；
（六）协调内部审计部门与会计师事务所、国家审计机构等外部审计单位之间的关系。

第十一条 审计委员会应当督导内部审计部门至少每半年对下列事项进行一次检查，出具检查报告并提交审计委员会。检查发现公司存在违法违规、运作不规范等情形的，应当及时向深圳证券交易所报告：

（一）公司募集资金使用、提供担保、关联交易、证券投资与衍生品交易、提供财务资助、购买或出售资产、对外投资等重大事件的实施情况；
（二）公司大额资金往来以及与董事、监事、高级管理人员、控股股东、实际控制人及其关联人资金往来情况。

审计委员会应当根据内部审计部门提交的内部审计报告及相关资料，对公司内部控制有效性出具书面的评估意见，并向董事会报告。董事会或者审计委员会认为公司内部控制存在重大缺陷或者重大风险的，董事会应当及时向深圳证券交易所报告并予以披露。公司应当在公告中披露内部控制存在的重大缺陷或者重大风险、已经或者可能导致的后果，以及已采取或者拟采取的措施。

第十二条 公司须为审计委员会提供必要的工作条件，配备专门人员或者机构承担审计委员会的工作联络、会议组织、材料准备和档案管理等日常工作。审计委员会履行职责时，公司管理层及相关部门须给予配合。审计委员会认为必要的，可以聘请中介机构提供专业意见，有关费用由公司承担。

第十三条 审计委员会成员应当勤勉尽责，切实有效地监督、评估公司内外部审计工作，促进公司建立有效的内部控制并提供真实、准确、完整的财务报告。

第十四条 公司聘请或更换外部审计机构，须由审计委员会形成审议意见并向董事会提出建议后，董事会方可审议相关议案。审计委员会向董事会提出聘请或更换外部审计机构的建议，审核外部审计机构的审计费用及聘用条款，不应受公司主要股东、实际控制人或者董事、监事及高级管理人员的不当影响。审计委员会应当督促外部审计机构诚实守信、勤勉尽责，严格遵守业务规则和行业自律规范，严格执行内部控制制度，对公司财务会计报告进行核查验证履行特别注意义务，审慎发表专业意见。

第十五条 董事会审计委员会应当审阅公司的财务会计报告，对财务会计报告的真实性、准确性和完整性提出意见，重点关注公司财务会计报告的重大会计和审计问题，特别关注是否存在与财务会计报告相关的欺诈、舞弊行为及重大错报的可能性，监督财务会计报告问题的整改情况。

第十六条 公司董事会或者其审计委员会应当根据内部审计部门出具的评价报告及相关资料，出具年度内部控制评价报告。内部控制评价报告至少应当包括下列内容：

（一）董事会对内部控制报告真实性的声明；
（二）内部控制评价工作的总体情况；
（三）内部控制评价的依据、范围、程序和方法；
（四）内部控制缺陷及其认定情况；
（五）对上一年度内部控制缺陷的整改情况；
（六）对本年度内部控制缺陷拟采取的整改措施；
（七）内部控制有效性的结论。

第十七条 公司应当在年度报告中披露审计委员会年度履职情况，主要包括其履行职责的具体情况和审计委员会会议的召开情况。审计委员会就其职责范围内事项向董事会提出审议意见，董事会未采纳的公司应当披露该事项并充分说明理由。

第四章 决策程序

第十八条 内部审计部门负责做好审计委员会决策的前期准备工作，提供公司有关方面的书面资料：

（一）公司相关财务报告；
（二）内外部审计机构的工作报告；
（三）外部审计合同及相关工作报告；
（四）公司对外披露信息情况；
（五）公司重大关联交易审计报告；
（六）其他相关事宜。

第十九条 审计委员会会议对内部审计部门提供的报告进行评议，并将相关书面决议材料呈报董事会讨论：

（一）外部审计机构工作评价，外部审计机构的聘请及更换；
（二）公司内部审计制度是否已得到有效实施，公司财务报告是否全面真实；
（三）公司的对外披露的财务报告等信息是否客观真实，公司重大的关联交易是否合乎相关法律法规；
（四）公司财务部门、审计部门包括其负责人的工作评价；
（五）其他相关事宜。

第五章 议事规则

第二十条 审计委员会会议分为定期会议和临时会议，定期会议至少每季度召开一次，并向董事会报告，内容包括但不限于内部审计计划的执行情况以及内部审计工作中发现的问题。临时会议由审计委员会委员提议，并经过半数委员同意召开。会议应在召开前三天通知全体委员，情况紧急，需要尽快召开审计委员会会议的，可以随时通过电话或者其他口头方式发出会议通知，但召集人应当在会议上作出说明。

会议由召集人主持，召集人不能出席时可委托其他一名委员（独立董事）主持。

第二十一条 审计委员会会议应由三分之二以上的委员出席方可举行；每一名委员有一票的表决权；会议做出的决议，必须经全体委员的过半数通过。

第二十二条 审计委员会会议表决方式为举手表决、投票表决或通讯表决。

第二十三条 内部审计部门成员可列席审计委员会会议，必要时亦可邀请公司董事、监事及其他高级管理人员列席会议。

第二十四条 审计委员会会议的召开程序、表决方式和会议通过的议案必须遵循有关法律、法规、《公司章程》及本细则的规定。

第二十五条 审计委员会会议应当有记录，出席会议的委员应当在会议记录上签名；会议记录由公司董事会秘书保存，保存期限不少于10年。

第二十六条 审计委员会会议通过的议案及表决结果，应以书面形式报公司董事会。

第二十七条 出席会议的委员均对会议所议事项有保密义务，不得擅自披露有关信息。

第六章 附则

第二十八条 本工作细则自董事会决议通过后生效实施。

第二十九条 本工作细则未尽事宜，按国家有关法律、法规和《公司章程》的规定执行；本工作细则如与国家日后颁布的法律、法规或经合法程序修改后的《公司章程》相抵触时，按国家有关法律、法规和《公司章程》的规定执行，并立即修订，报董事会审议通过。

第三十条 本工作细则解释权归属公司董事会。

盛新锂能集团股份有限公司  
董事会  
二〇二三年十二月","002240","2023-12-13"
"618604cd-f129-4da9-8f71-e14ff020ef0b",盛新锂能：证券投资管理制度（2023年12月）,"盛新锂能集团股份有限公司证券投资管理制度

第一章 总则

第一条 为规范盛新锂能集团股份有限公司（以下简称""公司""）及控股子公司的证券投资行为，防范投资风险，保证投资资金的安全和有效增值，维护公司及全体股东利益，实现证券投资决策及流程的规范化、制度化，根据《中华人民共和国公司法》、《中华人民共和国证券法》、《深圳证券交易所股票上市规则》、《深圳证券交易所上市公司自律监管指引第1号——主板上市公司规范运作》、《深圳证券交易所上市公司自律监管指引第7号——交易与关联交易》和《公司章程》等有关法律法规和规章制度的规定，结合公司的实际情况，特制定本制度。

第二条 本制度所称证券投资包括新股配售或者申购、证券回购、股票及存托凭证投资、债券投资以及深圳证券交易所认定的其他投资行为。

以下情形不适用本制度：
（一）作为公司或控股子公司主营业务的证券投资行为；
（二）固定收益类或者承诺保本的投资行为；
（三）参与其他上市公司的配股或者行使优先认购权利；
（四）购买其他上市公司股份超过总股本的10%，且拟持有三年以上的证券投资；
（五）公司首次公开发行股票并上市前已进行的投资。

第三条 公司从事证券投资，应当遵循合法、审慎、安全、有效的原则，建立健全内控制度，控制投资风险、注重投资效益。

第四条 公司证券投资的资金来源为公司自有闲置资金，公司应严格控制证券投资的资金规模，合理安排使用资金，致力发展公司主营业务，不得使用募集资金直接或间接进行证券投资。公司使用自有闲置资金进行证券投资的，不得挤占公司正常运营和项目建设资金。

第五条 本制度适用于公司及控股子公司。公司控股子公司进行证券投资须报经公司审批，未经审批不得进行任何证券投资活动。

第二章 决策权限与审批程序

第六条 公司进行证券投资，应严格按照《公司章程》及本制度规定的投资权限进行投资操作，严格履行审批程序。

第七条 公司进行证券投资的决策权限如下：
（一）公司证券投资金额占公司最近一期经审计净资产10%以上且绝对金额超过1,000万元人民币的，应当在投资之前经董事会审议通过并及时履行信息披露义务。
（二）公司证券投资金额占公司最近一期经审计净资产50%以上且绝对金额超过5,000万元人民币的，或者根据《公司章程》规定应当提交股东大会审议的，公司在投资之前除应当及时披露外，还应当提交股东大会审议。

第八条 公司进行证券投资，如因交易频次和时效要求等原因难以对每次投资交易履行审议程序和披露义务的，可对未来12个月内证券投资范围、额度及期限等进行合理预计，以证券投资额度为标准适用审议程序和信息披露义务的相关规定。相关额度的使用期限不应超过12个月，期限内任一时点的证券投资金额（含前述投资的收益进行再投资的相关金额）不应超过证券投资额度。

第三章 监督与风险控制

第九条 公司应以公司或子公司名义设立证券账户和资金账户进行证券投资，不得使用他人账户或向他人提供资金进行证券投资。

公司应当规范开展证券账户、资金账户的开户、年审、销户等管理工作，在证券公司开立资金账户，与开户银行、证券公司达成三方存管协议，使银行账户与证券公司的资金账户对接。

第十条 公司应当分析投资的可行性与必要性，制定严格的决策程序、报告制度和监控措施，明确授权范围、操作要点与信息披露等具体要求，并根据公司的风险承受能力确定投资规模及期限。

第十一条 公司必须建立健全证券投资防范制度，确保在人员、信息、账户、资金、会计核算上严格分离，证券投资事项的审批人、操作人、资金管理人等相互独立。

第十二条 证券投资事项由公司投资部门实施。公司相关部门和人员在进行证券投资前，应知悉相关法律、法规和规范性文件关于证券投资的规定，不得进行违法违规的交易。参与制定和实施证券投资计划的人员，必须具有扎实的证券投资理论及相关经验。必要时可聘请外部具有丰富证券投资实战管理经验的人员提供咨询服务，以加强控制投资风险，提升投资管理水平。

第十三条 公司财务部负责证券投资资金的调拨和管理。公司进行证券投资，资金划拨程序须严格遵守公司财务管理制度。

第十四条 公司内部审计部门按照《内部审计制度》等相关规定定期或不定期对公司证券投资进行监督和检查。

公司监事会有权对公司证券投资情况进行定期或不定期的检查，如发现违规操作情况，可提议召开董事会审议停止公司的证券投资活动。

独立董事可以对证券投资资金使用情况进行检查，并有权聘任外部审计机构进行资金的专项审计。

第十五条 公司董事会办公室负责按照证券投资相关法律、法规、规范性文件及公司制度的规定办理证券投资的信息披露事宜。

第十六条 公司证券投资相关参与和知情人员在相关信息公开披露前须保守公司证券投资秘密，未经公司董事会允许不得向任何个人或组织透露上述证券投资信息（法律、法规或规范性文件另有规定的除外），不得利用知悉公司证券投资的便利牟取不正当利益。

第十七条 凡违反相关法律法规、本制度及公司其他规定，致使公司遭受损失的，应视具体情况，按照公司相关制度规定进行处理，相关责任人应依法承担相应责任。

第四章 信息披露

第十八条 公司披露证券投资事项应至少包含以下内容：
（一）证券投资情况概述，包括投资目的、投资金额、投资方式、投资品种、投资期限等；
（二）证券投资的资金来源；
（三）需履行审批程序的说明；
（四）证券投资对公司的影响；
（五）证券投资的风险控制措施；
（六）监管部门要求披露的其他必要信息。

第十九条 公司董事会应当持续跟踪证券投资的执行进展和投资安全状况，如出现投资发生较大损失等异常情况的，应当立即采取措施并按规定履行披露义务。

第二十条 公司应在定期报告中披露报告期内证券投资以及相应的损益情况，披露内容和格式按照监管机构信息披露的相关规定、指引或要求办理。

第五章 附则

第二十一条 本制度未尽事宜，按国家有关法律、法规、规范性文件和《公司章程》等规章制度规定执行；本制度如与国家日后颁布的法律、法规或经合法程序修改后的《公司章程》相抵触时，按国家有关法律、法规、规范性文件和《公司章程》的规定执行，并立即修订，报董事会审议通过。

第二十二条 本制度由公司董事会负责解释。

盛新锂能集团股份有限公司  
董事会  
二〇二三年十二月","002240","2023-12-13"
"53b12646-040f-40eb-aa68-8dd9386d2bb2",蔚蓝锂芯：关于使用部分闲置募集资金购买理财产品到期赎回的公告,"江苏蔚蓝锂芯股份有限公司关于使用部分闲置募集资金购买理财产品到期赎回的公告

股票代码：002245  
股票简称：蔚蓝锂芯  
编号：2023-050  

本公司及董事会全体成员保证信息披露内容的真实、准确和完整，没有虚假记载、误导性陈述或重大遗漏。

江苏蔚蓝锂芯股份有限公司（以下简称""公司""）于2023年8月11日召开第六届董事会第八次会议、第六届监事会第七次会议，2023年8月30日召开2023年第一次临时股东大会，审议通过了《关于使用部分闲置募集资金进行现金管理的议案》，同意公司（含子公司）在不影响募集资金投资项目建设和正常生产经营的前提下，使用不超过人民币10亿元的闲置募集资金进行现金管理，投资安全性高、流动性好的保本型投资产品，在上述额度内可循环使用，并授权公司管理层负责办理相关事宜。上述具体内容详见公司在巨潮资讯网（http://www.cninfo.com.cn）及《证券时报》披露的2023-035号《关于使用部分闲置募集资金进行现金管理的公告》。

一、使用部分闲置募集资金购买理财产品到期赎回的情况

2023年9月6日，公司使用10,000万元闲置募集资金购买了宁波银行单位结构性存款产品（91天），上述具体内容详见公司2023年9月9日在巨潮资讯网（http://www.cninfo.com.cn）及《证券时报》披露的2023-038号《关于使用部分闲置募集资金进行现金管理的进展公告》。

近日，公司已如期赎回上述理财产品，收回本金10,000万元，获得理财收益76.04万元，上述本金及理财收益已全额存入募集资金专用账户内。

二、截止公告日尚未到期募集资金购买理财产品情况

截止本公告日，公司使用募集资金购买理财产品余额为7亿元，分别为2023年9月14日及2023年9月23日使用闲置募集资金购买结构性存款5亿元及2亿元，详见公司在巨潮资讯网（http://www.cninfo.com.cn）及《证券时报》披露的2023-039号《关于使用部分闲置募集资金进行现金管理的进展公告》及2023-041号《关于使用部分闲置募集资金进行现金管理的进展公告》。

三、备查文件

1、理财产品到期赎回的银行回单。

特此公告！

江苏蔚蓝锂芯股份有限公司  
董事会  
二○二三年十二月十三日","002245","2023-12-13"
a728d94e-7ffd-4e49-a2e3-20201c4ff210,盛新锂能：第八届监事会第六次会议决议公告,"         证券代码：002240                  证券简称：盛新锂能                  公告编号：2023-113 
                  盛新锂能集团股份有限公司 
                第八届监事会第六次会议决议公告 
           本公司及监事会全体成员保证信息披露内容的真实、准确和完整，没有虚
         假记载、误导性陈述或重大遗漏。 
             盛新锂能集团股份有限公司（以下简称“公司”）第八届监事会第六次会议
         通知于 2023 年 12 月 7 日以电子邮件等方式送达全体监事。会议于 2023 年 12
         月 12 日在深圳市福田区华富路 1018 号中航中心 32 楼公司会议室以现场与通讯
         表决相结合方式召开。会议应出席监事 3 人，实际出席监事 3 人。本次会议的召
         集、召开符合《公司法》和《公司章程》的规定。 
             本次会议以记名投票表决方式审议并通过了如下议案： 
           一、以 3 票同意、0 票反对、0 票弃权的表决结果审议通过了《关于第一期
         限制性股票激励计划首次授予部分第三个解除限售期解除限售条件成就的议
         案》； 
           公司第一期限制性股票激励计划规定的首次授予部分第三个解除限售期解
         除限售条件已成就，同意公司对 49 名激励对象的第三个解除限售期限制性股票
         共计 1,705,500 股进行解除限售。 
             公司监事会对该事项出具了核查意见，具体内容详见公司同日刊登于巨潮资
         讯网（www.cninfo.com.cn）的《监事会关于公司第一期限制性股票激励计划首次
         授予部分第三个解除限售期解除限售条件成就的核查意见》。 
             二、以 3 票同意、0 票反对、0 票弃权的表决结果审议通过了《关于终止实
         施第一期限制性股票激励计划预留部分暨调整回购价格并回购注销相关限制性
         股票的议案》； 
           监事会已对不符合激励条件、个人层面绩效考核不达标和拟终止实施第一期
         限制性股票激励计划（以下简称“本激励计划”）预留部分的激励对象名单及回
         购注销的限制性股票数量进行了审核。 
             经审议，监事会认为：公司制定本激励计划的目的是为了进一步建立、健全
         公司长效激励机制，吸引和留住优秀人才，充分调动激励对象的积极性，有效地
         将股东利益、公司利益结合在一起，使各方共同促进公司的长远发展。受到当前
         宏观经济形势、市场环境及股价波动等因素的影响，继续实施本激励计划预计将
         难以达到激励目的和效果。公司终止实施本激励计划预留部分暨调整回购价格并
         回购注销相关限制性股票的事项符合《上市公司股权激励管理办法》等相关法律
         法规以及公司《第一期限制性股票激励计划（修订稿）》的有关规定，不会对公
         司的财务状况和经营成果产生重大影响，也不存在损害公司及全体股东利益的情
         形。综上，监事会同意公司终止实施本激励计划预留部分暨调整回购价格并回购
         注销相关限制性股票。 
             本议案尚需提交公司股东大会审议。 
             三、以 3 票同意、0 票反对、0 票弃权的表决结果审议通过了《关于修订 2021
         年员工持股计划及相关文件的议案》。 
             经审议，监事会认为：公司修订《2021 年员工持股计划（草案）》及其摘要、
         《2021 年员工持股计划管理办法》的内容符合《中华人民共和国公司法》《中华
         人民共和国证券法》《关于上市公司实施员工持股计划试点的指导意见》等法律
         法规、规范性文件以及《盛新锂能集团股份有限公司章程》的有关规定，本次修
         订 2021 年员工持股计划相关文件的议案的审议和决策程序合法、有效，不存在
         损害公司及全体股东利益的情形。 
             特此公告。 
   
 
 
                                    盛新锂能集团股份有限公司 
                                         监事会 
                                    二○二三年十二月十二日 
","002240","2023-12-12"
"663ad702-ccc8-4479-9bf6-7e870672d372",盛新锂能：关于2024年度日常关联交易预计的公告,"盛新锂能集团股份有限公司关于2024年度日常关联交易预计的公告

证券代码：002240  
证券简称：盛新锂能  
公告编号：2023-117  

本公司及董事会全体成员保证信息披露内容的真实、准确和完整，没有虚假记载、误导性陈述或重大遗漏。

一、日常关联交易基本情况

（一）日常关联交易概述

盛新锂能集团股份有限公司（以下简称""公司""）于2023年12月12日召开第八届董事会第七次会议，审议通过了《关于2024年度日常关联交易预计的议案》，同意公司（含控股子公司，下同）与关联方比亚迪股份有限公司（含控股子公司，以下统称""比亚迪""）在2024年度内发生日常关联交易金额不超过50亿元。公司独立董事已就该事项发表了事前认可意见和明确同意的独立意见。根据《公司章程》的规定，本次关联交易尚需提交公司股东大会审议。

除上述与比亚迪相关的关联交易外，公司已于2022年12月14日召开第七届董事会第四十二次会议，2022年12月30日召开2022年第五次（临时）股东大会，审议通过了《关于与华金矿业日常关联交易预计的议案》，同意在2023-2025年度公司控股子公司遂宁盛新锂业有限公司（以下简称""遂宁盛新""）（包括遂宁盛新指定的其他主体，下同）与关联方贵州华金矿业有限公司（以下简称""华金矿业""）发生日常关联交易金额为每年不超过2亿元，累计不超过6亿元。

（二）日常关联交易预计

公司根据日常生产经营的需要，对2024年度公司与比亚迪的日常关联交易预计如下：
关联交易类别 关联人 关联交易内容 定价原则 2024年合同签订金额或预计金额（亿元） 2023年1-11月已发生金额（亿元）

向关联人销售、加工产品 比亚迪 向其销售、加工锂产品 按照市场方式确定 50 22.83

注1：上述发生金额未经审计，以最终审计结果为准；  
注2：上述预计额度不构成公司的业绩预测或业绩承诺，公司与关联人的实际交易金额将根据日常关联交易实际发生情况确定。

（三）2023年1-11月日常关联交易实际发生情况
关联交易类别 关联人 关联交易内容 2023年1-11月实际发生金额（含税，亿元） 2023年预计金额（亿元） 2023年1-11月实际发生额与预计金额差异

销售、加工产品 比亚迪 锂盐销售 22.83 不超过130亿元 82.44%
委托加工矿产品 华金矿业 锂矿石选矿 0.29 不超过2亿元 85.50%

公司董事会对日常关联交易实际发生情况与预计存在较大差异的说明  
公司根据市场和实际生产经营情况确定日常关联交易实际发生额，导致与预计金额存在较大差异，上述差异不会对公司日常经营及业绩产生影响，不存在损害公司及全体股东特别是中小股东利益的情形。

公司独立董事对日常关联交易实际发生情况与预计存在较大差异的说明  
经核查，公司根据市场和实际生产经营情况确定日常关联交易实际发生额，导致与预计金额存在较大差异。上述交易遵循了""公平、公正、公允""的原则，符合公司业务发展需要，未发现损害公司及全体股东利益特别是中小股东利益的情形。

注：上述发生金额未经审计，以最终审计结果为准。

二、关联方介绍和关联关系

（一）基本情况

公司名称：比亚迪股份有限公司  
统一社会信用代码：91440300192317458F  
法定代表人：王传福  
注册资本：2,911,142,855元  
注册地址：深圳市大鹏新区葵涌街道延安路一号  
成立日期：1995年2月10日  
主要业务：比亚迪主要从事以新能源汽车为主的汽车业务、手机部件及组装业务、二次充电电池及光伏业务，并积极拓展城市轨道交通业务领域。

（二）股权结构

截至2023年9月30日，比亚迪前10名股东持股情况如下：
序号 股东名称 股东性质 持股比例 报告期末持股数量（股）

1 HKSCC NOMINEES LIMITED 境外法人 37.70% 1,097,448,246（注1）
2 王传福 境内自然人 17.64% 513,623,850（注2）
3 吕向阳 境内自然人 8.22% 239,228,620
4 融捷投资控股集团有限公司 境内非国有法人 5.33% 155,149,602
5 香港中央结算有限公司 境外法人 3.36% 97,770,223
6 夏佐全 境内自然人 2.84% 82,635,607（注3）
7 王念强 境内自然人 0.63% 18,299,740
8 中央汇金资产管理有限责任公司 国有法人 0.41% 11,976,633
9 李柯 境内自然人 0.37% 10,861,400
10 王传方 境内自然人 0.30% 8,824,680

注1：此数包括王传福先生持有的1,000,000股H股和夏佐全先生及其控股的海外公司SIGN INVESTMENTS LIMITED分别持有的195,000股H股和305,000股H股；也包括WESTERN CAPITAL GROUP LLC（系原名为MIDAMERICAN ENERGY HOLDINGS COMPANY的BERKSHIRE HATHAWAY ENERGY COMPANY 100%控制的公司）持有的股份转为HKSCC NOMINEES LIMITED代理的H股；  
注2：此数不包括王传福先生持有的1,000,000股H股；此数不包括王传福先生通过易方达资产比亚迪增持1号资产管理计划持有的3,727,700股A股；  
注3：此数不包括夏佐全先生及其控股的海外公司SIGN INVESTMENTS LIMITED分别持有的195,000股H股和305,000股H股。

比亚迪的控股股东及实际控制人为王传福先生。

（三）主要财务数据

最近一年及一期，比亚迪的主要财务数据如下表所示：
项目 2023年9月30日（未经审计） 2022年12月31日（经审计）

总资产 62,328,349.60万元 49,386,064.60万元
负债合计 48,221,663.90万元 37,247,080.90万元
所有者权益合计 14,106,685.70万元 12,138,983.70万元
项目 2023年1-9月（未经审计） 2022年度（经审计）

营业收入 42,227,483.80万元 42,406,063.50万元
净利润 2,232,642.70万元 1,771,310.40万元
归属于母公司所有者的净利润 2,136,689.60万元 1,662,244.80万元

注：以上数据来源于比亚迪2022年年度报告、2023年第三季度报告。

（四）关联关系说明

比亚迪目前为公司持股5%以上股东，且其董事会秘书李黔先生担任公司第八届董事会非独立董事，根据《深圳证券交易所股票上市规则》的相关规定，比亚迪为公司关联方，公司向比亚迪销售、加工锂产品将构成关联交易。

（五）履约能力分析

比亚迪作为上市公司及中国自主品牌汽车领军厂商，依法存续且正常经营，具有良好的履约能力。经查询，截至本公告披露日，比亚迪不是失信被执行人。

三、交易的主要内容及定价依据

公司向比亚迪销售、加工锂产品，属于正常经营业务往来，程序合法合规，与其他业务往来企业同等对待。双方按照客观、公平、公正的原则，按照市场方式定价，交易价格参考同类业务的市场价格并经双方平等协商确定，定价公允、合理，并根据实际发生的金额结算，2024年度预计交易金额不超过50亿元。

四、交易目的和对上市公司的影响

公司是比亚迪的上游原材料供应商。未来随着新能源汽车行业、储能行业的蓬勃发展和比亚迪产能投资计划的不断落地，比亚迪的锂产品的需求将会持续释放。公司向比亚迪销售、加工锂产品是公司开展生产经营活动的需要，有助于公司业务的发展，提升公司市场竞争力，产生良好的协同效应。公司向比亚迪销售、加工锂产品，以市场方式定价，对公司盈利有积极影响，不存在损害公司及其他非关联股东利益的情况，不存在违反相关法律法规的情况。本次关联交易不对公司的独立性构成重大不利影响。

五、独立董事事前认可和独立意见

（一）事前认可意见

经核查，我们认为：公司本次向关联方销售、加工锂产品系公司正常经营业务需要；交易价格依据市场价格水平，经双方平等、友好协商确定，定价公允，未损害上市公司及公司全体股东特别是中小股东利益。我们同意将此事项提交公司董事会审议。

（二）独立意见

经审议，我们认为：公司本次2024年度日常关联交易预计事项为公司正常经营业务所需，属于正当的商业行为，遵循市场化原则进行，公平合理、定价公允，不存在损害公司及非关联股东利益的情形。公司董事会在作出有关关联交易决议的过程中，履行了诚实信用和勤勉尽责的义务，关联董事依据有关规定回避表决，符合相关法律法规和《公司章程》的规定，不会对公司的持续经营带来重大的不确定性风险。综上，我们一致同意公司2024年度日常关联交易预计的议案，并同意将该议案提交公司股东大会审议。

六、保荐机构核查意见

经核查，保荐机构认为：公司本次2024年度日常关联交易预计事项已经董事会审议通过，独立董事已发表事前审核意见及同意相关事项的独立意见。本次事项尚需股东大会审议。上述事项的决策程序符合相关法律、法规及《公司章程》的规定，按照市场方式定价，符合公司发展和正常经营活动需要。综上所述，保荐机构对公司2024年度日常关联交易预计事项无异议。

七、备查文件
公司第八届董事会第七次会议决议；

独立董事关于第八届董事会第七次会议相关事项的事前认可意见；

独立董事关于第八届董事会第七次会议相关事项的独立意见；

中信证券股份有限公司关于盛新锂能集团股份有限公司2024年度日常关联交易预计事项的核查意见。

特此公告。

盛新锂能集团股份有限公司  
董事会  
二○二三年十二月十二日","002240","2023-12-13"
"0a34be21-28ad-4784-886a-db5997f1bc68",盛新锂能：独立董事关于第八届董事会第七次会议相关事项的事前认可意见,"盛新锂能集团股份有限公司独立董事关于第八届董事会第七次会议相关事项的事前认可意见

根据《上市公司独立董事规则》《深圳证券交易所股票上市规则》《深圳证券交易所上市公司自律监管指引第1号——主板上市公司规范运作》及《盛新锂能集团股份有限公司章程》等有关规定，我们作为盛新锂能集团股份有限公司（以下简称""公司""）独立董事，在公司召开第八届董事会第七次会议前，经认真审阅相关文件，依据客观公正的原则，基于独立判断的立场，对公司2024年度日常关联交易预计事项发表事前认可意见如下：

经核查，我们认为：公司本次向关联方销售、加工锂产品系公司正常经营业务需要；交易价格依据市场价格水平，经双方平等、友好协商确定，定价公允，未损害上市公司及公司全体股东特别是中小股东利益。我们同意将此事项提交公司董事会审议。

（以下无正文）

（此页无正文，为盛新锂能集团股份有限公司独立董事关于第八届董事会第七次会议相关事项的事前认可意见之签字页）

独立董事签署：

周毅                    马涛                    黄礼登

2023年12月7日","002240","2023-12-07"
"111","2222","222222","222222","2025-07-10"
"1313","3131","1133","131313","2025-07-09"
"1121212","41411","1113","413213","2025-07-09"
"44443","4frf",ffff,"222121","2025-07-10"
"31213","444","44332","121212","2025-07-08"
aaaaaaaaabbbbbbb,jhy有限公司发布新产品,这是jhy有限公司发布新产品的公告内容,"123456","2025-07-16"
kkkkkkkk,jhy发布会,这是jhy发布会的内容,"121212","2025-07-16"
ann_20250717180921_0,湖南长远锂科股份有限公司独立董事关于第二届董事会第十三次会议相关事项的独立意见,根据《中华人民共和国公司法》《上海证券交易所科创板股票上市规则》《湖南长远锂科股份有限公司章程》《湖南长远锂科股份有限公司独立董事工作管理办法》等相关法律、法规及规范性文件的规定，我们作为湖南长远锂科股份有限公司（以下简称“公司”）的独立董事，认真审查了公司第二届董事会第十三次会议的会议材料，经审慎分析，本着认真、负责、独立判断的态度，现发表独立意见。,"688779","2023-11-14"
"0338b366-8558-45c7-9644-3eacda4edb13",湖南长远锂科股份有限公司2023年第二次临时股东大会会议资料,"          为维护广大投资者的合法权益，保障股东在本次股东大会期间依法行使权利，
         根据《中华人民共和国公司法》（以下简称“《公司法》”）、《中华人民共和国
         证券法》（以下简称“《证券法》”）、《上市公司股东大会规则》及《湖南长远
         锂科股份有限公司章程》（以下简称“《公司章程》”）、《湖南长远锂科股份有
         限公司股东大会议事规则》等有关规定，特制定本会议须知： 
           一、湖南长远锂科股份有限公司（以下简称“公司”）负责本次股东大会的议
         程安排和会务工作，为确认出席大会的股东或其代理人或其他出席者的出席资格，
         会议工作人员将对出席会议者的身份进行必要的核对工作，请被核对者给予配合。 
             二、出席会议的股东及股东代理人须在会议召开前半小时到会议现场办理签
         到手续，并按规定出示证券账户卡、身份证明文件或营业执照/注册证书复印件
         （加盖公章）、授权委托书等，上述登记材料均需提供复印件一份，个人登记材
         料复印件须个人签字，法定代表人证明文件复印件须加盖公司公章，经验证后方
         可出席会议。会议开始后，由会议主持人宣布现场出席会议的股东人数及其所持
         有表决权的股份总数，在此之后进场的股东无权参与现场投票表决。 
             三、会议按照会议通知上所列顺序审议、表决议案。 
             四、股东及股东代理人依法享有发言权、质询权、表决权等权利。股东及股
         东代理人参加股东大会应认真履行其法定义务，不得侵犯公司和其他股东及股东
         代理人的合法权益，不得扰乱股东大会的正常秩序。 
             五、要求发言的股东及股东代理人，应当按照会议的议程，经会议主持人许
         可方可发言。有多名股东及股东代理人同时要求发言时，先举手者发言；不能确
         定先后时，由主持人指定发言者。股东及股东代理人发言或提问应围绕本次股东
         大会的议题进行，简明扼要，时间不超过 5 分钟。 
             六、股东及股东代理人要求发言时，不得打断会议报告人的报告或其他股东
         及股东代理人的发言，在股东大会进行表决时，股东及股东代理人不再进行发言。
         股东及股东代理人违反上述规定，会议主持人有权予以拒绝或制止。 
             七、主持人可安排公司董事和高级管理人员回答股东所提问题，对于可能将
         泄露公司商业秘密及/或内幕信息，损害公司、股东共同利益的提问，主持人或其
         指定的有关人员有权拒绝回答。 
             八、出席股东大会的股东及股东代理人，应当对提交表决的议案发表如下意
         见之一：同意、反对或弃权。出席现场会议的股东及股东代理人务必在表决票上
         签署股东名称或姓名。未填、错填、字迹无法辨认的表决票、未投的表决票均视
         投票人放弃表决权利，其所持股份的表决结果计为“弃权”。 
             九、本次股东大会采取现场投票和网络投票相结合的方式表决，结合现场投
         票和网络投票的表决结果发布股东大会决议公告。 
             十、本次股东大会由公司聘请的律师事务所执业律师现场见证并出具法律意
         见书。 
             十一、开会期间参会人员应注意维护会场秩序，不得随意走动，手机调整为
         静音状态，谢绝个人录音、录像及拍照，对干扰会议正常秩序或侵犯其他股东合
         法权益的行为，会议工作人员有权予以制止，并报告有关部门处理。 
             十二、股东及股东代理人出席本次股东大会产生的费用由股东自行承担。本
         公司不向参加股东大会的股东发放礼品，不负责安排参加股东大会股东的住宿等
         事项，以平等对待所有股东。 
            湖南长远锂科股份有限公司 
               2023 年第二次临时股东大会会议议程 
           一、会议时间、地点及投票方式 
           1、现场会议时间：2023 年 11 月 30 日（星期四）下午 14:00 
           2、现场会议地点：长沙市高新开发区谷苑路 820 号公司四楼会议室 
           3、会议召集人：董事会 
           4、会议主持人：董事长胡柳泉先生 
           5、网络投票的系统、起止时间和投票时间 
           网络投票系统：上海证券交易所股东大会网络投票系统 
           网络投票起止时间：自 2023 年 11 月 30 日至 2023 年 11 月 30 日 
           采用上海证券交易所网络投票系统，通过交易系统投票平台的投票时间为股
         东大会召开当日的交易时间段，即 9:15-9:25，9:30-11:30，13:00-15:00；通过互
         联网投票平台的投票时间为股东大会召开当日的 9:15-15:00。 
              二、会议议程： 
            （一） 参会人员签到、领取会议资料 
            （二） 主持人宣布会议开始，并向大会报告出席现场会议的股东人数及
         所持有的表决权数量，介绍现场会议参会人员、列席人员 
            （三） 主持人宣读股东大会会议须知 
            （四） 推举计票人和监票人 
            （五） 逐项审议会议各项议案 
         非累积投票议案名称 
          1  关于续聘会计师事务所的议案 
          2  关于与五矿集团财务有限责任公司签订《金融服务协议之补充协议
            （二）》暨关联交易的议案 
          3  关于公司2024年度日常关联交易预计的议案 
            （六） 与会股东及股东代理人发言及提问 
            （七） 与会股东及股东代理人对各项议案投票表决 
            （八） 休会，计票人、监票人统计现场投票表决结果 
            （九） 汇总网络投票与现场投票表决结果 
            （十） 主持人宣读股东大会表决结果及股东大会决议 
            （十一） 见证律师宣读本次股东大会的法律意见 
            （十二） 签署会议文件 
            （十三） 主持人宣布本次股东大会结束 
           湖南长远锂科股份有限公司 
               2023 年第二次临时股东大会会议议案 
         议案一 
                     关于续聘会计师事务所的议案 
         各位股东及股东代理人： 
           一、拟聘任会计师事务所事项说明 
           为确保湖南长远锂科股份有限公司（以下简称“公司”）2023 年度中国会计
         准则财务及内控审计工作的顺利进行及审计工作的连续性，并考虑到天职国际会
         计师事务所（特殊普通合伙）（以下简称“天职国际”）具备中国会计准则审计
         所需的专业资格，且服务团队具备多年为上市公司提供审计服务的经验和能力，
         在执业过程中坚持独立审计原则，能够满足公司年度财务及内控审计的工作要求，
         公司拟续聘其为公司 2023 年度的财务及内部控制审计机构，聘期一年。 
             二、拟聘任会计师事务所的基本情况 
           （一）机构信息 
           1、基本信息 
           天职国际创立于 1988 年 12 月，总部北京，是一家专注于审计鉴证、资本市
         场服务、管理咨询、政务咨询、税务服务、法务与清算、信息技术咨询、工程咨
         询、企业估值的特大型综合性咨询机构。 
             天职国际首席合伙人为邱靖之，注册地址为北京市海淀区车公庄西路 19 号
         68 号楼A-1 和A-5 区域，组织形式为特殊普通合伙。 
             天职国际已取得北京市财政局颁发的执业证书，是中国首批获得证券期货相
         关业务资格，获准从事特大型国有企业审计业务资格，取得金融审计资格，取得
         会计司法鉴定业务资格，以及取得军工涉密业务咨询服务安全保密资质等国家实
         行资质管理的最高执业资质的会计师事务所之一，并在美国 PCAOB 注册。天职
         国际过去二十多年一直从事证券服务业务。 
             2、人员信息 
           截止 2022 年 12 月 31 日，天职国际合伙人 85 人，注册会计师 1061 人，签署过证券服务业务审计报告的注册会计师 347 人。 
             3、业务规模 
           天职国际 2022 年度经审计的收入总额 31.22 亿元，审计业务收入 25.18 亿
         元,证券业务收入 12.03 亿元。2022 年度上市公司审计客户 248 家，主要行业（证
         监会门类行业，下同）包括制造业、信息传输、软件和信息技术服务业、电力、
         热力、燃气及水生产和供应业、批发和零售业、交通运输、仓储和邮政业等，审
         计收费总额 3.19 亿元，本公司同行业上市公司审计客户 152 家。 
             4、投资者保护能力 
           天职国际按照相关法律法规在以前年度已累计计提足额的职业风险基金，已
         计提的职业风险基金和购买的职业保险累计赔偿限额不低于 20,000 万元。职业
         风险基金计提以及职业保险购买符合相关规定。近三年（2020 年度、2021 年度、
         2022 年度及 2023 年初至目前，下同），天职国际不存在因执业行为在相关民事
         诉讼中承担民事责任的情况。 
             5、诚信记录 
           天职国际近三年因执业行为受到刑事处罚 0 次、行政处罚 0 次、监督管理措
         施 9 次、自律监管措施 1 次和纪律处分 0 次。从业人员近三年因执业行为受到监
         督管理措施 9 次，涉及人员 22 名，不存在因执业行为受到刑事处罚、行政处罚
         和自律监管措施的情形。 
             （二）项目成员信息 
           1、基本信息 
           项目合伙人、签字注册会计师、项目质量控制复核人基本信息如下： 
           项目合伙人及签字注册会计师 1：傅成钢，1998 年成为注册会计师，2008 年
         开始从事上市公司审计，2010 年开始在本所执业，2023 年开始为本公司提供审
         计服务，近三年签署上市公司审计报告不少于 10 家，近三年复核上市公司审计
         报告不少于 3 家。 
             签字注册会计师 2：徐兴宏，2008 年成为注册会计师，2010 年开始从事上
         市公司审计，2007 年开始在本所执业，2023 年开始为本公司提供审计服务，近
         三年签署上市公司审计报告 2 家，近三年复核上市公司审计报告 1 家。 
             签字注册会计师 3：罗浩，2022 年成为注册会计师，2016 年开始从事上市
         公司审计，2022 年开始在本所执业，2022 年开始为本公司提供审计服务，近三年签署上市公司审计报告 2 家。 
   
           项目质量控制复核人：王金峰，2016 年成为注册会计师，2008 年开始从事
         上市公司审计，2008 年开始在本所执业，2023 年开始为本公司提供审计服务，
         近三年签署上市公司审计报告 4 家，近三年复核上市公司审计报告 1 家。 
             2、诚信记录 
           项目合伙人、签字注册会计师、项目质量控制复核人近三年不存在因执业行
         为受到刑事处罚，受到证监会及其派出机构、行业主管部门等的行政处罚、监督
         管理措施，受到证券交易所、行业协会等自律组织的自律监管措施、纪律处分的
         情况。 
             3、独立性 
           天职国际及项目合伙人、签字注册会计师、项目质量控制复核人等不存在可
         能影响独立性的情形。 
             4、审计收费 
           审计收费定价原则主要基于公司的业务规模、所处行业和会计处理复杂程度
         等多方面因素，并根据公司年报审计需配备的审计人员情况和投入的工作量以及
         事务所的收费标准确定。公司 2022 年度审计费用 105 万元（其中财务报告审计
         费 90 万元，内控报告审计费 15 万元）。 
             公司董事会提请股东大会授权公司管理层根据 2023 年度的具体审计要求和
         审计范围，按照市场公允合理的定价原则与天职国际协商确定 2023 年度审计费
         用（包括财务报告审计费用和内部控制审计费用），并签署相关服务协议等事项。 
             具 体 内 容 详 见 公 司 于 2023 年 11 月 15 日 在 上 海 证 券 交 易 所 网 站
         （www.sse.com.cn）披露的《湖南长远锂科股份有限公司关于续聘会计师事务所
         的公告》（公告编号：2023-050）。 
             本议案已经公司第二届董事会第十三次会议审议通过，现提请股东大会审议，
         请各位股东及股东代理人审议。 
         议案二 
 
         关于与五矿集团财务有限责任公司签订《金融服务协议之补充协议（二）》暨
                         关联交易的议案 
         各位股东及股东代理人： 
           公司于 2021 年 12 月 13 日分别召开了第一届董事会第二十次会议、第一届
         监事会第十三次会议审议通过了《关于与五矿集团财务有限责任公司签订<金融
         服务协议>暨关联交易的议案》，并经公司 2021 年 12 月 29 日召开的 2021 年度
         第六次临时股东大会审议通过。具体内容详见公司于 2021 年 12 月 14 在上海证
         券交易所网站（www.sse.com.cn）披露的《湖南长远锂科股份有限公司关于与五
         矿集团财务有限责任公司签订<金融服务协议>暨关联交易的公告》（公告编号：
         2021-025）。 
             结合公司业务发展及资金管理需求，公司于 2022 年 11 月 30 日分别召开了
         第二届董事会第六次会议、第二届监事会第六次会议审议通过了《关于与五矿集
         团财务有限责任公司签订<金融服务协议之补充协议>暨关联交易的议案》，并经
         公司 2022 年 12 月 19 日召开的 2022 年第四次临时股东大会审议通过。具体内容
         详见公司于 2022 年 12 月 1 日在上海证券交易所网站（www.sse.com.cn）披露的
         《关于与五矿集团财务有限责任公司签订<金融服务协议之补充协议>暨关联交
         易的公告》（公告编号：2022-077）。 
             根据公司经营发展需要，经与五矿财务公司协商，双方本着友好合作、平等、
         自愿、互惠互利的原则，在原签订的《金融服务协议》和《金融服务协议之补充
         协议》的基础上，拟签订《金融服务协议之补充协议（二）》（以下简称“《补
         充协议（二）》”），就《金融服务协议之补充协议》中部分条款进行调整。 
             该协议内容以市场原则为基础，不存在损害公司股东利益的情形。按照《上
         海证券交易所科创板股票上市规则》的相关规定，公司与五矿财务公司受同一实
         际控制人中国五矿集团有限公司控制，本次交易构成关联交易，不构成《上市公
         司重大资产重组管理办法》规定的重大资产重组。 
             截至 2023 年 11 月 5 日，公司在五矿财务公司的存款余额为 13,486.79 万元。 
           一、交易方基本情况 
           （一）基本情况 
          公司名称 
公司类型 
          成立时间 
                    五矿集团财务有限责任公司 
其他有限责任公司 
                    1993 年 5 月 26 日 
          统一社会信用代码 
                    91110000101710917K 
          注册资本 
                    350,000 万元人民币 
          法定代表人 
                    张树强 
          住所 
          股权结构 
          经营范围 
 
                    北京市海淀区三里河路 5 号 A247-A267（单）A226-A236
（双）C106 
                    中国五矿股份有限公司持有五矿财务公司 92.5%的股权；五矿资
本控股有限公司持有五矿财务公司 7.5%的股权。 
                      对成员单位办理财务和融资顾问、信用鉴证及相关的咨询、代理
业务；协助成员单位实现交易款项的收付；经批准的保险代理业
务；对成员单位提供担保；办理成员单位之间的委托贷款及委托
投资；对成员单位办理票据承兑与贴现；办理成员单位之间的内
部转帐结算及相应的结算、清算方案设计；吸收成员单位的存款；
对成员单位办理贷款及融资租赁；从事同业拆借；经批准发行财
务公司债券；承销成员单位的企业债券；对金融机构的股权投资；
有价证券投资。（企业依法自主选择经营项目，开展经营活动；
依法须经批准的项目，经相关部门批准后依批准的内容开展经营
活动；不得从事本市产业政策禁止和限制类项目的经营活动。） 
           （二）关联方主要财务指标 
                财务指标 
                                 2022-12-31（经审计） 
                                            单位：万元 
                 总资产 
                 净资产 
                 营业收入 
                 净利润 
           （三）关联关系说明 
           公司与五矿财务公司属于同一实际控制人中国五矿集团有限公司控制下的
         企业，根据《上海证券交易所科创板股票上市规则》的有关规定，本次交易构成
 
         关联交易。 
             （四）其他 
           经查询，五矿财务公司不属于失信被执行人。 
             二、《补充协议（二）》的主要内容 
           （一）协议签署方 
           甲方：五矿集团财务有限责任公司 
           乙方：湖南长远锂科股份有限公司 
           （二）交易金额调整 
           原《金融服务协议之补充协议》中，存款业务：“在符合上海证券交易所相
         关规定的基础上，公司及控股子公司任一日在五矿财务公司的存款余额合计不超
         过人民币 20 亿元。” 
           现调整为，存款业务：“在符合上海证券交易所相关规定的基础上，公司及
         控股子公司任一日在五矿财务公司的存款余额合计不超过人民币 40 亿元。” 
           （三）生效条件 
           本《补充协议（二）》自双方法定代表人或授权代表签署并加盖公章，并经
         公司股东大会审议通过后生效。 
             除《补充协议（二）》中明确所作修改的条款和内容之外，《金融服务协议》
         和《金融服务协议之补充协议》的其余部分应完全继续有效。《补充协议（二）》
         与《金融服务协议》《金融服务协议之补充协议》有相互冲突时，以《补充协议
         （二）》为准。 
             公司制定了以保障存放资金安全性为目标的风险处置预案，并经公司第二届
         董事会第三次会议审议通过，详细内容请见 2022 年 9 月 30 日公司在上海证券交
         易所网站（www.sse.com.cn）披露《湖南长远锂科股份有限公司与五矿集团财务
         有限责任公司关联交易的风险处置预案》。截至 2023 年 6 月 30 日，五矿财务公
         司严格按照《企业集团财务公司管理办法》规定经营，五矿财务公司的风险管理
         不存在重大缺陷。具体内容详见公司 2023 年 8 月 19 日在上海证券交易所网站
         （www.sse.com.cn）披露《湖南长远锂科股份有限公司关于对五矿集团财务有限
         责任公司的风险持续评估报告》。 
             三、本次关联交易的目的和对公司的影响 
           五矿财务公司作为一家经中国银行业监督管理委员会批准设立的非银行金
         融机构，具有为企业集团成员单位提供金融服务的各项资质，各项指标均符合《企
         业集团财务公司管理办法》的规定。五矿财务公司为公司提供金融服务时，双方
         遵循平等自愿、优势互补、互利互惠、合作共赢的原则进行，公司与关联方五矿
         财务公司签订《补充协议（二）》，就双方于 2022 年 12 月 21 日签订的《金融
         服务协议之补充协议》部分条款进行调整，有利于加强公司资金管理、优化公司
         财务管理、提高资金使用效率。 
             具 体 内 容 详 见 公 司 于 2023 年 11 月 15 日 在 上 海 证 券 交 易 所 网 站
         （www.sse.com.cn）披露的《湖南长远锂科股份有限公司关于与五矿集团财务有
         限责任公司签订<金融服务协议之补充协议（二）>暨关联交易的公告》（公告编
         号：2023-051）。 
             本议案已经公司第二届董事会第十三次会议、第二届监事会第十二次会议审
         议通过，现提请股东大会审议，请各位股东及股东代理人审议。 
             关联股东中国五矿股份有限公司、长沙矿冶研究院有限责任公司、宁波创元
         建合投资管理有限公司、五矿金鼎投资有限公司对本议案予以回避表决。 
   
                  
 
 
                                湖南长远锂科股份有限公司董事会 
                                        2023 年 11 月 30 日 
 
         议案三 
 
                  关于公司 2024 年度日常关联交易预计的议案 
         各位股东及股东代理人： 
           一、2024 年度日常关联交易预计金额和类别 
           根据以往年度公司经营情况，结合公司实际经营需要，公司及子公司 2024
         年度预计与关联方发生的日常性关联交易金额不超过 161,332.73 万元，定价原则
         按照当时市场价格确定，具体关联交易内容及金额预计如下表所示。 
             二、2023 年度日常关联交易的预计和执行情况 
           第二届董事会第七次会议、第二届监事会第七次会议，2023 年第一次临时
         股东大会分别于 2023 年 2 月 14 日和 2023 年 3 月 2 日审议通过了《关于公司
         2023 年度日常关联交易预计的议案》，预计 2023 年度公司及子公司与关联方发
         生的日常性关联交易金额不超过 425,322.40 万元。2023 年度日常关联交易的预
         计和执行情况如下表所示。 
             二、关联方基本情况及关联关系介绍 
           1、公司名称：中国五矿集团有限公司（以下简称“中国五矿”） 
           2、法定代表人：翁祖亮 
           3、注册资本：1,020,000 万元人民币 
           4、公司类型：有限责任公司（国有独资） 
           5、成立日期：1982-12-09 
           6、住所：北京市海淀区三里河路五号 
           7、经营范围：黑色金属、有色金属、矿产品及非金属矿产品的投资、销售；
         新能源的开发和投资管理；金融、证券、信托、租赁、保险、基金、期货领域的
         投资管理；投资与资产管理；各种工程技术咨询服务及工程设备租赁；与工程建
         筑相关的新材料、新工艺、新产品技术开发、技术服务、技术交流和技术转让；
         冶金工业所需设备的开发、销售；承担国外各类工业、民用建筑工程咨询、勘察、
         设计和设备租赁；机电产品、小轿车、建筑材料、仪器仪表、五金交电、机械设
         备的销售；建筑及机电设备安装工程技术研究、规划勘察、设计、监理服务；房
         地产开发与经营；物业管理；进出口业务；招标、投标及招标代理；承办展览展
         示活动；设计、制作、代理、发布国内外广告；经济贸易咨询；技术服务、技术
         交流；自有房屋租赁。（市场主体依法自主选择经营项目，开展经营活动；依法
         须经批准的项目，经相关部门批准后依批准的内容开展经营活动；不得从事国家
         和本市产业政策禁止和限制类项目的经营活动。） 
           8、股权结构：国务院国有资产监督管理委员会持股 100%。 
           10、关联关系：中国五矿是公司的实际控制人。 
             11、履约能力分析：公司认为中国五矿为依法存续且经营正常的公司，财务
         及资信状况良好，经营稳健，前次关联交易执行情况良好，具有良好的履约能力。 
             三、关联交易的主要内容 
           公司与关联方所进行的关联交易均系公司基于日常生产经营需要而发生的
         日常经营行为，交易以自愿、平等、互惠互利、公允的原则进行，与关联方发生
         的关联交易的定价遵循公平、公正、等价、有偿等市场原则。 
             日常关联交易额度预计事项经股东大会审议通过后，公司及子公司与关联方
         具体关联交易协议或订单在实际采购、服务发生时签署，公司向关联人销售或采
         购产品时，具体产品的名称、规格、要求等由合同确定，定价原则为市场价格。 
             四、关联交易的目的与影响 
           公司与关联人发生交易是正常的商业交易行为，为正常的生产经营所需。公
         司与关联人均为独立法人，独立经营，在资产、财务、人员等方面均相互独立，
         交易价格依据市场公允价格合理确定。公司与关联人的交易行为能够充分利用双
         方的产业优势，降低生产经营成本。公司关于关联交易的决策程序符合有关法律
         法规及《公司章程》等有关规定，公司日常关联交易不会对关联方形成较大的依
         赖，不会影响公司的独立性，不会对公司的持续经营能力产生影响，不存在损害
         公司及股东特别是中、小股东利益的情形。 
             具 体 内 容 详 见 公 司 于 2023 年 11 月 15 日 在 上 海 证 券 交 易 所 网 站
         （www.sse.com.cn）披露的《湖南长远锂科股份有限公司关于公司 2024 年度日
         常关联交易预计的公告》（公告编号：2023-052）。 
             本议案已经公司第二届董事会第十三次会议、第二届监事会十二次会议审议
         通过，现提请股东大会审议，请各位股东及股东代理人审议。 
             关联股东中国五矿股份有限公司、长沙矿冶研究院有限责任公司、宁波创元
         建合投资管理有限公司、五矿金鼎投资有限公司对本议案予以回避表决。 
","688779","2023-11-16"
"0e1932cd-6648-4fff-8d7b-ea7f3882125a","111亿纬锂能：关于控股股东部分股份解除质押及质押的公告","​​惠州亿纬锂能股份有限公司​​
​​关于控股股东部分股份解除质押及质押的公告​​

​​证券代码：300014​​
​​证券简称：亿纬锂能​​
​​公告编号：2023-179​​

本公司及董事会全体成员保证信息披露的内容真实、准确、完整，没有虚假记载、误导性陈述或重大遗漏。

惠州亿纬锂能股份有限公司（以下简称""公司""）于近日接到控股股东西藏亿纬控股有限公司（以下简称""亿纬控股""）的通知，获悉亿纬控股将其所持有的公司部分股份进行了解除质押及质押业务。具体情况公告如下：

一、股东股份质押的基本情况

本次股份质押情况
股东名称：西藏亿纬控股有限公司（亿纬控股）
是否为控股股东或第一大股东及其一致行动人：是
本次质押数量：5,000,000股
占其所持股份比例：0.76%
占公司总股本比例：0.24%
是否为限售股：否
是否为补充质押：否
本次股份解除质押情况
股东名称：西藏亿纬控股有限公司（亿纬控股）
是否为控股股东或第一大股东及其一致行动人：是
本次解除质押数量：5,000,000股
占其所持股份比例：0.76%
占公司总股本比例：0.24%
质权人：广发证券股份有限公司
质押起始日：2023年2月14日
解除质押日：2023年11月23日
用途：偿还债务
二、股东股份累计质押情况

截至本公告日，公司控股股东、实际控制人及其一致行动人累计质押股份情况如下：

西藏亿纬控股有限公司
持股数量：655,064,787股
持股比例：32.02%
本次质押前质押股份数量：318,370,000股
本次质押后质押股份数量：318,370,000股
已质押股份占其所持股份比例：48.60%
已质押股份占公司总股本比例：15.56%
其中限售股数量：43,600,000股
限售股占已质押股份比例：13.69%
刘金成（实际控制人）
持股数量：77,430,681股
持股比例：3.79%
本次质押前质押股份数量：22,500,000股
本次质押后质押股份数量：22,500,000股
已质押股份占其所持股份比例：29.06%
已质押股份占公司总股本比例：1.10%
其中限售股数量：11,085,142股
限售股占已质押股份比例：49.27%
骆锦红（一致行动人）
持股数量：82,649,082股
持股比例：4.04%
本次质押前质押股份数量：13,400,000股
本次质押后质押股份数量：13,400,000股
已质押股份占其所持股份比例：16.21%
已质押股份占公司总股本比例：0.66%
其中限售股数量：0股
合计：
总持股数量：815,144,550股
总持股比例：39.85%
累计质押股份数量：354,270,000股
累计质押股份占其所持股份比例：43.46%
累计质押股份占公司总股本比例：17.32%
其中限售股数量：54,685,142股
限售股占累计质押股份比例：15.44%

三、风险说明

上述质押股份不存在负担重大资产重组等业绩补偿义务。
亿纬控股资信状况良好，具备足够的资金偿还能力，质押股份风险可控。
目前不存在平仓风险或被强制平仓的情形，上述质押事项不会导致公司实际控制权发生变更。
公司将持续关注其质押变动情况及风险，并及时进行披露。
四、备查文件

证券质押及司法冻结明细表；
股份质押的其他相关证明。
特此公告。

惠州亿纬锂能股份有限公司董事会
2023年11月23日","300014","2023-11-23"
"6d7bffd8-3192-4406-91ea-c626cf76b642",湖南长远锂科股份有限公司第二届监事会第十二次会议决议公告,"本公司监事会及全体监事保证本公告内容不存在任何虚假记载、误导性陈述或者重大遗漏，并对其内容的真实性、准确性和完整性依法承担法律责任。 
           一、监事会会议召开情况 
           湖南长远锂科股份有限公司（以下简称“公司”）第二届监事会第十二次会
         议于 2023 年 11 月 9 日以电子邮件方式发出会议通知。会议于 2023 年 11 月 14
         日以通讯的方式召开。会议应到监事 5 名，实际出席监事 5 名。会议由公司监事
         会主席吴世忠先生主持。会议的召集、召开符合《中华人民共和国公司法》《上
         海证券交易所科创板股票上市规则》和《湖南长远锂科股份有限公司章程》等有
         关法律、行政法规、部门规章、规范性文件的规定。 
             二、监事会会议审议情况 
           1、审议通过《关于与五矿集团财务有限责任公司签订<金融服务协议之补
         充协议（二）>暨关联交易的议案》 
           公司本次与五矿集团财务有限责任公司签订《金融服务协议之补充协议
         （二）》，是以市场原则为基础，协议内容合法合规，约定条款公平公正，涉及
         的关联交易定价公允合理，决策程序符合相关法律、法规的要求和《公司章程》
         的规定，不存在损害公司股东利益，特别是中小股东利益的情形。 
             关联监事吴世忠先生、赵增山先生已回避表决。 
             表决结果：3票同意，0票反对，0票弃权，2票回避。 
             本议案尚需提交股东大会审议。 
             具体内容详见公司于同日在上海证券交易所网站（www.sse.com.cn）披露的
         《湖南长远锂科股份有限公司关于与五矿集团财务有限责任公司签订<金融服务
         协议之补充协议（二）>暨关联交易的公告》（公告编号：2023-051）。 
             2、审议通过《关于公司2024年度日常关联交易预计的议案》 
           根据《上海证券交易所科创板股票上市规则》及《湖南长远锂科股份有限公
         司章程》等相关规定的要求，公司2024年度日常关联交易的预计符合正常的业务
         发展需要，交易定价遵循公平、公正、公允的市场化原则，符合公司和全体股东
         的利益，对公司独立性无影响，不存在损害公司及股东利益的情况。综上，我们
         同意该议案。 
             关联监事吴世忠先生、赵增山先生已回避表决。 
             表决结果：3票同意，0票反对，0票弃权，2票回避。 
             本议案尚需提交股东大会审议。 
             具体内容详见公司于同日在上海证券交易所网站（www.sse.com.cn）披露的
         《湖南长远锂科股份有限公司关于公司2024年度日常关联交易预计的公告》（公
         告编号：2023-052）。 
   
           特此公告。 ","688779","2023-11-15"
"8cb6478d-fa97-4f63-b709-185b3e715884",湖南长远锂科股份有限公司2023年董事会审计委员会履职情况报告,"           根据《上市公司治理准则》《上海证券交易所科创板股票上市规则》《上海
         证券交易所科创板上市公司自律监管指引第 1 号——规范运作》等相关法律法规
         和《湖南长远锂科股份有限公司章程》《湖南长远锂科股份有限公司董事会审计
         委员会工作管理办法》的有关规定，湖南长远锂科股份有限公司（以下简称“公
         司”）董事会审计委员会全体委员本着勤勉尽责的原则，恪尽职守，认真履行职
         责。现将公司董事会审计委员会（以下简称“审计委员会”）2023 年度履职情
         况汇报如下： 
           一、审计委员会基本情况 
           公司第二届董事会审计委员会由独立董事丁亭亭先生、邓超先生及公司董事
         长胡柳泉先生担任，均具有能够胜任审计委员会工作职责的专业知识和经验。其
         中召集人由具有专业会计资格的独立董事丁亭亭先生担任。 
             二、2023 年度审计委员会会议召开情况 
           2023 年，公司董事会审计委员会共召开会议 5 次，审议通过了 21 项议案，
         全体委员均亲自出席，具体情况如下： 
        会议届次 
                 会议时间 
                                    议案名称 
      第二届董事会审计
      委员会第四次会议 
                2023/2/14  1、关于公司 2023 年度日常关联交易预计的议案 
                       1、关于公司 2022 年年度报告及其摘要的议案； 
                       2、关于公司 2022 年度董事会审计委员会履职情况报告的议案； 
                       3、关于公司 2022 年度财务决算报告的议案； 
                       4、关于公司 2023 年度财务预算报告的议案； 
      第二届董事会审计
      委员会第五次会议 
                2023/4/21 
                       5、关于 2022 年度募集资金存放与实际使用情况专项报告的议案； 
                       6、关于对五矿集团财务有限责任公司的风险持续评估报告的议案； 
                       7、关于公司 2022 年度内部控制评价报告的议案； 
                       8、关于公司 2023 年度内控评价工作方案的议案； 
                       9、关于公司 2023 年度全面风险管理报告的议案； 
                       10、关于公司 2022 年度审计工作总结的议案； 
                       11、关于公司 2023 年度审计工作计划的议案； 
                       12、关于修订<湖南长远锂科股份有限公司董事会审计委员会工作
                       管理办法>的议案； 
                       13、关于公司 2023 年第一季度报告的议案。 
                         1、关于 2023 年半年度报告及其摘要的议； 
      第二届董事会审计
                       2、关于 2023 年半年度募集资金存放与实际使用情况的专项报告的
      委员会第六次会议 
                       议； 
                2023/8/18 
                       3、关于对五矿集团财务有限责任公司的风险持续评估报告的议案。 
        第二届董事会审计
      委员会第七次会议 
                2023/10/27  1、关于公司 2023 年第三季度报告的议案 
                       1、关于续聘会计师事务所的议案； 
      第二届董事会审计
                       2、关于与五矿集团财务有限责任公司签订《金融服务协议之补充
      委员会第八次会议 
                       协议（二）》暨关联交易的议案； 
                2023/11/14 
                       3、关于公司 2024 年度日常关联交易预计的议案。 
             三、2023 年度审计委员会主要工作情况 
           （一）监督及评估公司外部审计机构工作 
           报告期内，公司董事会审计委员会对天职国际会计师事务所（特殊普通合伙）
         （以下简称“天职国际”）的审计工作进行了监督和评价，并对其专业性和独立
         性进行了评估，认为其具有从事证券相关业务的资格，天职国际在为公司提供审
         计服务的过程中，严格遵守《中国注册会计师审计准则》的规定，严谨、客观、
         公允、独立地履行职责，具备为公司提供审计服务的资质、经验和专业能力，能
         够较好地履行了审计机构的责任与义务。 
             （二）监督及评估公司内部审计工作 
           报告期内，公司审计委员会根据《中华人民共和国公司法》《中华人民共和
         国证券法》等相关规定，认真审阅了公司的审计工作总结、审计工作计划，督促
         公司内部审计部门严格按照审计计划执行各项工作，并对内部审计工作提出了指
         导性意见，促进了内部审计部门的有效运作。报告期内，未发现内部审计工作存
         在重大问题。 
             （三）审核公司的财务报告 
           报告期内，审计委员会认真审阅了公司的财务报告，认为公司财务报告均按
         照企业会计准则的规定编制，所载内容真实、完整、准确，公允反映了公司财务
         状况、经营成果和现金流量，不存在欺诈、舞弊行为及重大错报的情况，也不存
         在重大会计差错调整，符合有关规定和公司实际情况，且在编制过程中相关人员
         遵守规定，未发现有违反保密规定的行为。 
             （四）评估内部控制的有效性 
           报告期内，审计委员会对公司内部控制建设和运行的各项工作进行了监督，
         认真审阅了公司内部控制审计报告及内部控制自我评价报告，认为公司已经建立
         了较为健全的内部控制制度体系，内部控制实际运作情况符合中国证监会及有关
         部门发布的有关上市公司治理规范的要求。 
             （五）关联交易管理相关工作 
           报告期内，审计委员会对年度内的关联交易事项事项进行严格审核，认为公
         司对关联交易事项的决策程序合规，与关联方发生的关联交易基于公司经营计划
         需求，交易定价公允、合理，有利于公司正常业务的开展，未损害公司及股东的
         利益。 
             （六）协调管理层、内部审计部门及相关部门与外部审计机构的沟通 
           报告期内，董事会审计委员会协调公司管理层、公司纪检部、财务部及其他
         相关部门与外部审计机构保持了良好沟通，积极协调审计过程中出现的问题，履
         行了协助公司审计工作顺利完成的各项职责。 
             四、总体评价 
           报告期内，公司审计委员会依据《上市公司治理准则》《上海证券交易所科
         创板股票上市规则》《上海证券交易所科创板上市公司自律监管指引第 1 号——
         规范运作》及《湖南长远锂科股份有限公司章程》《湖南长远锂科股份有限公司
         董事会审计委员会工作管理办法》的相关规定，恪尽职守、尽职尽责地履行了审
         计委员会的职责。 
             2024 年度，公司审计委员会将继续秉承审慎、客观、独立的原则，继续按
         照相关法律法规的规定，规范履职，更好地发挥审计委员会的重要作用，积极维
         护公司及全体股东的合法权益。 ","688779","2024-04-25"
"9cd7074b-e49c-498d-849d-7909a44f6bc3",湖南长远锂科股份有限公司关于与五矿集团财务有限责任公司签订《金融服务协议之补充协议（二）》暨关联交易的公告,"           本公司董事会及全体董事保证本公告内容不存在任何虚假记载、误导性陈
         述或者重大遗漏，并对其内容的真实性、准确性和完整性依法承担法律责任。 
             重要内容提示： 
             交易内容：根据公司经营发展需要，湖南长远锂科股份有限公司（以下
         简称“公司”）拟与五矿集团财务有限责任公司（以下简称“五矿财务公司”）签
         订《金融服务协议之补充协议（二）》（以下简称“《补充协议（二）》”），在原签
         订的《金融服务协议》及《金融服务协议之补充协议》的基础上，就《金融服务
         协议之补充协议》中部分条款进行调整。 
               本次关联交易已经公司第二届董事会第十三次会议、第二届监事会第十
         二次会议审议通过，尚需提交公司股东大会审议批准，关联股东将在股东大会上
         对该议案回避表决。 
               本次交易不构成《上市公司重大资产重组管理办法》规定的重大资产重
         组，本次交易实施不存在重大法律障碍。 
               本次关联交易公允合理，不会损害公司及全体股东的利益，不会对关联
         人形成依赖。 
             一、关联交易概述 
           公司于 2021 年 12 月 13 日分别召开了第一届董事会第二十次会议、第一届
         监事会第十三次会议审议通过了《关于与五矿集团财务有限责任公司签订<金融
         服务协议>暨关联交易的议案》，并经公司 2021 年 12 月 29 日召开的 2021 年度第
         六次临时股东大会审议通过。具体内容详见公司于 2021 年 12 月 14 在上海证券
         交易所网站（www.sse.com.cn）披露的《湖南长远锂科股份有限公司关于与五矿
         集团财务有限责任公司签订<金融服务协议>暨关联交易的公告》（公告编号：
         2021-025）。 
   
                             1 
           结合公司业务发展及资金管理需求，公司于 2022 年 11 月 30 日分别召开了
         第二届董事会第六次会议、第二届监事会第六次会议审议通过了《关于与五矿集
         团财务有限责任公司签订<金融服务协议之补充协议>暨关联交易的议案》，并经
         公司 2022 年 12 月 19 日召开的 2022 年第四次临时股东大会审议通过。具体内容
         详见公司于 2022 年 12 月 1 日在上海证券交易所网站（www.sse.com.cn）披露的
         《关于与五矿集团财务有限责任公司签订<金融服务协议之补充协议>暨关联交
         易的公告》（公告编号：2022-077）。 
             根据公司经营发展需要，经与五矿财务公司协商，双方本着友好合作、平等、
         自愿、互惠互利的原则，在原签订的《金融服务协议》和《金融服务协议之补充
         协议》的基础上，拟签订《补充协议（二）》，就《金融服务协议之补充协议》中
         部分条款进行调整。 
             该协议内容以市场原则为基础，不存在损害公司股东利益的情形。按照《上
         海证券交易所科创板股票上市规则》的相关规定，公司与五矿财务公司受同一实
         际控制人中国五矿集团有限公司控制，本次交易构成关联交易，不构成《上市公
         司重大资产重组管理办法》规定的重大资产重组。 
             截至 2023 年 11 月 5 日，公司在五矿财务公司的存款余额为 13,486.79 万元。 
             二、交易方基本情况 
           （一）基本情况 
         公司名称 
         公司类型 
         成立时间 
                   五矿集团财务有限责任公司 
                   其他有限责任公司 
                   1993 年 5 月 26 日 
         统一社会信用代码 
                   91110000101710917K 
         注册资本 
                   350,000 万元人民币 
         法定代表人 
                   张树强 
         住所 
                   北京市海淀区三里河路 5 号 A247-A267（单）A226-A236（双）C106 
         股权结构 
                   中国五矿股份有限公司持有五矿财务公司 92.5%的股权；五矿资本
控股有限公司持有五矿财务公司 7.5%的股权。 
                     对成员单位办理财务和融资顾问、信用鉴证及相关的咨询、代理业
务；协助成员单位实现交易款项的收付；经批准的保险代理业务；
对成员单位提供担保；办理成员单位之间的委托贷款及委托投资；
对成员单位办理票据承兑与贴现；办理成员单位之间的内部转帐结
算及相应的结算、清算方案设计；吸收成员单位的存款；对成员单
位办理贷款及融资租赁；从事同业拆借；经批准发行财务公司债券；
                             2 
         经营范围 
 
                   承销成员单位的企业债券；对金融机构的股权投资；有价证券投资。
（企业依法自主选择经营项目，开展经营活动；依法须经批准的项
目，经相关部门批准后依批准的内容开展经营活动；不得从事本市
产业政策禁止和限制类项目的经营活动。） 
 
           （二）关联方主要财务指标 
                财务指标 
                                2022-12-31（经审计） 
                                            单位：万元 
                总资产 
                净资产 
                营业收入 
                净利润 
           （三）关联关系说明 
                                          3,124,683.01 
                                           561,978.24 
                                            48,380.62 
                                            30,996.46 
           公司与五矿财务公司属于同一实际控制人中国五矿集团有限公司控制下的
         企业，根据《上海证券交易所科创板股票上市规则》的有关规定，本次交易构成
         关联交易。 
             （四）其他 
经查询，五矿财务公司不属于失信被执行人。 
             三、《补充协议（二）》的主要内容 
           （一）协议签署方 
           甲方：五矿集团财务有限责任公司 
           乙方：湖南长远锂科股份有限公司 
           （二）交易金额调整 
           原《金融服务协议之补充协议》中，存款业务：“在符合上海证券交易所相
         关规定的基础上，公司及控股子公司任一日在五矿财务公司的存款余额合计不超
         过人民币 20 亿元。” 
           现调整为，存款业务：“在符合上海证券交易所相关规定的基础上，公司及
 
                             3 
         控股子公司任一日在五矿财务公司的存款余额合计不超过人民币 40 亿元。” 
           （三）生效条件 
           本《补充协议（二）》自双方法定代表人或授权代表签署并加盖公章，并经
         公司股东大会审议通过后生效。 
             除《补充协议（二）》中明确所作修改的条款和内容之外，《金融服务协议》
         和《金融服务协议之补充协议》的其余部分应完全继续有效。《补充协议（二）》
         与《金融服务协议》《金融服务协议之补充协议》有相互冲突时，以《补充协议
         （二）》为准。 
             公司制定了以保障存放资金安全性为目标的风险处置预案，并经公司第二届
         董事会第三次会议审议通过，详细内容请见 2022 年 9 月 30 日公司在上海证券交
         易所网站（www.sse.com.cn）披露《湖南长远锂科股份有限公司与五矿集团财务
         有限责任公司关联交易的风险处置预案》。截至 2023 年 6 月 30 日，五矿财务公
         司严格按照《企业集团财务公司管理办法》规定经营，五矿财务公司的风险管理
         不存在重大缺陷。具体内容详见公司 2023 年 8 月 19 日在上海证券交易所网站
         （www.sse.com.cn）披露《湖南长远锂科股份有限公司关于对五矿集团财务有限
         责任公司的风险持续评估报告》。 
             四、本次关联交易的目的和对公司的影响 
           五矿财务公司作为一家经中国银行业监督管理委员会批准设立的非银行金
         融机构，具有为企业集团成员单位提供金融服务的各项资质，各项指标均符合《企
         业集团财务公司管理办法》的规定。五矿财务公司为公司提供金融服务时，双方
         遵循平等自愿、优势互补、互利互惠、合作共赢的原则进行，公司与关联方五矿
         财务公司签订《补充协议（二）》，就双方于 2022 年 12 月 21 日签订的《金融服
         务协议之补充协议》部分条款进行调整，有利于加强公司资金管理、优化公司财
         务管理、提高资金使用效率。 
             五、关联交易履行的审议程序及专项意见 
           （一）审议程序 
           2023 年 11 月 14 日，公司召开了第二届董事会第十三次会议，审议通过了
 
                             4 
         《关于与五矿集团财务有限责任公司签订<金融服务协议之补充协议（二）>暨关
         联交易的议案》，关联董事覃事彪先生、熊小兵先生、杜维吾先生已回避表决，
         非关联董事以 6 票同意、0 票反对、0 票弃权的表决结果审议通过了上述议案；
         同日，公司召开了第二届监事会第十二次会议，审议通过了《关于与五矿集团财
         务有限责任公司签订<金融服务协议之补充协议（二）>暨关联交易的议案》，关
         联监事吴世忠先生、赵增山先生已回避表决，非关联监事以 3 票同意、0 票反对、
         0 票弃权的表决结果审议通过了上述议案，并发表了明确同意意见。该议案尚需
         提交公司股东大会审议，关联股东将回避表决。 
             （二）独立董事事前认可意见 
           我们认为与五矿财务公司签订《金融服务协议之补充协议（二）》符合公司
         业务发展需要，交易各方均遵循了自愿、公平、公正的原则，交易公允，有利于
         优化公司财务管理、提高资金使用效率，不存在损害公司及全体股东特别是中小
         股东利益的行为。我们同意将该议案提交公司第二届董事会第十三次会议审议。 
             （三）独立董事独立意见 
           我们认为五矿财务公司作为一家经中国银行业监督管理委员会批准的规范
         性非银行金融机构，未发现其存在违反中国银行业监督管理委员会颁布的《企业
         集团财务公司管理办法》规定的情况，未发现其风险管理存在重大缺陷。公司与
         五矿财务公司签订《金融服务协议之补充协议（二）》，符合公司业务发展需要，
         交易各方均遵循了自愿、公平、公正的原则，交易公允，有利于优化公司财务管
         理、提高资金使用效率，不存在损害公司及股东、特别是中小股东利益的行为。
         董事会在审议该议案时，关联董事均回避表决，符合相关法律、法规及《公司章
         程》的规定。因此，我们一致同意该议案并提交公司股东大会审议。 
             （四）审计委员会意见 
           公司与五矿财务公司签署的《金融服务协议之补充协议（二）》符合公司业
         务发展需要，交易各方均遵循了自愿、公平、公正的原则，交易公允，有利于优
         化公司财务管理、提高资金使用效率，不存在损害公司及股东、特别是中小股东
         利益的行为。因此，我们同意将本议案提交董事会审议。 
             （五）监事会意见 
           公司本次与五矿财务公司签订《金融服务协议之补充协议（二）》，是以市场
         原则为基础，协议内容合法合规，约定条款公平公正，涉及的关联交易定价公允
 
                             5 
         合理，决策程序符合相关法律、法规的要求和《公司章程》的规定，不存在损害
         公司股东利益，特别是中小股东利益的情形。 
             （六）保荐机构核查意见 
           经核查，保荐机构认为：公司本次关联交易履行了必要的程序，已经公司第
         二届董事会第十三次会议和第二届监事会第十二次会议审议通过，关联董事回避
         表决，独立董事进行了事前认可并发表了明确同意的独立意见，审计委员会发表
         了明确同意的意见，本次关联交易尚须股东大会审议。本次关联交易决策程序符
         合有关法律、法规和《公司章程》的相关规定。保荐机构对公司本次关联交易无
         异议。 
             六、上网公告附件 
           （一）湖南长远锂科股份有限公司独立董事关于第二届董事会第十三次会议
         相关议案的事前认可意见； 
           （二）湖南长远锂科股份有限公司独立董事关于第二届董事会第十三次会议
         相关事项的独立意见； 
           （三）中信证券股份有限公司、五矿证券有限公司关于湖南长远锂科股份有
         限公司与五矿集团财务有限责任公司签署《金融服务协议之补充协议（二）》暨
         关联交易的核查意见； 
 
           特此公告。 ","688779","2023-11-15"
"9ec8d28f-53c7-44e1-9e42-6577c8513880",赣锋锂业：关于股东减持公司股份时间过半的进展公告,"江西赣锋锂业股份有限公司关于股东减持公司股份时间过半的进展公告
​​证券代码：002460​​
​​证券简称：赣锋锂业​​
​​公告编号：临2022-002​​

本公司及董事会全体成员保证公告内容真实、准确、完整，不存在虚假记载、误导性陈述或重大遗漏。

​​一、减持计划基本情况​​
公司于2021年9月7日收到股东沈海博先生、徐建华先生、傅利华先生提交的减持计划告知函。根据计划，上述股东拟自减持公告披露之日起15个交易日后的6个月内，通过集中竞价方式合计减持不超过52万股，占公司总股本的0.0362%。具体内容详见公司2021年9月8日披露于《证券时报》及巨潮资讯网的预披露公告。

2021年12月31日，公司收到沈海博先生的减持进展通知。截至该日，沈海博先生累计减持股份数量已超过其减持计划数量的一半；徐建华先生和傅利华先生尚未实施减持。详见公司2022年1月5日披露的进展公告。

​​二、减持计划实施进展​​
截至本公告日，上述股东减持计划时间已过半，具体实施情况如下：

​​沈海博先生​​（董事、高级管理人员）
减持方式：集中竞价交易
减持时间：2021年12月31日
减持均价：142.18元/股
减持数量：207,200股
占总股本比例：0.0144%
减持前持股：11,083,568股（占总股本0.7710%）
减持后持股：10,876,368股（占总股本0.7566%）
​​徐建华先生​​（高级管理人员）
减持计划尚未实施
当前持股：380,000股（占总股本0.0264%）
​​傅利华先生​​（高级管理人员）
减持计划尚未实施
当前持股：123,250股（占总股本0.0086%）
​​三、其他说明事项​​
本次减持计划实施过程中，相关股东严格遵守《深圳证券交易所股票上市规则》《上市公司股东、董监高减持股份的若干规定》等法律法规及规范性文件的规定，未出现违规情形。
沈海博先生已严格按披露计划执行减持，不存在违反承诺的情形。
本次减持不会对公司治理结构、股权结构及持续经营产生重大影响。
截至本公告日，减持计划尚未实施完毕。公司将持续关注减持进展，并依法履行信息披露义务。
​​四、备查文件​​
相关股东出具的减持告知函。
特此公告。

江西赣锋锂业股份有限公司
董事会
2022年1月12日","002460","2022-01-12"
c47afd4c-efc1-499b-ad07-144331620dc0,赣锋锂业：北京金诚同达（上海）律师事务所关于江西赣锋锂业集团股份有限公司2023年员工持股计划的法律意见书,"​​北京金诚同达（上海）律师事务所​​
​​关于江西赣锋锂业集团股份有限公司2023年员工持股计划的法律意见书​​
​​金沪法意[2023]第284号​​

致：江西赣锋锂业集团股份有限公司

北京金诚同达（上海）律师事务所（以下简称""本所""）接受江西赣锋锂业集团股份有限公司（以下简称""公司""或""赣锋锂业""）的委托，就公司2023年员工持股计划（以下简称""本员工持股计划""）相关事项出具本法律意见书。

​​一、释义​​
在本法律意见书中，除非文义另有所指，下列词语具有如下特定含义：

​​赣锋锂业、公司​​：指江西赣锋锂业集团股份有限公司
​​员工持股计划、本员工持股计划​​：指江西赣锋锂业集团股份有限公司2023年员工持股计划
​​《员工持股计划（草案）》​​：指《江西赣锋锂业集团股份有限公司2023年员工持股计划（草案）》
​​《员工持股计划管理办法》​​：指《江西赣锋锂业集团股份有限公司2023年员工持股计划管理办法》
​​持有人、持股员工​​：指出资参加本员工持股计划的公司董事、监事、高级管理人员、核心管理人员及核心骨干员工
​​《指导意见》​​：指《关于上市公司实施员工持股计划试点的指导意见》
​​《自律监管指引》​​：指《深圳证券交易所上市公司自律监管指引第1号——主板上市公司规范运作（2023年修订）》
其他术语定义详见法律意见书正文。

​​二、法律意见书正文​​
​​1. 公司实施本员工持股计划的主体资格​​
1.1 ​​公司为依法存续的股份有限公司​​

公司成立于2000年3月2日，注册资本143,747.888万元，经营范围包括锂产品研发、生产及销售等。
截至本法律意见书出具日，公司合法存续，无终止经营情形。
1.2 ​​公司为深交所上市公司​​

公司股票于2010年8月10日在深交所上市（证券代码：002460）。
​​结论​​：公司具备实施本员工持股计划的主体资格。

​​2. 本员工持股计划的合法合规性​​
经核查，本员工持股计划符合以下规定：

​​依法合规原则​​：不存在利用员工持股计划进行内幕交易或操纵市场的情形。
​​自愿参与原则​​：员工自愿参加，无强制摊派。
​​风险自担原则​​：盈亏自负，与其他投资者权益平等。
​​参与对象​​：董事、监事、高管及核心员工，总人数不超过595人。
​​资金来源​​：公司计提专项基金（不超过2022年净利润的1.56%，约3.2亿元），不提供财务资助。
​​股票来源​​：通过二级市场购买（竞价交易、大宗交易等）。
​​存续期限​​：72个月。
​​持股规模​​：累计不超过公司股本总额的10%，单个持有人不超过1%。
​​管理模式​​：由公司自行管理或委托专业机构管理，设持有人会议及管理委员会。
​​结论​​：本员工持股计划符合《指导意见》及《自律监管指引》的规定，合法合规。

​​3. 本员工持股计划已履行的程序​​
​​职工代表大会审议​​：2023年9月25日通过相关议案。
​​董事会审议​​：2023年9月27日第五届董事会第六十九次会议审议通过，关联董事回避表决。
​​独立董事意见​​：认为计划合法合规，有利于公司发展。
​​监事会审议​​：2023年9月27日第五届监事会第四十七次会议审议通过，关联监事回避表决。
​​尚需履行的程序​​：提交股东大会审议，并经无关联股东过半数通过。

​​4. 其他事项​​
​​回避表决安排​​：关联董事、监事及股东需回避表决，合法合规。
​​融资参与方式​​：由管理委员会决定是否参与配股、增发等，合法合规。
​​一致行动关系​​：本员工持股计划与公司实际控制人、董监高无一致行动关系。
​​信息披露​​：公司已公告董事会决议、草案、独立董事意见等，后续需继续履行披露义务。
​​三、结论意见​​
本所认为：

公司具备实施本员工持股计划的主体资格；
本员工持股计划内容及程序合法合规；
公司已履行现阶段法定程序，尚需股东大会审议通过；
其他相关安排符合法律法规及《公司章程》规定。
本法律意见书一式三份，经本所律师签字并加盖公章后生效。

​​北京金诚同达（上海）律师事务所​​
​​经办律师：​​
（签字）
​​2023年9月27日​​

​​（以下无正文）​​

​​地址​​：上海市浦东新区世纪大道88号金茂大厦18层
​​电话​​：86-21-3886 2288
​​传真​​：021-3886 2288 * 1018","002460","2023-11-25"
cf73c3e2-e601-458a-9cfc-4df880b2a60d,亿纬锂能：2021年年度业绩预告,"​​惠州亿纬锂能股份有限公司2021年年度业绩预告​​

​​证券代码：300014​​
​​证券简称：亿纬锂能​​
​​公告编号：2022-XXX​​

本公司及董事会全体成员保证信息披露的内容真实、准确、完整，没有虚假记载、误导性陈述或重大遗漏。

一、本期业绩预计情况

业绩预告期间：2021年1月1日至2021年12月31日
业绩变动类型：同向上升
（1）归属于上市公司股东的净利润
预计盈利：272,585.68万元至305,626.37万元
比上年同期增长：65.00%至85.00%
上年同期盈利：165,203.44万元

（2）扣除非经常性损益后的净利润
预计盈利：244,098.37万元至266,982.60万元
比上年同期增长：60.00%至75.00%
上年同期盈利：152,561.48万元

二、与会计师事务所沟通情况

本次业绩预告相关数据为公司财务中心初步测算的结果，未经会计师事务所审计。公司就业绩预告有关事项已与会计师事务所进行了预沟通，公司与会计师事务所在本次业绩预告方面不存在重大分歧。

三、业绩变动原因说明

2021年年度业绩与上年同期相比上升的主要原因是：

公司销售规模扩大，营业收入增长100%以上。其中消费电池、动力储能电池业务都大幅增长，盈利增加；
公司间接参股公司思摩尔国际控股有限公司销售规模和盈利大幅增长，带来公司投资收益大幅增长；
公司持续加大研发投入力度，当年研发支出费用化金额约13亿元，同比增加90%以上；
为了进一步健全公司长效激励机制，吸引和留住优秀人才，制定激励计划，计提股权激励费用约0.79亿元。
四、其他相关说明

具体经营数据将在公司2021年年度报告中详细披露，敬请广大投资者谨慎决策，注意投资风险。

特此公告。

惠州亿纬锂能股份有限公司董事会
2022年1月25日","300014","2022-01-25"
f7568ccc-ca96-4011-b78e-0500ae2a65a8,中信证券股份有限公司、五矿证券有限公司关于湖南长远锂科股份有限公司与五矿集团财务有限责任公司签署《金融服务协议之补充协议（二）》暨关联交易的核查意见,"           中信证券股份有限公司、五矿证券有限公司（以下简称“保荐机构”）作为
         湖南长远锂科股份有限公司（以下简称“公司”、“长远锂科”或“发行人”）首
         次公开发行股票并在科创板上市以及向不特定对象发行可转换公司债券的保荐
         机构，根据《上市公司监管指引第 2 号—上市公司募集资金管理和使用的监管要
         求》《上海证券交易所科创板股票上市规则》等有关规定，就长远锂科与五矿集
         团财务有限责任公司（以下简称“五矿财务公司”）签署《金融服务协议之补充
         协议（二）》暨关联交易的事项进行了核查，具体情况如下： 
           一、关联交易概述 
           根据公司经营发展需要，经与五矿集团财务有限责任公司（以下简称“五矿
         财务公司”）协商，双方本着友好合作、平等、自愿、互惠互利的原则，在原签
         订的《金融服务协议》及《金融服务协议之补充协议》的基础上，拟签订《金融
         服务协议之补充协议（二）》（以下简称“《补充协议（二）》”），就《金融服务协
         议之补充协议》中部分条款进行调整。 
             该协议内容以市场原则为基础，不存在损害公司股东利益的情形。五矿财务
         公司系公司实际控制人中国五矿集团有限公司的控股子公司，按照《上海证券交
         易所科创板股票上市规则》的相关规定，公司与五矿财务公司属于受同一法人控
         制的关联关系，本次交易构成关联交易，不构成《上市公司重大资产重组管理办
         法》规定的重大资产重组。 
             截至 2023 年 11 月 5 日，公司在五矿财务公司的存款余额为 13,486.79 万元。 
             二、关联方基本情况 
           （一）关联方简介 
 
                             1 
         公司名称 
         公司类型 
         成立时间 
                    五矿集团财务有限责任公司 
                    其他有限责任公司 
                    1993 年 5 月 26 日 
         统一社会信用代码 
                    91110000101710917K 
         注册资本 
         法定代表人 
         住所 
         股权结构 
         经营范围 
                    350,000 万元人民币 
                    张树强 
                    北京市海淀区三里河路 5 号 A247-A267（单）A226-A236（双）
C106 
                    中国五矿股份有限公司持有五矿财务公司 92.5%的股权；五矿资
本控股有限公司持有五矿财务公司 7.5%的股权。 
                      对成员单位办理财务和融资顾问、信用鉴证及相关的咨询、代理
业务；协助成员单位实现交易款项的收付；经批准的保险代理业
务；对成员单位提供担保；办理成员单位之间的委托贷款及委托
投资；对成员单位办理票据承兑与贴现；办理成员单位之间的内
部转帐结算及相应的结算、清算方案设计；吸收成员单位的存款；
对成员单位办理贷款及融资租赁；从事同业拆借；经批准发行财
务公司债券；承销成员单位的企业债券；对金融机构的股权投资；
有价证券投资。（企业依法自主选择经营项目，开展经营活动；
依法须经批准的项目，经相关部门批准后依批准的内容开展经营
活动；不得从事本市产业政策禁止和限制类项目的经营活动。） 
           （二）关联方主要财务指标 
                  财务指标 
                  总资产 
                  净资产 
                  营业收入 
                  净利润 
           （三）关联关系说明 
                                             单位：万元 
                                   2022-12-31（经审计） 
                                            3,124,683.01 
                                             561,978.24 
                                             48,380.62 
                                             30,996.46 
           公司与五矿财务公司属于同一实际控制人中国五矿集团有限公司控制下的
         企业，根据《上海证券交易所科创板股票上市规则》的有关规定，本次交易构成
         关联交易。 
             （四）履约能力分析 
           经查询，五矿财务公司不属于失信被执行人。 
   
                             2 
           三、拟签署的《金融服务协议之补充协议（二）》暨关联交易的主要内容 
           （一）协议签署方 
           甲方：五矿集团财务有限责任公司 
           乙方：湖南长远锂科股份有限公司 
           （二）交易金额调整 
           原《补充协议》中，存款业务：“在符合上海证券交易所相关规定的基础上，
         公司及控股子公司任一日在五矿财务公司的存款余额合计不超过人民币 20 亿
         元。” 
           现调整为，存款业务：“在符合上海证券交易所相关规定的基础上，公司及
         控股子公司任一日在五矿财务公司的存款余额合计不超过人民币 40 亿元。” 
           （三）生效条件 
           本补充协议自双方法定代表人或授权代表签署并加盖公章，并经公司股东大
         会审议通过后生效。 
             除《补充协议（二）》中明确所作修改的条款和内容之外，《金融服务协议》
         和《金融服务协议之补充协议》的其余部分应完全继续有效。《补充协议（二）》
         与《金融服务协议》《金融服务协议之补充协议》有相互冲突时，以《补充协议
         （二）》为准。 
             公司制定了以保障存放资金安全性为目标的风险处置预案，并经公司第二届
         董事会第三次会议审议通过，详细内容请见 2022 年 9 月 30 日公司在上海证券交
         易所网站（www.sse.com.cn）披露《湖南长远锂科股份有限公司与五矿集团财务
         有限责任公司关联交易的风险处置预案》。截至 2023 年 6 月 30 日，五矿财务公
         司严格按照《企业集团财务公司管理办法》规定经营，五矿财务公司的风险管理
         不存在重大缺陷。具体内容详见公司 2023 年 8 月 19 日在上海证券交易所网站
         （www.sse.com.cn）披露《湖南长远锂科股份有限公司关于对五矿集团财务有限
         责任公司的风险持续评估报告》。 
   
                             3 
           四、关联交易目的和对公司的影响 
           五矿财务公司作为一家经中国银行业监督管理委员会批准设立的非银行金
         融机构，具有为企业集团成员单位提供金融服务的各项资质，各项指标均符合《企
         业集团财务公司管理办法》的规定。五矿财务公司为公司提供金融服务时，双方
         遵循平等自愿、优势互补、互利互惠、合作共赢的原则进行，公司与关联方五矿
         财务公司签订《补充协议（二）》，就双方于 2022 年 12 月 21 日签订的《金融服
         务协议之补充协议》部分条款进行调整，有利于加强公司资金管理、优化公司财
         务管理、提高资金使用效率。 
             五、关联交易的审议程序 
           （一）已履行审议程序 
           2023 年 11 月 14 日，公司召开了第二届董事会第十三次会议，审议通过了
         《关于与五矿集团财务有限责任公司签订<金融服务协议之补充协议（二）>暨关
         联交易的议案》，关联董事覃事彪先生、熊小兵先生、杜维吾先生已回避表决。 
             2023 年 11 月 14 日，公司召开了第二届监事会第十二次会议，审议通过了
         《关于与五矿集团财务有限责任公司签订<金融服务协议之补充协议（二）>暨关
         联交易的议案》，关联监事吴世忠先生、赵增山先生已回避表决。 
             （二）独立董事事前认可意见和独立意见 
           公司独立董事对上述议案进行了事前认可并发表了明确同意的独立意见。 
             （三）审计委员会意见 
           公司与五矿财务公司签署的《金融服务协议之补充协议（二）》符合公司业
         务发展需要，交易各方均遵循了自愿、公平、公正的原则，交易公允，有利于优
         化公司财务管理、提高资金使用效率，不存在损害公司及股东、特别是中小股东
         利益的行为。因此，我们同意将本议案提交董事会审议。 
             （四）本次关联交易尚须履行的决策程序 
           本次关联交易尚须获得股东大会的批准，与该关联交易有利害关系的关联人
         将回避表决。 
   
                             4 
           六、保荐机构核查意见 
           经核查，保荐机构中信证券、五矿证券认为：公司本次关联交易履行了必要
         的程序，已经公司第二届董事会第十三次会议和第二届监事会第十二次会议审议
         通过，关联董事回避表决，独立董事进行了事前认可并发表了明确同意的独立意
         见，审计委员会发表了明确同意的意见，本次关联交易尚须股东大会审议。本次
         关联交易决策程序符合有关法律、法规和《公司章程》的相关规定。保荐机构对
         公司本次关联交易无异议。 ","688779","2023-11-14"
f902ec3a-0e35-4b80-a6ad-79cd5368b2f3,亿纬锂能：2022年第一次临时股东大会决议公告,"                   惠州亿纬锂能股份有限公司 
                 2022 年第一次临时股东大会决议公告 
 
           公司及董事会全体成员保证信息披露的内容真实、准确、完整，没有虚假记
         载、误导性陈述或重大遗漏。 
   
          一、会议召开情况 
          1、会议召开时间： 
          （1）现场会议召开时间：2022年1月28日（星期五）14:30开始。 
            （2）网络投票时间：通过深圳证券交易所（以下简称“深交所”）交易系统进行
       网络投票的具体时间为2022年1月28日9:15—9:25，9:30—11:30和13:00—15:00；通过深
       交所互联网投票的具体时间为2022年1月28日9:15—15:00。 
            2、现场会议召开地点：惠州亿纬锂能股份有限公司（以下简称“公司”）总部
       A1-12号会议室，惠州市仲恺高新区惠风七路38号。 
            3、会议召开方式：采取现场投票和网络投票相结合的方式。 
            4、会议召集人：公司董事会。 
            5、会议主持人：董事刘建华先生。 
            会议的召集、召开符合《中华人民共和国公司法》《上市公司股东大会规则》《深
       圳证券交易所创业板股票上市规则》及《公司章程》等有关规定。 
            二、会议出席情况 
          1、出席本次会议的股东及股东代表60人，代表公司股份733,792,137股，占公司总
       股本的38.6463%。 
            其中，出席现场会议的股东及股东代表共6人，代表公司股份639,659,992股，占公
       司总股 本的 33.6887% ；通过 网络投 票的 股 东及股 东代表 共 54 人 ，代表 公司股份
       94,132,145股，占公司总股本的4.9576%。 
            通过现场和网络参加本次会议的除上市公司董监高及单独或者合计持有上市公司
       5%以上股份股东以外的其他股东共计54人，代表股份94,132,145股，占公司总股本的
                               1 / 3 
 
       4.9576%。 
            2、公司部分董事、监事及见证律师出席了本次会议，公司部分高级管理人员列席
       了本次会议。 
            三、议案审议与表决情况 
          本次股东大会采取现场投票和网络投票相结合的表决方式审议了以下议案：  
          1、审议通过了《关于公司及惠州亿纬动力投资建设动力电池研发中心大楼项目的
       议案》 
          表决结果为： 
          同意733,460,164股，同意股数占出席会议有效表决权股份总数的99.9548%； 
          反对312,173股，反对股数占出席会议有效表决权股份总数的0.0425%； 
          弃权19,800股，弃权股数占出席会议有效表决权股份总数的0.0027%。 
            其中，出席会议的除上市公司董监高及单独或者合计持有上市公司5%以上股份股
       东以外的其他股东表决结果为： 
          同意93,800,172股，同意股数占出席会议有效表决权股份总数的12.7829%； 
          反对312,173股，反对股数占出席会议有效表决权股份总数的0.0425%； 
          弃权19,800股，弃权股数占出席会议有效表决权股份总数的0.0027%。 
            本议案获得通过。 
            2、审议通过了《关于对子公司提供担保的议案》 
          表决结果为： 
          同意703,748,406股，同意股数占出席会议有效表决权股份总数的95.9057%； 
          反对30,023,931股，反对股数占出席会议有效表决权股份总数的4.0916%； 
          弃权19,800股，弃权股数占出席会议有效表决权股份总数的0.0027%。 
            其中，出席会议的除上市公司董监高及单独或者合计持有上市公司5%以上股份股
       东以外的其他股东表决结果为： 
          同意64,088,414股，同意股数占出席会议有效表决权股份总数的8.7339%； 
          反对30,023,931股，反对股数占出席会议有效表决权股份总数的4.0916%； 
          弃权19,800股，弃权股数占出席会议有效表决权股份总数的0.0027%。 
                                 2 / 3 
 
          本议案为特别决议事项，已经出席股东大会有表决权的股东及股东授权委托代表
       所持表决权总数三分之二以上同意通过。 
            3、审议通过了《关于子公司拟对外提供财务资助的议案》 
          表决结果为： 
          同意733,460,164股，同意股数占出席会议有效表决权股份总数的99.9548%； 
          反对312,173股，反对股数占出席会议有效表决权股份总数的0.0425%； 
          弃权19,800股，弃权股数占出席会议有效表决权股份总数的0.0027%。 
            其中，出席会议的除上市公司董监高及单独或者合计持有上市公司5%以上股份股
       东以外的其他股东表决结果为： 
          同意93,800,172股，同意股数占出席会议有效表决权股份总数的12.7829%； 
          反对312,173股，反对股数占出席会议有效表决权股份总数的0.0425%； 
          弃权19,800股，弃权股数占出席会议有效表决权股份总数的0.0027%。 
            本议案获得通过。 
            四、律师出具的法律意见 
          广东伟伦律师事务所指派张楚怡律师、游越律师出席了本次股东大会，进行现场
       见证并出具法律意见书。该法律意见书认为：公司本次股东大会的召集、召开程序、
       出席会议人员和召集人的资格、表决程序和表决结果等相关事宜符合《公司法》等法
       律、法规、 规范性文件及《公司章程》、《公司股东大会议事规则》的规定，本次股
       东大会通过的决议合法有效。 
            五、备查文件 
          1、2022年第一次临时股东大会决议； 
          2、广东伟伦律师事务所出具的关于惠州亿纬锂能股份有限公司2022年第一次临时
       股东大会法律意见书。 
            特此公告。 
   
                                  惠州亿纬锂能股份有限公司董事会 
                                       2022 年 1 月 28 日   
                               3 / 3 
 
","300014","2022-01-28"
"7177eafd-14bd-4cc9-8bdf-2c9321eb7999",久吾高科：关于收到金海锂业（青海）有限公司签约通知书的公告,"证券代码：300631        证券简称：久吾高科       公告编号：2022-001 
 
                   江苏久吾高科技股份有限公司 
                 关于收到金海锂业（青海）有限公司 
                       签约通知书的公告 
           本公司及董事会全体成员保证信息披露的内容真实、准确和完整，没有虚假
         记载、误导性陈述或重大遗漏。 
   
           特别提示： 
           公司尚未与金海锂业就本次氯化锂中试项目签订书面合同，合同签订及合
         同具体条款尚存在不确定性，敬请广大投资者注意投资风险。 
   
           近日，江苏久吾高科技股份有限公司（以下简称“公司”）收到了金海锂业
         （青海）有限公司（以下简称“金海锂业”）发出的关于“金海锂业（青海）有
         限公司1000吨/年氯化锂中试EPC采购项目”（以下简称“氯化锂中试项目”）签
         约通知书。根据通知书内容，金海锂业拟将氯化锂中试项目交给公司制造完成，
         公司拟于收到通知书10日内派遣授权代表与金海锂业洽谈合同签订的相关事宜，
         将现将有关情况公告如下： 
           一、签约通知书的主要内容 
           1、工程名称：金海锂业（青海）有限公司1000吨/年氯化锂中试EPC采购项
         目 
           2、实施地点：青海省海西州循环经济实验区大柴旦工业园 
           3、合同价格：暂定总价6,500.00万元 
           4、工程范围：金海锂业（青海）有限公司1000 吨/年氯化锂中试EPC采购项
         目（详见合同） 
           5、施工进度要求：2022年3月1日前完成所有施工图设计；2022年4月16日具
         备投料条件 
           6、其他：具体事宜，以双方实际签署的合同为准。 
             二、对公司的影响 
           氯化锂主要用于生产金属锂，金属锂是下一代锂电池的重要材料，如本次氯
         化锂中试项目合同顺利签订并实施完成，将有利于对公司“吸附+膜法”原卤提
         取氯化锂工艺可行性进行验证及优化，进一步提升公司在盐湖提锂领域的研发应
         用水平以及业务承接能力，对公司的经营发展有一定积极影响。 
             三、风险提示 
           截至本公告披露之日，公司尚未与金海锂业就该项目签订书面合同，合同签
         订及合同条款尚存在不确定性，合同金额及其他具体内容以最终签署的合同为准；
         同时，中试结果尚需进一步验证，敬请广大投资者注意投资风险。 
   
           特此公告。 
   
                                  江苏久吾高科技股份有限公司 
                                            董事会 
                                        2022 年 1 月 4 日","300631","2022-01-04"
ann_20250625150948_0,湖南长远锂科股份有限公司独立董事关于第二届董事会第十三次会议相关事项的独立意见,根据《中华人民共和国公司法》《上海证券交易所科创板股票上市规则》《湖南长远锂科股份有限公司章程》《湖南长远锂科股份有限公司独立董事工作管理办法》等相关法律、法规及规范性文件的规定，我们作为湖南长远锂科股份有限公司（以下简称“公司”）的独立董事，认真审查了公司第二届董事会第十三次会议的会议材料，经审慎分析，本着认真、负责、独立判断的态度，现发表独立意见。,"688779","2023-11-14"
"0445047a-ac1b-47c7-97f0-4867d5358f67",赣锋锂业：2021年年度业绩预告,"证券代码：002460  
证券简称：赣锋锂业  
编号：临2021-003  

江西赣锋锂业股份有限公司

2021年年度业绩预告

本公司及董事会全体成员保证公告内容的真实、准确和完整，没有虚假记载、误导性陈述或重大遗漏。  

一、本期业绩预计情况
业绩预告期间：2021年1月1日—2021年12月31日  

预计的经营业绩：同向上升  

归属于上市公司股东的净利润  
2021年预计盈利：480,000万元–550,000万元，比上年同期增长368.45%–436.76%。  
上年同期盈利：102,465.85万元。  

扣除非经常性损益后的净利润  
2021年预计盈利：290,000万元–360,000万元，比上年同期增长621.00%–795.04%。  
上年同期盈利：40,221.76万元。  

基本每股收益  
2021年预计盈利：3.43元/股–3.93元/股。  
上年同期盈利：0.79元/股。  

注：公司于2021年取得对Bacanora公司、Sonora公司等的控制权，目前相关评估工作尚在进行中，以上预测数据不含将其纳入合并范围对财务报表的影响。  

二、与会计师事务所沟通情况

本次业绩预告相关数据是公司财务部门初步测算的结果，未经会计师事务所审计。公司已就业绩预告有关事项与年报审计会计师事务所进行了预沟通，公司与会计师事务所在本报告期的业绩预告方面不存在分歧。  

三、业绩变动原因
本报告期内，随着新能源汽车及储能行业的快速发展，下游客户对锂盐的需求强劲增长，公司锂盐产品产销量增加且产品价格不断上涨，公司锂电池板块新建项目陆续投产、产能逐步释放，故公司经营性净利润同比增长；  

本报告期内，公司持有的金融资产产生公允价值变动收益，导致公司非经常性收益同比增长。  

四、其他相关说明

本次业绩预告是公司财务部门初步测算的结果，未经注册会计师审计，具体财务数据请以公司披露的2021年年度报告为准。敬请广大投资者谨慎决策，注意投资风险。  

特此公告。  

江西赣锋锂业股份有限公司  
董事会  
2022年1月25日","002460","2022-01-25"
d20808c5-36b2-4373-b9c6-cff57d0a515c,江苏国泰：关于控股子公司对外投资设立全资子公司建设年产30万吨锂离子电池电解液项目的公告,"​​证券代码：002091​​
​​证券简称：江苏国泰​​
​​公告编号：2022-06​​
​​转债代码：127040​​
​​转债简称：国泰转债​​

江苏国泰国际集团股份有限公司
关于控股子公司对外投资设立全资子公司建设年产30万吨锂离子电池电解液项目的公告
​​本公司及董事会全体成员保证信息披露内容的真实、准确、完整，没有虚假记载、误导性陈述或重大遗漏。​​

一、对外投资概述
​​基本情况​​
公司控股子公司江苏瑞泰新能源材料股份有限公司（以下简称""瑞泰新材""）拟以自有或自筹资金50,000万元设立全资子公司衢州瑞泰新能源材料有限公司（暂定名，以下简称""衢州瑞泰公司""）投资建设年产30万吨锂离子电池电解液项目。项目总投资151,030万元（其中：建设投资101,030万元；铺底流动资金50,000万元）。项目建设地为浙江省衢州市衢州智造新城高新片区，建设期为24个月。
​​审议表决情况​​
2022年1月27日公司召开第八届董事会第二十五次（临时）会议审议通过了本议案，9票同意、0票弃权、0票反对。本议案无需提交公司股东大会审议。
​​交易性质​​
本次对外投资不构成关联交易，也不构成《上市公司重大资产重组管理办法》规定的重大资产重组。
​​审批要求​​
本次投资项目尚需取得相应地块的国有土地使用权，并取得国内相关部门的审批。
二、投资标的的基本情况
​​公司名称​​：衢州瑞泰新能源材料有限公司（暂定名）
​​企业类型​​：有限责任公司
​​注册资本​​：人民币50,000万元
​​股东及持股比例​​：瑞泰新材认缴50,000万元，占注册资本的100%
​​拟定经营范围​​：锂离子电池电解液的研发、生产及销售；电子专用材料制造；电子专用材料销售；电子专用材料研发；专用化学产品销售（不含危险化学品）；货物进出口（具体以市场监督管理局核准为准）
​​股权结构​​：江苏国泰国际集团股份有限公司（90.91%）→江苏瑞泰新能源材料股份有限公司（100%）→衢州瑞泰新能源材料有限公司
三、投资项目的基本情况
​​项目名称​​：年产30万吨锂离子电池电解液项目
​​建设地点​​：浙江省衢州市衢州智造新城高新片区
​​实施单位​​：衢州瑞泰新能源材料有限公司（暂定名）
​​投资预算​​：151,030万元
​​用地面积​​：约251亩（具体以后续土地出让合同为准）
​​建设期​​：24个月
​​建设投资​​：101,030万元
​​资金来源​​：自有或自筹资金
四、对外投资的目的及影响
​​投资目的​​：
扩大产能规模，降低产品成本
提升公司整体效率
抢占市场份额，提高综合竞争力
​​对公司影响​​：
短期内不会对财务状况和经营成果构成重大影响
不影响公司业务独立性
五、风险提示
​​政策风险​​：新能源汽车产业政策调整可能影响行业发展。公司将通过研发新产品、开拓新应用领域来降低风险。
​​技术风险​​：电解液配方需持续创新以适应电池材料变化。公司将加大研发投入，加强与产业链合作。
​​审批风险​​：需完成用地、环评、安评等多项审批。公司将高标准规划项目，保持与政府沟通。
​​安全环保风险​​：化工生产面临严格环保要求。公司将加大安全环保投入，完善管理体系。
​​其他风险​​：
资金筹措风险
市场变化风险
项目达产时间及效益不确定性
​​特别提示​​：本公告涉及产能等表述不构成业绩承诺，请投资者注意投资风险。

六、备查文件
公司第八届董事会第二十五次（临时）会议决议
年产30万吨锂离子电池电解液项目可行性研究报告
​​特此公告。​​

江苏国泰国际集团股份有限公司
董事会
二〇二二年一月二十八日","002091","2022-01-28"
c6692445-1edc-443e-a3b4-813ce50a41ed,江苏国泰：年产30万吨锂离子电池电解液项目可行性研究报告,"衢州瑞泰新能源材料有限公司年产30万吨锂离子电池电解液项目可行性研究报告
目录
第一章 总论........................................1
一、项目基本情况.................................1
二、建设单位概况.................................1
三、项目提出的背景及投资的意义和必要性..............2

第二章 建设规模.....................................5
一、建设规模.....................................5
二、年操作时间及操作弹性..........................5
三、产品质量指标.................................5

第三章 工艺技术方案.................................6
一、工艺技术方案的选择............................6
二、工艺流程说明.................................6
三、主要设备选择.................................6

第四章 原材料、辅助材料、燃料和动力供应...............6
一、主要原（辅）材料供应..........................6
二、水、电、汽和其它动力供应.......................6

第五章 建设条件和厂址选择............................7
一、建设地点地理位置..............................7
二、外部交通运输状况..............................7
三、公用工程状况.................................7

第六章 项目风险.....................................9

第七章 研究结论....................................11
一、研究报告的结论...............................11

第一章 总论
一、项目基本情况
（1）项目名称：年产30万吨锂离子电池电解液项目（以下称""拟建项目""）
（2）建设单位：衢州瑞泰新能源材料有限公司（以下简称""衢州瑞泰公司""最终以工商登记注册为准）
（3）建设地点：浙江省衢州市衢州智造新城高新片区
（4）项目建设用地：约251亩（最终以实际情况为准）
（5）项目总投资：本项目报批总投资151,030万元，其中建设投资101,030万元，铺底流动资金50,000万元。
（6）项目建设周期：24个月
（7）项目实施效益：年均销售收入1,065,000万元，年均净利润56,007.87万元，投资回收期5.63年（含建设期）。
（8）项目简介：衢州瑞泰公司是由江苏瑞泰新能源材料股份有限公司（以下简称""瑞泰新材""）投资设立的公司，新建年产30万吨电解液项目，包括甲类车间、机修车间（含五金仓库）、原料罐区、成品罐区、罐区尾气处理区、装卸区、装运周转区、公用工程车间、废水废气处理区、初期雨水及应急事故水池、消防循环水泵房及水池、辅助用房、仓库、综合楼、控制室等。

二、建设单位概况
瑞泰新材为江苏国泰国际集团股份有限公司下属化工新材料和新能源业务的发展平台，瑞泰新材的控股子公司张家港市国泰华荣化工新材料有限公司（以下简称""华荣化工""）主营锂离子电池电解液、硅烷偶联剂的研发、生产、销售；控股子公司江苏国泰超威新材料有限公司（以下简称""超威新材""）主营电子化学品研发、生产，产品包括锂离子电池电解质及添加剂、超级电容器电解质及电解液等。瑞泰新材依靠其在资金、技术、人才等方面的优势，在国内锂离子电池电解液领域处于优势地位，是我国乃至全球知名的锂电池电解液、电解质、添加剂的综合生产商。

三、项目提出的背景及投资的意义和必要性
（一）项目提出的背景
从碳达峰、碳中和""1+N""政策体系加速构建，到全球最大碳市场启动，再到多产业迎机遇驶入发展快车道……""十四五""开局之年，碳达峰、碳中和被写入政府工作报告，一场经济社会系统性变革在全国上下铺展开来。展望未来，我国绿色低碳转型步伐将进一步加快，随着重点领域行业碳达峰方案陆续落地，全国碳市场不断扩容，新能源汽车、风光储等新能源产业链或有更大的结构性机会。

随着新能源车和储能行业的高速发展，锂电行业到2025年将迈入Twh(10亿千瓦时)时代，新能源汽车动力电池快速增长、新兴消费领域的快速扩张以及未来""十四五""储能产业爆发，作为产业链的一环，锂离子电池电解液也将迎来黄金发展期。

从2021年开始，全球锂电市场需求有明显的提升，反观供给端，目前全产业链的产能供给相对缓慢，有效供给不足，需要大规模扩张来满足市场需求。

衢州市致力于打造绿色环保锂离子电池产业。衢州地处钱塘江源头，是浙江省重要的生态屏障，在良好的产业基础下，未来衢州市将根据国家新能源汽车发展规划和浙江省新能源汽车产业发展态势，依托当地在锂离子电池领域正极、负极、电解液和隔膜原材料的基础，吸引更多锂离子电池核心材料产业聚集衢州，同时引进高端3C电池企业和新能源汽车动力电池企业落户衢州，形成辐射浙江、安徽、江西的锂离子电池产业基地，同时适时的向下游延伸，在新能源汽车特定领域（专用车、微型车）、电动自行车领域和微电网分布式储能领域通过引进和自主发展的方式，形成下游市场，推动锂离子电池产业在衢州市的根植性发展。未来衢州市将坚持发展环保绿色产业，逐步打造出""锂离子电池基础原材料生产基地""、""锂离子电池四大材料聚集基地""、""高端锂离子电池聚集基地""、""新能源汽车和新能源储能特色生产和示范应用基地""等四大新型绿色经济增长支撑点。

（二）项目投资的意义和必要性
①项目建设符合国家产业升级需要
发展新能源汽车是国家战略。目前，全球能源和环境系统面临巨大的挑战，汽车作为石油消耗和二氧化碳排放的大户，需要进行革命性的变革。目前全球新能源汽车发展已经形成了共识。我国发展新能源汽车，是应对节能减排重大挑战的需要，同时也是汽车产业跨越式发展和提升国际竞争力的需要。

2020年11月2日，国务院办公厅印发《新能源汽车产业发展规划（2021-2035）》，规划2025年新能源汽车新车销量占比20%，到2035年实现公共领域用车全面电动化，自动驾驶智能网联等实现规模化应用。

②配套衢州锂电能源产业发展的需要
瑞泰新材的投资注入，将进一步完善和优化衢州市的产业结构，为整体产业的发展注入新的活力。其中六氟磷酸锂等原材料，均可以在衢州配套，形成更加良好的上、下游产业经济圈。

衢州鼓励发展锂电小镇，重点培育氟硅新材料，打造""锂电池基础原材料生产基地""。本项目投资为锂电池专用化学品产业，项目和衢州整体发展战略完全一致。本项目产品是锂电池电解液，产品优技术含量高，附加值高，利润、税收高，将为当地的经济发展尽自己的绵薄之力。

③符合现行产业政策
本项目产品主要为锂离子电池电解液，根据《中国高新技术产品目录》（2000年版），锂离子电池隶属新能源与高效节能类中的新型高效电池。

根据《产业结构调整指导目录（2019年本）》（国家发展和改革委员会令第29号），鼓励类第十九条""轻工""第13项""锂离子电池、氢镍电池、新型结构（双极性、铅布水平、卷绕式、管式等）密封铅蓄电池、铅碳电池、超级电池、燃料电池、锂/氟化碳电池等新型电池和超级电容器""。电解液是锂离子电池四大关键材料之一，故符合现行国家产业政策。

④符合公司扩大产能、降低成本，提高综合竞争力的目标
锂电池电解液行业由于不同的正负极材料对产品的配方、性能要求均有所不同，不同产品在进行配制和实验时需要对溶剂、添加剂以及各种添加剂的计量等均有特定的需求，对研发成本、实验成本以及人工等具有较大的成本。在新能源汽车及锂电池需求量不断提升，特别是高端客户需求量不断增长的背景下，公司只有通过扩大产能规模，才能最大化提升持续生产同一产品的时间，降低产品成本，并带动公司整体效率的提升。通过规模化的生产，公司产品质量的稳定性能够有效提高并降低生产成本，从而通过产品优势和价格优势进一步牢牢把握下游客户，形成良性循环。

本项目市场前景广阔，经济效益显著，为促进地方经济和社会发展起到了积极的作用。项目的实施可为衢州市锂电新能源行业不断发展壮大奠定基础，符合我国国民经济持续健康发展的战略目标，并有助于瑞泰新材抢占市场份额，不断提高综合竞争力。因此，项目建设是十分必要的。

第二章 建设规模
一、建设规模
在对国内电解液市场供求情况进行了详细的调查研究之后，在充分考虑市场发展潜力、企业工艺技术及企业发展总体规划等因素的基础上，确定本项目总生产规模为30万吨/年锂离子电池电解液。

二、年操作时间及操作弹性
年操作时间：7200小时；操作弹性：60～110％。

三、产品质量指标
电池电解液质量指标符合《锂离子电池用电解液》（SJ/T11723-2018）中的相关指标，产品规格见表3.3-1。

第三章 工艺技术方案
一、工艺技术方案的选择
锂离子电池电解液生产过程为物理调配过程。电解液由有机溶剂、锂盐和添加剂组成。公司拥有多项电解液方面的专利成果，工艺路线较为成熟，处于行业领先水平，并在瑞泰新材旗下的华荣化工和宁德国泰华荣新材料有限公司（以下简称""宁德国泰华荣""）实施电解液的生产。

二、工艺流程说明
项目所用的原料中，桶装原料贮存于仓库内，罐装原料贮存于罐区。桶装原料进料方式为，从仓库内整桶至车间内固定的进料区，投料时再转移至相应的釜或罐内；罐区内的原料从罐区经泵由密闭进料管输送至装置对应的釜或罐内。

三、主要设备选择
本项目涉及到的关键设备为计量罐、调配釜、储罐等，这些关键设备均采用成熟技术生产制造，设备的稳定性和安全性较高，因此技术风险很低，无超大型设备，无国家明令禁止使用的淘汰设备。

第四章 原材料、辅助材料、燃料和动力供应
一、主要原（辅）材料供应
本项目建设一条30万吨/年锂离子电池电解液生产线，项目所需原料、辅料立足于国内市场，均可以购得，而且货源相对充足，公司跟主要的供应商保持着良好的合作关系，供应能够得到保障。

二、水、电、汽和其它动力供应
本项目新鲜水、电力和蒸汽、液氮均由开发区提供，仪表空气、5℃和-10℃冷冻水由新建冷冻空压站提供，循环冷却水由冷却水站提供。

第五章 建设条件和厂址选择
一、建设地点地理位置
衢州位于浙江省西部，钱塘江上游，金（华）衢（州）盆地西端，南接福建南平，西连江西上饶、景德镇，北邻安徽黄山，东与省内金华、丽水、杭州三市相交。川陆所会，四省通衢。地理坐标为东经118°0l′～119°20′，北纬28°14′～29°30′。东西宽127.5公里，南北长140.25公里，总面积8841.12平方公里。是闽浙赣皖四省边际中心城市，浙西生态市，国家历史文化名城，国家化学工业基地。

二、外部交通运输状况
衢州市地处闽、浙、赣、皖四省交界处。东与兰溪、金华相邻，南与遂昌交界，西与江山、常山相连，北与建德、淳安接壤。

铁路：浙赣铁路从城区南相切转向西南（距巨化西境2公里）而过。巨化专用线接轨于衢州站西，转南行5.74公里到巨化，巨化自设交接站和编组站，并设有运输处负责大宗原材料和产品的铁路运输，铁路运输是巨化大宗原材料和产品的主要运输方式。浙赣铁路正在进行电气化改造，衢州站也正在向南取直迁建，完成后铁路运输能力将大大提高。

公路：区内主干道可以便捷连接市区、320国道、46省道以及杭金衢高速公路。附近由杭（州）新（安江）景（德镇）支线高速公路，甬（宁波）金（华）衢（州）高速公路，黄（山）衢（州）南（平）高速公路等。园区有30米至50米的纵向和横向主干道数条，并设有绿化带和隔离带。园区道路网与市区道路、高速公路、国省道及巨化道路网有多点相接，道路运输十分畅通。

航空：高新园区离衢州机场约7公里，已开通北京、上海、武汉、南京、厦门、青岛、广州等航线。

三、公用工程状况
1、供水
取自黄坛口水电站（乌溪江二级水电站，在巨化公司厂区南8公里处）之发电尾水，已建有人工渠道引入厂区，引水渠设计能力为24.5m3/s。黄坛口水库和上游25公里处的乌溪江水库总容量达16.38亿立方米，水量终年充沛，水质优良，水温低。高新园区供水设施齐全，可提供工业用水、生活用水等各类用水，保证园区内企业生产和生活的需要。厂区内给水管网密布，基本可达各处。

2、供电
园区内电源取自华东电网，有11万伏变电所2座。衢州高新技术产业园区电网采用110kV高压配电、10kV中压配电和380V低压配电三级电压建设园区电网。

3、供热
蒸汽：园区的供热依托巨化的供热网。巨化建有热电厂，锅炉总蒸发量1500吨/小时。正常情况下蒸汽用量根据工艺装置的需要量来调整汽轮机抽汽量，其用汽参数等级有高、中、低三个压力等级。总供热能力能满足本项目需求。

4、通讯
通讯园区内建立了以光缆为传输通道的数据通讯网络。移动电话、无线寻呼以及邮政营业微机化手段等可为园区企业提供各项优质服务。

5、排水与排污
清净废水和雨水通过厂区排水网经西排渠分别排入市政雨水管网；其它污水集中经管道输送至园区污水收集站后，再由管道输送到巨化集团公司污水处理厂统一处理。

第六章 项目风险
1、政策风险及对策
近年来，国家为了大力支持新能源汽车产业的发展，相继出台了一系列的财政补贴政策。随着新能源汽车行业的不断发展，国家将逐步退出相关的产业扶持，如果新能源汽车行业不能通过技术进步、规模效应等方法提高竞争力，行业扶持政策的调整将对整个新能源汽车产业链的发展造成不利影响，从而也给上游锂电池产业及其关键材料行业带来不利影响。

针对政策风险，公司通过积极投入研究开发新的电解液产品配方，开拓消费电子，储能领域等新的应用场景；并同时投入资源布局新的产品项目以分散经营风险，在一定程度上降低新能源汽车市场波动对公司的影响。

2、技术方面的风险及对策
在全球环保标准不断强化的背景下，为提高汽车的性能，电池厂商不断尝试新的正负极材料以实现电池产品高能量密度和高安全性。受此影响，电解液必须不断研制电解液配方种类，以适应新的正负极材料。在锂电池电解液产品方面，除了大量使用传统的六氟磷酸锂等添加剂以外，采用新型添加剂或新的电解液溶剂成为电解液企业持续研发的方向。目前，各大电解液企业纷纷开始寻求和电池企业合作开发新产品的研发方式，既保证了产品的稳定供给，也可更快开发新的产品配方。在这样的合作研发模式下，公司面临新型技术路线竞争风险。

针对技术路线风险，公司注重技术积累与开发，加大与高校、研究所及其他电池企业的合作，加大与产业链上下游合作的力度，加大原创性技术的开发，同时关注市场需求的变化，注意满足客户的需求，加快新技术转化成产品的时间，逐步确立自己在行业中的技术竞争力。

3、项目审批风险及对策
本项目需要经过多项政府报批手续，包括项目用地、立项、环评、安评、能评、规划、试生产申请、竣工验收等，各环节均可能存在审批风险。

针对审批风险，公司积极了解相关国家政策，高标准规划项目，与当地政府各部门保持沟通，使项目合规合法，符合国家及地方政府的相关规定，公司积极制定各种预案，保障项目的顺利实施。

4、安全及环保风险及对策
""十四五""时期是国家深入打好污染防治攻坚战、持续改善生态环境的五年。国家对于环保治理将不断深入，政府有可能会出台更加严苛的环保政策，对化工企业实施更严格的环保标准，安全政策要求也将进一步提高。项目实施生产后会产生一定数量的废水、废气、废液，部分原料、半成品、成品为易燃、易爆、腐蚀性或有毒物质，可能会给项目的实施带来安全、环保方面的压力，进一步影响项目的效益。

针对安全环保风险，项目严格贯彻国家安全环保方面的法律法规，接受相关部门的监督，并不断加大环保、安全方面的投入。制定更为完善的事故预警处理机制，聘请第三方专业机构完善环境、职业健康安全管理体系，依托园区及专业第三方对废水、固废、废液等进行专业处置。

第七章 研究结论
一、研究报告的结论
本报告为衢州瑞泰新能源材料有限公司年产30万吨电解液新建项目可行性研究报告，本次研究的结论如下：
（1）本项目产品电解液，根据《产业结构调整指导目录》（2019年本），属于鼓励类十九条轻工类第13项：""锂二硫化铁、锂亚硫酰氯等新型锂原电池；锂离子电池、氢镍电池、新型结构（双极性、铅布水平、卷绕式、管式等）密封铅蓄电池、铅碳电池、超级电池、燃料电池、锂/氟化碳电池等新型电池和超级电容器""范畴。
因此，从国家产业政策方面来看，项目建设是可行的。

（2）本项目的投资估算结果表明，该项目总投资151,030万元，其中建设投资101,030万元，铺底流动资金50,000万元。项目计算期内，年均销售收入1,065,000万元，年均净利润56,007.87万元，投资回收期5.63年（含建设期）。本项目的财务分析结果表明，收益率均远大于行业基准收益率，盈利能力满足行业要求，项目具有较好的财务效益，在财务上是可行的。

（3）项目贯彻了清洁生产的指导思想，通过工艺革新，对环境更加温和、友好。三废治理措施落实可靠，能达到国家规定的排放标准，对环境影","002091","2022-01-28"
"82de70fa-7d48-427e-94ce-d3b7b953960c",盛新锂能：独立董事关于第八届董事会第七次会议相关事项的独立意见,"                  盛新锂能集团股份有限公司 
          独立董事关于第八届董事会第七次会议相关事项 
                         的独立意见 
 
           根据《中华人民共和国公司法》《中华人民共和国证券法》《深圳证券交易所
         股票上市规则》《深圳证券交易所上市公司自律监管指引第 1 号——主板上市公
         司规范运作》及《盛新锂能集团股份有限公司章程》等有关规定，作为盛新锂能
         集团股份有限公司（以下简称“公司”）独立董事，我们对公司第八届董事会第
         七次会议审议的相关事项发表如下独立意见： 
           一、关于第一期限制性股票激励计划首次授予部分第三个解除限售期解除
         限售条件成就的独立意见 
           经审议，我们认为：公司第一期限制性股票激励计划首次授予部分第三个解
         除限售期解除限售的相关事项符合《上市公司股权激励管理办法》以及公司《第
         一期限制性股票激励计划（修订稿）》《第一期限制性股票激励计划实施考核管理
         办法》等相关规定，公司第一期限制性股票激励计划首次授予部分第三个解除限
         售期解除限售条件已经成就，我们对激励对象名单进行了核查，认为本次可解锁
         的激励对象已满足激励计划规定的解锁条件（包括公司整体业绩条件与激励对象
         个人绩效考核条件等），激励对象可解除限售的限制性股票数量与其在考核年度
         内个人绩效结果相符，可解除限售的激励对象主体资格合法、有效。综上，我们
         一致同意公司按照相关规定办理第一期限制性股票激励计划首次授予部分第三
         个解除限售期解除限售相关事宜。 
             二、关于终止实施第一期限制性股票激励计划预留部分暨调整回购价格并
         回购注销相关限制性股票的独立意见 
           经审议，我们认为：公司本次终止实施第一期限制性股票激励计划预留部分
         暨调整回购价格并回购注销相关限制性股票的相关事项，符合《上市公司股权激
         励管理办法》等法律、法规的规定，符合公司激励计划的规定，不存在损害公司
         和全体股东尤其是中小股东利益的情形。综上，我们一致同意公司终止实施第一
         期限制性股票激励计划预留部分暨调整回购价格并回购注销相关限制性股票，并
         将该等事项提交公司股东大会审议。 
             三、关于 2024 年度日常关联交易预计的独立意见 
           经审议，我们认为：公司本次 2024 年度日常关联交易预计事项为公司正常
         经营业务所需，属于正当的商业行为，遵循市场化原则进行，公平合理、定价公
         允，不存在损害公司及非关联股东利益的情形。公司董事会在作出有关关联交易
         决议的过程中，履行了诚实信用和勤勉尽责的义务，关联董事依据有关规定回避
         表决，符合相关法律法规和《公司章程》的规定，不会对公司的持续经营带来重
         大的不确定性风险。综上，我们一致同意公司 2024 年度日常关联交易预计的议
         案，并同意将该议案提交公司股东大会审议。 
             关于公司日常关联交易实际发生情况与预计存在较大差异的说明：经核查，
         公司根据市场和实际生产经营情况确定日常关联交易实际发生额，导致与预计金
         额存在较大差异。上述交易遵循了“公平、公正、公允”的原则，符合公司业务
         发展需要，未发现损害公司及全体股东利益特别是中小股东利益的情形。 
             四、关于修订 2021 年员工持股计划及相关文件的独立意见 
           经审议，我们认为：公司根据股东大会的授权，对员工持股计划及其摘要、
         员工持股计划管理办法根据监管部门的最新规定进行的修订，不存在损害公司和
         全体股东尤其是中小股东利益的情形。综上，我们一致同意公司修订本次员工持
         股计划及其摘要、员工持股计划管理办法。 
             五、关于增加商品期货套期保值业务品种的独立意见 
           经审议，我们认为：本次增加商品期货套期保值业务品种，有利于降低原材
         料价格波动风险，符合公司业务发展及日常经营需要，有利于公司长期稳健发展，
         不存在损害公司和全体股东尤其是中小股东利益的情形。综上，我们一致同意公
         司增加商品期货套期保值业务品种。 
                           （以下无正文） 
         （此页无正文，为盛新锂能集团股份有限公司独立董事关于第八届董事会第七
         次会议相关事项的独立意见之签字页）  
 
 
 
         独立董事签署： 
 
 
 
                                                                               
            周 毅                     马 涛                      黄礼登 
 
 
                                        2023 年 12 月 12 日 
","002240","2023-12-12"
ffcba0ee-4180-4124-8cbc-8c42fd23d92e,盛新锂能：深圳市他山企业管理咨询有限公司关于盛新锂能集团股份有限公司第一期限制性股票激励计划首次授予部分第三个解除限售期解除限售条件成就的独立财务顾问报告,"深圳市他山企业管理咨询有限公司关于盛新锂能集团股份有限公司第一期限制性股票激励计划首次授予部分第三个解除限售期解除限售条件成就的独立财务顾问报告
二〇二三年十二月
深圳市他山企业管理咨询有限公司
独立财务顾问报告

目录
释 义 .......................................................................................................................................... 2
声 明 .......................................................................................................................................... 3
一、本激励计划已履行的必要程序 ........................................................................................ 4
二、关于解除限售条件成就情况的说明 ................................................................................ 8
三、本次解除限售安排 ............................................................................................................ 9
四、独立财务顾问意见 .......................................................................................................... 10
五、备查文件及备查地点 ...................................................................................................... 11

释义
在本报告中，除非上下文文意另有所指，下列词语具有如下含义：
盛新锂能、公司 指 盛新锂能集团股份有限公司（证券简称：盛新锂能；证券代码：002240）
本激励计划、本计划 指 盛新锂能集团股份有限公司第一期限制性股票激励计划
《股权激励计划（草案）》 指 《盛新锂能集团股份有限公司第一期限制性股票激励计划（草案修订稿）》
独立财务顾问报告、本报告 指 《深圳市他山企业管理咨询有限公司关于盛新锂能集团股份有限公司第一期限制性股票激励计划首次授予部分第三个解除限售期解除限售条件成就的独立财务顾问报告》
限制性股票 指 激励对象依本激励计划获授的，转让等部分权利受限的公司股票
激励对象 指 参与本激励计划的人员
授予日 指 公司向激励对象授予限制性股票的日期，授予日必须为交易日
授予价格 指 公司向激励对象授予限制性股票所确定的获授价格
限售期 指 本激励计划设定的解除限售条件尚未成就，限制性股票不得转让、抵押、质押、担保或偿还债务的期间，自限制性股票授予登记完成之日起算
解除限售期 指 本激励计划设定的解除限售条件成就之后，激励对象获授的限制性股票可以解除限售并上市流通的期间
解除限售条件 指 本激励计划设定的限制性股票解除限售所必须满足的条件
《公司法》 指 《中华人民共和国公司法》
《证券法》 指 《中华人民共和国证券法》
《管理办法》 指 《上市公司股权激励管理办法》
《公司章程》 指 《盛新锂能集团股份有限公司章程》
中国证监会 指 中国证券监督管理委员会
深交所 指 深圳证券交易所
登记结算公司 指 中国证券登记结算有限责任公司深圳分公司
本独立财务顾问、他山咨询 指 深圳市他山企业管理咨询有限公司
元、万元 指 人民币元、人民币万元

声明
他山咨询接受委托，担任盛新锂能第一期限制性股票激励计划的独立财务顾问并出具本报告。对本报告的出具，本独立财务顾问特作如下声明：

本报告系依照《公司法》《证券法》《管理办法》等法律、法规和规范性文件的规定，根据公司提供的有关资料和信息制作。公司已保证：所提供的有关本激励计划的相关资料和信息真实、准确和完整，不存在虚假记载、误导性陈述或者重大遗漏。
本独立财务顾问仅就本激励计划的可行性、是否有利于上市公司的持续发展、是否损害上市公司利益以及对股东利益的影响发表专业意见，不构成对上市公司的任何投资建议，对投资者依据本报告所做出的任何投资决策而可能产生的风险，本独立财务顾问均不承担责任。
本报告所表达的意见以下述假设为前提：国家现行的相关法律、法规及政策无重大变化；公司所处地区及行业的市场、经济、社会环境无重大变化；公司提供的资料和信息真实、准确、完整；本激励计划涉及的各方能够诚实守信的按照本激励计划及相关协议条款全面、妥善履行所有义务；本激励计划不存在其它障碍，并能够顺利完成；无其他不可抗力和不可预测因素造成重大不利影响。
本独立财务顾问遵循客观、公正、诚实信用的原则出具本报告。本报告仅供公司拟实施本激励计划之目的使用，不得用作任何其他用途。
一、本激励计划已履行的必要程序
1.2020年7月10日，公司分别召开第七届董事会第三次会议及第七届监事会第三次会议，审议通过了《关于公司<第一期限制性股票激励计划（草案）>及其摘要的议案》等议案，公司独立董事对激励计划发表了明确同意的意见。具体内容详见2020年7月11日刊登于巨潮资讯网（http://www.cninfo.com.cn）的《第一期限制性股票激励计划（草案）》等相关公告。

2.2020年8月25日，公司分别召开第七届董事会第六次会议及第七届监事会第六次会议，审议通过了《关于公司<第一期限制性股票激励计划（草案修订稿）>及其摘要的议案》等议案，公司独立董事对激励计划的修订内容发表了明确同意的意见。具体内容详见2020年8月26日刊登于巨潮资讯网（http://www.cninfo.com.cn）的《关于第一期限制性股票激励计划（草案）及摘要的修订说明公告》等相关公告。

3.公司于2020年7月15日至2020年7月24日期间，在公司及其子公司的内部宣传栏对激励计划首次授予激励对象的姓名及职务进行公示。截止公示期满，公司监事会未收到任何个人或组织对首次授予激励对象提出的异议，并于2020年9月25日在巨潮资讯网（http://www.cninfo.com.cn）刊登了《监事会关于第一期限制性股票激励计划激励对象名单审核意见及公示情况说明》。

4.2020年9月28日，公司召开2020年第三次（临时）股东大会，审议通过了《关于公司<第一期限制性股票激励计划（草案修订稿）>及其摘要的议案》等议案，同意公司实施激励计划，授权董事会办理激励计划相关事宜，并于2020年9月29日在巨潮资讯网（http://www.cninfo.com.cn）刊登了《关于第一期限制性股票激励计划内幕信息知情人及激励对象买卖公司股票情况的自查报告》。

5.2020年12月4日，公司分别召开第七届董事会第十二次会议及第七届监事会第九次会议，审议通过了《关于调整第一期限制性股票激励计划首次授予的激励对象名单及授予数量的议案》及《关于向第一期限制性股票激励计划的激励对象首次授予限制性股票的议案》，对首次授予的激励对象名单及授予数量进行了调整，并确认首次授予条件已成就，公司以人民币6.95元/股的价格向54名激励对象授予限制性股票577.5万股，该部分限制性股票的授予日为2020年12月4日，公司独立董事及监事会就相关事项发表明确的同意意见。具体内容详见2020年12月5日刊登于巨潮资讯网（http://www.cninfo.com.cn）的《关于调整第一期限制性股票激励计划首次授予的激励对象名单及授予数量的公告》（公告编号：2020-164）、《关于向第一期限制性股票激励计划的激励对象首次授予限制性股票的公告》等相关公告。

6.2021年8月3日，公司分别召开第七届董事会第二十三次会议及第七届监事会第十五次会议，审议通过了《关于回购注销部分限制性股票的议案》，拟对3名离职激励对象已获授但尚未解除限售的65,000股限制性股票回购注销，公司独立董事就相关事项发表明确的同意意见，监事会亦对拟回购注销股份的数量及涉及激励对象名单进行了核实并出具审核意见。上述议案已经公司于2021年8月19日召开的2021年第六次（临时）股东大会审议通过。具体内容详见2021年8月4日刊登于巨潮资讯网（http://www.cninfo.com.cn）的《关于回购注销部分限制性股票的公告》等相关公告。

7.2021年8月31日，公司分别召开第七届董事会第二十六次会议及第七届监事会第十七次会议，审议通过了《关于向激励对象授予预留部分限制性股票的议案》，确认预留授予条件已成就，公司拟以人民币28.61元/股的价格向49名激励对象授予限制性股票111万股，该部分限制性股票的授予日为2021年8月31日，公司独立董事就相关事项发表明确的同意意见，监事会对拟授予的激励对象名单及授予数量进了核实并出具审核意见。具体内容详见2021年9月1日刊登于巨潮资讯网（http://www.cninfo.com.cn）的《关于向激励对象授予预留部分限制性股票的公告》等相关公告。

8.2021年12月10日，公司分别召开第七届董事会第三十一次会议及第七届监事会第二十次会议，审议通过了《关于第一期限制性股票激励计划首次授予部分第一个解除限售期解除限售条件成就的议案》，确认首次授予部分第一个解除限售期解除限售条件已成就，同意公司按照激励计划的相关规定办理限制性股票首次授予部分第一个解除限售期解除限售相关事宜，监事会对限制性股票首次授予部分第一个解除限售期解除限售条件是否成就及解除限售名单进行了核实并出具审核意见。具体内容详见2021年12月11日刊登于巨潮资讯网（http://www.cninfo.com.cn）的《关于第一期限制性股票激励计划首次授予部分第一个解除限售期解除限售条件成就的公告》等相关公告。

9.2022年9月7日，公司分别召开第七届董事会第三十九次会议及第七届监事会第二十六次会议，审议通过了《关于第一期限制性股票激励计划预留授予部分第一个解除限售期解除限售条件成就的议案》及《关于调整回购价格并回购注销部分限制性股票的议案》，确认预留授予部分第一个解除限售期解除限售条件已成就，同意公司按照激励计划的相关规定办理限制性股票预留授予部分第一个解除限售期解除限售相关事宜，并拟对6名离职激励对象已获授但尚未解除限售的85,000股限制性股票回购注销。监事会对限制性股票预留授予部分第一个解除限售期解除限售条件是否成就及解除限售名单、拟回购注销股份的数量及涉及激励对象名单进行了核实并出具审核意见。独立董事就相关事项发表明确的同意意见。《关于调整回购价格并回购注销部分限制性股票的议案》已经公司于2022年9月23日召开的2022年第三次（临时）股东大会审议通过。具体内容详见2022年9月8日刊登于巨潮资讯网（http://www.cninfo.com.cn）的《关于第一期限制性股票激励计划预留授予部分第一个解除限售期解除限售条件成就的公告》《关于调整回购价格并回购注销部分限制性股票的公告》等相关公告。

10.2022年12月14日，公司分别召开第七届董事会第四十二次会议及第七届监事会第二十八次会议，审议通过了《关于第一期限制性股票激励计划首次授予部分第二个解除限售期解除限售条件成就的议案》，确认首次授予部分第二个解除限售期解除限售条件已成就，同意公司按照激励计划的相关规定办理限制性股票首次授予部分第二个解除限售期解除限售相关事宜，监事会对限制性股票首次授予部分第二个解除限售期解除限售条件是否成就及解除限售名单进行了核实并出具审核意见。具体内容详见2022年12月15日刊登于巨潮资讯网（http://www.cninfo.com.cn）的《关于第一期限制性股票激励计划首次授予部分第二个解除限售期解除限售条件成就的公告》等相关公告。

11.2023年12月12日，公司分别召开第八届董事会第七次会议及第八届监事会第六次会议，分别审议通过了《关于第一期限制性股票激励计划首次授予部分第三个解除限售期解除限售条件成就的议案》《关于终止实施第一期限制性股票激励计划预留部分暨调整回购价格并回购注销相关限制性股票的议案》，确认首次授予部分第三个解除限售期解除限售条件已成就，同意公司按照激励计划的相关规定办理解除限售相关事宜；并对预留部分2名离职激励对象已获授但尚未解除限售的合计10,000股、以及3名个人层面绩效考核不达标激励对象已获授但尚未解除限售的合计120,000股限制性股票回购注销，同时终止实施第一期限制性股票激励计划预留部分390,000股并全部回购注销。监事会对解除限售条件是否成就及解除限售名单进行了核实并出具审核意见。

二、关于解除限售条件成就情况的说明
限售期
根据公司激励计划相关规定，首次授予部分第三个解除限售期为自首次授予完成之日起36个月后的首个交易日起至首次授予完成之日起48个月内的最后一个交易日当日止，第三个解除限售期可解除限售数量占获授限制性股票数量的30%。公司首次授予部分限制性股票的上市日为2020年12月21日，公司本次激励计划首次授予部分第三个解除限售期即将于2023年12月20日届满。
公司未发生《管理办法》规定的不得实施股权激励计划的情形；任一激励对象未发生《管理办法》规定的不得成为激励对象的情形。
公司层面业绩考核
首次授予的限制性股票第三个解除限售期对应的公司层面业绩考核目标为：以2019年公司锂相关业务整体营业收入为基数，2022年公司锂相关业务整体营业收入增长率不低于300%。
首次授予的限制性股票第三个解除限售期对应的公司层面业绩考核结果为：2022年公司锂相关业务整体营业收入为1,203,660.90万元，较2019年公司锂相关业务整体营业收入50,628.83万元的增长率为2,277.42%，公司层面业绩考核达标。

个人层面绩效考核
年度绩效考核结果
优秀 良好 合格 不合格
可解除限售比例 100% 80% 0
首次授予的激励对象为54人，其中5人离职已不具备激励资格，已回购注销，其他49人2022年考核结果均为优秀或良好，个人层面可解除限售比例均为100%。

综上所述，本激励计划首次授予的限制性股票第三个解除限售期解除限售条件已成就，符合资格的49名激励对象可解除限售的限制性股票共计170.55万股。

三、本次解除限售安排
本次可解除限售的限制性股票情况如下：
激励对象 职务 已获授的限制性股票数量（万股） 本次可解除限售的股票数量（万股） 剩余未解除限售的股票数量（万股） 本次可解除限售的股票数量占已获授限制性股票总量的比例
周祎 董事长 110 33 0 30%
邓伟军 董事、总经理 85 25.5 0 30%
方轶 董事、常务副总经理 35 10.5 0 30%
姚开林 副总经理 35 10.5 0 30%
王琪 财务总监 35 10.5 0 30%
核心管理人员及核心技术（业务）骨干（44人） 268.5 80.5 0 30%
合计 568.5 170.55 0 30%

注：激励对象中周祎先生、邓伟军先生、方轶先生、姚开林先生、王琪先生分别为公司董事或高管，其所持限制性股票解除限售后，将根据《深圳证券交易所股票上市规则》《深圳证券交易所上市公司自律监管指引第1号——主板上市公司规范运作》《深圳证券交易所上市公司股东及董事、监事、高级管理人员减持股份实施细则》等法律法规和业务规则的规定进行管理。

四、独立财务顾问意见
本独立财务顾问认为：截至独立财务顾问报告出具日，本次限制性股票解除限售事项已履行现阶段必要的审议程序和信息披露义务，公司和激励对象均具备相应资格，符合《上市公司股权激励管理办法》、《第一期限制性股票激励计划（修订稿）》及其摘要的有关规定。

五、备查文件及备查地点
（一）备查文件

盛新锂能集团股份有限公司第八届董事会第七次会议决议；
盛新锂能集团股份有限公司第八届监事会第六次会议决议；
盛新锂能集团股份有限公司独立董事关于第八届董事会第七次会议相关事项的独立意见。
（二）备查地点
盛新锂能集团股份有限公司
地址：广东省深圳市福田区华富路1018号中航中心32楼3206-3207
电话：0755-82557707
传真：0755-82725977
联系人：雷利民
本独立财务顾问报告一式两份。

（此页无正文，为《深圳市他山企业管理咨询有限公司关于盛新锂能集团股份有限公司第一期限制性股票激励计划首次授予部分第三个解除限售期解除限售条件成就的独立财务顾问报告》之签署页）

独立财务顾问：深圳市他山企业管理咨询有限公司
二〇二三年十二月十二日","002240","2023-12-12"
a39dec19-1f22-4143-91fa-0a91c7a0a170,盛新锂能：内部审计制度（2023年12月）,"盛新锂能集团股份有限公司内部审计制度

第一章 总则

第一条 为加强盛新锂能集团股份有限公司（以下简称""公司""）内部审计工作，提高审计工作质量，维护公司的合法权益，促使公司持续健康发展。依据《中华人民共和国审计法》《企业内部控制基本规范》等有关法律法规和《公司章程》等规定，结合公司实际情况，制定本制度。

第二条 本制度所称的内部审计，是指公司内部审计机构和人员依据国家有关法律法规、财务会计制度和内部管理规定，对公司内部控制制度和风险管理的有效性、财务信息的真实性和完整性以及经营活动的效率和效果等开展的一种评价活动。通过内部审计，达到推动公司完善内部控制、降低经营风险、维护股东权益、提高公司价值等目的。

第三条 本制度适用于公司各部门及纳入公司合并报表范围的子公司（以下简称""被审计单位""）。

第二章 内部审计机构与审计人员

第四条 公司在董事会下设立审计委员会，并建立内部审计部门（以下简称""内审部""），对公司内部控制制度的建立和实施、公司财务信息的真实性和完整性等情况进行检查监督。

内审部应配置专职人员从事内部审计工作，且专职人员不少于二人，内审部对审计委员会负责，并向审计委员会报告工作。

各内部机构或者职能部门、控股子公司以及对公司具有重大影响的参股公司应当配合内审部依法履行职责，不得妨碍内审部的工作。

内审部应当保持独立性，不得置于财务部门的领导之下，或者与财务部门合署办公。

第五条 内审部设一名负责人，由审计委员会提名，董事会任免。公司应披露内审部负责人的学历、职称、工作经历、与公司控股股东及实际控制人是否存在关联关系等情况，并报深圳证券交易所备案。

第六条 根据公司规模、生产经营特点及有关规定，配置专职审计人员。审计人员应具备必要的专业知识、相应业务能力和良好职业道德，并通过定期或不定期的内部职业培训和后续教育来保持和提高内审工作水平和专业胜任能力。

第七条 内部审计人员应当依照法规及公司有关制度执行审计工作，忠于职守、坚持原则、勤奋工作，做到独立、客观、公正、遵纪守法、保守秘密。

第八条 内部审计人员依法行使职权，受法律保护，不受其他部门或者个人的干涉，任何部门及个人不得打击报复。

第九条 内部审计人员办理审计事项，与被审计单位、部门、人员及所办理审计事项有利害关系或利益冲突的，应当回避。

第三章 内部审计职责及权限

第十条 审计委员会在指导和监督内审部工作时，应当履行以下主要职责：
（一）指导和监督内部审计制度的建立和实施；
（二）审阅公司年度内部审计工作计划；
（三）督促公司内部审计计划的实施；
（四）指导内审部的有效运作。公司内审部须向审计委员会报告工作，内审部提交给管理层的各类审计报告、审计问题的整改计划和整改情况须同时报送审计委员会；
（五）向董事会报告内部审计工作进度、质量以及发现的重大问题等；
（六）协调内审部与会计师事务所、国家审计机构等外部审计单位之间的关系。

第十一条 内审部应当履行的主要职责：
（一）对公司各内部机构、控股子公司以及对公司具有重大影响的参股公司的内部控制制度的完整性、合理性及其实施的有效性进行检查和评估；
（二）对公司各内部机构、控股子公司以及对公司具有重大影响的参股公司的会计资料及其他有关经济资料，以及所反映的财务收支及有关的经济活动的合法性、合规性、真实性和完整性进行审计，包括财务报告、业绩快报、自愿披露的预测性财务信息等；
（三）协助建立健全反舞弊机制，确定反舞弊的重点领域、关键环节和主要内容，并在内部审计过程中合理关注和检查可能存在的舞弊行为；
（四）至少每季度向董事会或者审计委员会报告一次，内容包括但不限于内部审计计划的执行情况以及内部审计工作中发现的问题。

第十二条 内审部应当在每个会计年度结束前二个月内向董事会或者其专门委员会提交次一年度内部审计工作计划，并在每个会计年度结束后二个月内向董事会或者其专门委员会提交年度内部审计工作报告。

内审部应当将审计重要的对外投资、购买和出售资产、对外担保、关联交易、募集资金使用及信息披露事务等事项作为年度工作计划的必备内容。

内审部每季度应当向董事会或者审计委员会至少报告一次内部审计工作情况和发现的问题，并至少每年向其提交一次内部审计报告。内审部对审查过程中发现的内部控制缺陷，应当督促相关责任部门制定整改措施和整改时间，并进行内部控制的后续审查，监督整改措施的落实情况。内审部在审查过程中如发现内部控制存在重大缺陷或者重大风险，应当及时向董事会或者审计委员会报告。

公司应当根据自身经营特点和实际状况，制定公司内部控制自查制度和年度内部控制自查计划。公司应当要求各内部机构（含分支机构）、控股子公司积极配合内审部的检查监督，必要时可以要求其定期进行自查。

公司内审部应当至少每季度对募集资金的存放与使用情况检查一次，并及时向审计委员会报告检查结果。公司审计委员会认为公司募集资金管理存在违规情形、重大风险或者内审部没有按前款规定提交检查结果报告的，应当及时向董事会报告。董事会应当在收到报告后二个交易日内向深圳证券交易所报告并公告。

第十三条 内审部应当以业务环节为基础开展审计工作，并根据实际情况，对与财务报告和信息披露事务相关的内部控制设计的合理性和实施的有效性进行评价。

第十四条 内部审计应当涵盖上市公司经营活动中与财务报告和信息披露事务相关的所有业务环节，包括：销货与收款、采购及付款、存货管理、固定资产管理、资金管理（包括投资融资管理）、人力资源管理、信息系统管理和信息披露事务管理等。

第十五条 内部审计人员获取的审计证据应当具备充分性、相关性和可靠性。内部审计人员应当将获取审计证据的名称、来源、内容、时间等信息清晰、完整地记录在工作底稿中。内审部应当建立工作底稿制度，并依据法律法规的规定，建立相应的档案管理制度，明确内部审计工作报告、工作底稿及相关资料的保存时间。

第十六条 内审部的主要权限：
（一）根据内部审计工作的需要，有权要求相关部门按时报送计划、预算、决算、报表和有关文件、资料等；
（二）有权检查凭证、帐表、资金和财产，检测财务会计软件，查阅有关的文件和资料，审查费用、成本管理状况，相关部门必须如实提供，不得拒绝、隐匿和销毁；
（三）有权对审计中涉及的有关事项，进行调查并索取证明材料；
（四）对阻挠、破坏审计工作以及拒绝提供有关资料的行为，经董事长批准有权采取必要的临时措施，并提出追究有关人员责任的建议；
（五）对违反财经法纪和大量浪费被审计单位资源的直接责任人和相关负责人，可建议公司董事会给予惩罚，情节特别严重的可建议移送司法机关依法追究法律责任。

第四章 审计范围与内容

第十七条 内部审计的范围：
（一）公司各部门；
（二）公司控制的全资子公司、控股子公司及其控股、控制的所有关联企业及其他纳入公司合并报表范围的子公司。

第十八条 内部审计的内容：
（一）财务审计：对公司财务计划、财务预算执行情况、财务收支的合法性、真实性、效益性等进行监督检查；对财务管理和财产管理情况进行监督评价；
（二）内控审计：对公司内部控制系统的合法性、健全性和有效性进行测评和监督检查。包括：销售与收款、采购及付款、存货管理、固定资产管理、资金管理、投资与融资管理、人力资源管理、信息系统管理和信息披露事务管理等；
（三）基建项目审计：对基本建设、技术改造等工程项目计划、立项、合同签订、合同执行、项目风险控制及项目收益性等情况进行内部审计；
（四）经济责任审计：对公司及下属各单位、各级子公司主要领导调动、免职、辞职、退休等情况下，根据董事会、审计委员会要求进行任期经济责任审计或离任审计；
（五）专项审计：对与公司经济活动有关的特定事项，向公司有关部门或个人进行专项审计调查，并向董事会、审计委员会报告审计调查结果；
（六）公司内部控制自我评价：对公司内部控制进行评价，提交公司内部控制自我评价报告；
（七）董事会、审计委员会及其授权的管理层安排的其他审计任务。

第五章 重大事项审计

第十九条 内审部应当在重要的对外投资事项发生后及时进行审计。在审计对外投资事项时应重点关注以下内容：
（一）对外投资是否按照有关规定履行审批程序；
（二）是否按照审批内容订立合同，合同是否正常履行；
（三）是否指派专人或成立专门机构负责研究和评估重大投资项目的可行性、投资风险和投资收益，并跟踪监督重大投资项目的进展情况；
（四）涉及委托理财事项的，关注公司是否将委托理财审批权力授予公司经营管理层行使，受托方诚信记录、经营状况和财务状况是否良好，是否指派专人跟踪监督委托理财的进展情况；
（五）涉及证券投资事项的，关注公司是否针对证券投资行为建立专门内部控制制度，投资规模是否影响公司正常经营，资金来源是否为自有资金，投资风险是否超出公司可承受范围，是否使用他人账户或向他人提供资金进行证券投资，保荐机构是否发表意见（如适用）。

第二十条 内审部应当在重要的购买和出售资产事项发生后及时进行审计。在审计购买和出售资产事项时，应当重点关注以下内容：
（一）购买和出售资产是否按照有关规定履行审批程序；
（二）是否按照审批内容订立合同，合同是否正常履行；
（三）购入资产的运营状况是否与预期一致；
（四）购入资产有无设定担保、抵押、质押及其他限制转让的情况，是否涉及诉讼、仲裁及其他重大争议事项。

第二十一条 内审部应当在重要的对外担保事项发生后及时进行审计。在审计对外担保事项时，应当重点关注以下内容：
（一）对外担保是否按照有关规定履行审批程序；
（二）担保风险是否超出公司可承受范围，被担保方的诚信记录、经营状况和财务状况是否良好；
（三）被担保方是否提供反担保，反担保是否具有可实施性；
（四）保荐机构是否发表意见（如适用）；
（五）是否指派专人持续关注被担保方的经营状况和财务状况。

第二十二条 内审部应当在重要的关联交易事项发生后及时进行审计。在审计关联交易事项时，应当重点关注以下内容：
（一）是否确定关联方名单，并及时予以更新；
（二）关联交易是否按照有关规定履行审批程序，审议关联交易时关联股东或关联董事是否回避表决；
（三）保荐机构是否发表意见（如适用）；
（四）关联交易是否签订书面协议，交易双方的权利义务及法律责任是否明确；
（五）交易标的有无设定担保、抵押、质押及其他限制转让的情况，是否涉及诉讼、仲裁及其他重大争议事项；
（六）交易对手方的诚信记录、经营状况和财务状况是否良好；
（七）关联交易定价是否公允，是否已按照有关规定对交易标的进行审计或评估，关联交易是否会侵占上市公司利益。

第二十三条 内审部应当至少每季度对募集资金的存放与使用情况进行一次审计，并对募集资金使用的真实性和合规性发表意见。在审计募集资金使用情况时，应当重点关注以下内容：
（一）募集资金是否存放于董事会决定的专项账户集中管理，公司是否与存放募集资金的商业银行、保荐机构签订三方监管协议；
（二）是否按照发行申请文件中承诺的募集资金投资计划使用募集资金，募集资金项目投资进度是否符合计划进度，投资收益是否与预期相符；
（三）是否将募集资金用于质押、委托贷款或其他变相改变募集资金用途的投资，募集资金是否存在被占用或挪用现象；
（四）发生以募集资金置换预先已投入募集资金项目的自有资金、用闲置募集资金暂时补充流动资金、变更募集资金投向等事项时，是否按照有关规定履行审批程序和信息披露义务，监事会和保荐机构是否按照有关规定发表意见（如适用）。

第二十四条 内审部应当在业绩快报对外披露前，对业绩快报进行审计。在审计业绩快报时，应当重点关注以下内容：
（一）是否遵守《企业会计准则》及相关规定；
（二）会计政策与会计估计是否合理，是否发生变更；
（三）是否存在重大异常事项；
（四）是否满足持续经营假设；
（五）与财务报告相关的内部控制是否存在重大缺陷或重大风险。

第二十五条 内审部在审查和评价信息披露事务管理制度的建立和实施情况时，应当重点关注以下内容：
（一）公司是否已按照有关规定制定信息披露事务管理制度及相关制度；
（二）是否明确规定重大信息的范围、内容和重大信息的传递、审核、披露流程；
（三）是否制定未公开重大信息的保密措施，明确内幕信息知情人的范围和保密责任；
（四）是否明确规定公司及其董事、监事、高级管理人员、股东、实际控制人等相关信息披露义务人在信息披露事务中的权利和义务；
（五）公司、控股股东及实际控制人存在公开承诺事项的，公司是否指派专人跟踪承诺的履行情况；
（六）信息披露事务管理制度及相关制度是否得到有效实施。

第六章 审计工作程序

第二十六条 审计工作计划：内审部根据公司的具体情况，确定审计工作重点，拟定审计项目计划，报董事会审计委员会批准后实施。

第二十七条 审计方案：根据被审公司具体情况，制定审计工作方案。

第二十八条 实施审计：审计人员通过审查会计凭证、账簿、报表和查阅与审计事项有关的文件、资料、实物，向有关公司（部门）或个人调查等方式进行审计，并取得证明材料，记录审计工作底稿。

第二十九条 审计报告：审计小组对审计事项实施审计后，应当向公司内审部提交审计报告，审计小组提交审计报告前应当征求被审公司（部门）意见，被审公司（部门）应在审计报告指定期限内提出书面意见。

第三十条 审计结论和审计决定：被审公司应按审计意见书或审计结论和决定及时作出处理，并在审计结论和意见书规定时间内将处理结果报告公司内审部。对审计意见和决定如有异议，可以向公司董事会提出，裁决处理。

第三十一条 后续审计：对重要的审计项目，实行后续审计，一般在审计决定下达执行一定时期后进行，检查审计意见和决定的执行情况。

第三十二条 公司内审部对办理的审计事项必须建立审计档案，按照规定管理。

第七章 奖惩

第三十三条 对执行本制度工作成绩显著的有关部门和个人，内审部可以向审计委员会提出给予表扬或奖励的建议。

第三十四条 对违反本制度，有下列行为之一的下属单位及个人，由公司根据情节轻重给予处分、经济处罚、解除劳动关系，或提请有关部门进行处理：
（一）拒绝提供帐簿、会计报表、资料和证明材料或者提供虚假资料的；
（二）阻挠审计人员行使职权，抗拒、破坏监督检查的；
（三）弄虚作假、隐瞒事实真相的；
（四）拒不执行审计意见书或审计结论和决定的；
（五）打击报复审计工作人员和检举人的。

第三十五条 内部审计工作人员违反本制度规定，有下列行为之一，由公司根据情节轻重给予处分，给公司造成损失的应当承担赔偿责任，构成犯罪的依法追究刑事责任：
（一）利用职权谋取私利的；
（二）弄虚作假、徇私舞弊的；
（三）玩忽职守，给被审公司造成损失的；
（四）泄露被审公司商业机密的。

第八章 附则

第三十六条 本制度未尽事宜，应当依照有关法律、法规、规范性文件和《公司章程》的规定执行；本制度如与国家此后颁布的法律、法规或经合法程序修改后的《公司章程》相抵触时，按国家有关法律、法规和《公司章程》的规定执行。

第三十七条 本制度自公司董事会审议通过之日起实施，修订时亦同。

第三十八条 本制度由公司董事会负责解释和修订。

盛新锂能集团股份有限公司  
董事会  
二〇二三年十二月","002240","2023-12-13"
"36091afe-310b-4590-9cb3-92105ee8bc97",盛新锂能：关于召开2023年第三次（临时）股东大会的通知,"盛新锂能集团股份有限公司关于召开2023年第三次（临时）股东大会的通知

证券代码：002240  
证券简称：盛新锂能  
公告编号：2023-121  

本公司及董事会全体成员保证信息披露内容的真实、准确和完整，没有虚假记载、误导性陈述或重大遗漏。

盛新锂能集团股份有限公司（以下简称""公司""）第八届董事会第七次会议决定于2023年12月28日（周四）下午14:30以现场与网络投票相结合的方式召开公司2023年第三次（临时）股东大会。现将本次股东大会的有关事项通知如下：

一、召开会议的基本情况

（一）会议召集人

公司第八届董事会

（二）会议召开合法性、合规性

本次股东大会会议符合有关法律、行政法规、部门规章，规范性文件和公司章程的规定。

（三）会议召开时间
现场会议时间：2023年12月28日（周四）下午14:30开始  

网络投票时间：2023年12月28日（周四）  

其中，通过深圳证券交易所交易系统进行网络投票的具体时间为：2023年12月28日上午9:15－9:25，9:30－11:30，下午13:00－15:00；通过深圳证券交易所互联网投票系统投票的具体时间为：2023年12月28日上午9:15至2023年12月28日下午15:00期间的任意时间。

（四）现场会议召开地点

四川省成都市高新区天府三街199号太平洋保险金融大厦B区15楼会议室。

（五）会议召开方式

现场表决与网络投票相结合方式  
现场投票：股东本人出席现场会议或者通过授权委托书委托他人出席现场会议。  

网络投票：公司将通过深圳证券交易所交易系统和互联网投票系统（http://wltp.cninfo.com.cn）向全体股东提供网络投票平台，股东可以在网络投票时间内通过上述系统行使表决权。同一股份只能选择现场投票、网络投票或符合规定的其他投票方式中的一种表决方式。同一表决权出现重复表决的以第一次投票结果为准。

（六）股权登记日

2023年12月25日（周一）

（七）会议出席对象
截至2023年12月25日（周一）交易结束后在中国证券登记结算有限责任公司深圳分公司登记在册的股东均有权出席本次股东大会，并可以书面委托代理人出席会议和参加表决，该股东代理人不必是公司股东；  

本公司董事、监事及高级管理人员；  

本公司聘请的见证律师；  

根据相关法规应当出席股东大会的其他人员。

二、会议审议事项

本次股东大会审议事项如下：

提案编码 提案名称
 备注（该列打勾的栏目可以投票）

100 总议案：除累积投票提案外的所有议案
 非累积投票提案
1.00 《关于终止实施第一期限制性股票激励计划预留部分暨调整回购价格并回购注销相关限制性股票的议案》
 √
2.00 《关于2024年度日常关联交易预计的议案》
 √
3.00 《关于修订<公司章程>部分条款的议案》
 √
4.00 《关于修订<董事会议事规则>的议案》
 √
5.00 《关于修订<独立董事制度>的议案》
 √
6.00 《关于修订<关联交易管理制度>等3项制度的议案》
 √

与上述关联交易有利害关系的关联股东须回避表决。

议案（一）（三）属于股东大会特别决议事项，应当由出席股东大会的股东（包括股东代理人）所持表决权的2/3以上通过。

根据《上市公司股东大会规则》等规则的要求，本次会议审议的上述议案需对中小投资者的表决单独计票并披露。中小投资者指除单独或合计持有上市公司5%以上股份的股东、公司董事、监事、高级管理人员以外的其他股东。

上述议案已经公司第八届董事会第七次会议审议通过，具体内容详见同日刊登于《中国证券报》《证券时报》和巨潮资讯网（www.cninfo.com.cn）的公司相关公告。

三、现场会议登记方法

（一）登记方式
法人股股东由法定代表人出席的，凭营业执照复印件、持股证明、法定代表人身份证以及法定代表人资格证明；授权委托代理人出席的，凭营业执照复印件、持股证明、法定代表人授权委托书、法定代表人资格证明、法定代表人身份证复印件和本人身份证办理登记。  

个人股东凭本人身份证或其他能够表明其身份的有效证件或证明、股票账户卡和持股证明登记；授权委托代理人持本人有效身份证件、授权委托书和委托人的身份证复印件、股票账户卡复印件及持股证明办理登记。  

异地股东可采用书面信函、传真、电子邮件的方式登记。

（二）登记时间

2023年12月26日（上午9:00-12:00；下午14:00-17:00）

（三）登记地点

盛新锂能集团股份有限公司董事会办公室（深圳市福田区华富路1018号中航中心32楼3206-3207），信函上请注明""股东大会""字样

联系人：王姗姗  
电话：0755-82557707  
传真：0755-82725977  
电子邮箱：002240@cxlithium.com  
邮编：518031

四、参加网络投票的具体操作流程

本次股东大会向股东提供网络投票平台，股东可以通过深交所交易系统和互联网投票系统（http://wltp.cninfo.com.cn）参加投票。网络投票的具体操作流程见附件1。

五、其他

（一）联系方式

会议联系人：王姗姗  
联系部门：盛新锂能集团股份有限公司董事会办公室  
电话：0755-82557707  
传真：0755-82725977  
联系地址：深圳市福田区华富路1018号中航中心32楼3206-3207  
邮编：518031

（二）会期半天，与会股东食宿和交通自理；

（三）出席会议的股东需出示登记手续中所列明的文件。

特此公告。

盛新锂能集团股份有限公司  
董事会  
二○二三年十二月十二日

附件1：参加网络投票的具体操作流程

一、网络投票的程序
普通股的投票代码与投票简称：投票代码为""362240""，投票简称为""盛新投票""。  

填报表决意见或选举票数。  

对于非累积投票提案，填报表决意见：同意、反对、弃权。  
股东对总议案进行投票，视为对除累积投票议案外的其他所有议案表达相同意见  

在股东对同一议案出现总议案与分议案重复投票时，以第一次有效投票为准。如股东先对分议案投票表决，再对总议案投票表决，则以已投票表决的分议案的表决意见为准，其他未表决的议案以总议案的表决意见为准；如先对总议案投票表决，再对分议案投票表决，则以总议案的表决意见为准。

二、通过深交所交易系统投票的程序
投票时间：2023年12月28日上午9:15－9:25，9:30－11:30，下午13:00－15:00。  

股东可以登录证券公司交易客户端通过交易系统投票。

三、通过互联网投票系统的投票程序
投票时间：2023年12月28日上午9:15至2023年12月28日下午15:00期间的任意时间。  

股东通过互联网投票系统进行网络投票，需按照《深圳证券交易所投资者网络服务身份认证业务指引》的规定办理身份认证，取得""深交所数字证书""或""深交所投资者服务密码""。  

股东根据获取的服务密码或数字证书，可登录http://wltp.cninfo.com.cn在规定时间内通过深交所互联网投票系统进行投票。

附件2：授权委托书

兹全权委托先生（女士）代表我单位（个人），出席盛新锂能集团股份有限公司2023年第三次（临时）股东大会，受托人有权依照本授权委托书的指示对该次会议审议的议案进行投票表决，并代为签署该次会议需要签署的相关文件。

提案编码 提案名称 备注（该列打勾的栏目可以投票） 同意 反对
 弃权

100 总议案：除累积投票提案外的所有议案 非累积投票提案 √
1.00 《关于终止实施第一期限制性股票激励计划预留部分暨调整回购价格并回购注销相关限制性股票的议案》 √
2.00 《关于2024年度日常关联交易预计的议案》 √
3.00 《关于修订<公司章程>部分条款的议案》 √
4.00 《关于修订<董事会议事规则>的议案》 √
5.00 《关于修订<独立董事制度>的议案》 √
6.00 《关于修订<关联交易管理制度>等3项制度的议案》 √
 

说明：  
如欲投票同意提案，请在""同意""栏内相应地方填上""√""；如欲投票反对提案，请在""反对""栏内相应地方填上""√""；如欲投票弃权提案，请在""弃权""栏内相应地方填上""√""。对累积投票议案则填写选举票数。  

授权委托书剪报、复印或按以上格式自制均有效；单位委托须加盖单位公章。

委托书有效期限：自签署日至本次股东大会结束  
委托人姓名或名称（签章）：  
委托人身份证号码（营业执照号码）：  
委托人持股数：  
委托人股东账户：  
受托人签名：  
受托人身份证号：  
委托日期：年月日","002240","2023-12-13"
"58764b12-18d2-4e26-a1e3-cb9088e880ff",盛新锂能：对外担保制度（2023年12月）,"盛新锂能集团股份有限公司对外担保制度

第一章 总则

第一条 为规范盛新锂能集团股份有限公司（以下简称""公司""）的对外担保行为，控制公司资产运营风险，促进公司健康稳定地发展，维护公司股东和其他利益相关者的利益，根据《中华人民共和国公司法》、《中华人民共和国证券法》、《中华人民共和国民法典》、《深圳证券交易所股票上市规则》、《上市公司监管指引第8号——上市公司资金往来、对外担保的监管要求》和其他相关法律、法规和规范性文件的规定以及《公司章程》，特制定本制度。

第二条 本制度所称对外担保，是指公司为他人提供的担保，包括公司对控股子公司的担保。

第三条 公司对外提供担保，应根据有关法律、行政法规、《公司章程》及其他规定披露有关信息。

第四条 未经公司董事会或者股东大会审议通过，公司不得对外提供担保。

第五条 公司对外担保时应当采取必要措施核查被担保人的资信状况，并在审慎判断被担保方偿还债务能力的基础上，决定是否提供担保。公司为控股股东、实际控制人及其关联人提供担保的，应当要求对方提供反担保。

公司为控股子公司、参股公司提供担保，该控股子公司、参股公司的其他股东应当按出资比例提供同等担保等风险控制措施。如该股东未能按出资比例向公司控股子公司或者参股公司提供同等担保等风险控制措施，公司董事会应当披露主要原因，并在分析担保对象经营情况、偿债能力的基础上，充分说明该笔担保风险是否可控，是否损害公司利益等。

第六条 公司独立董事应在年度报告中，对报告期末尚未履行完毕和当期发生的对外担保情况、执行相关规定和本制度的情况进行专项说明。

第二章 对外提供担保的程序

第七条 应由股东大会审批的对外担保，必须经董事会审议通过后，方可提交股东大会审批。须经股东大会审批的对外担保，包括但不限于下列情形：
（一）单笔担保额超过公司最近一期经审计净资产10%的担保；
（二）公司及其控股子公司的对外担保总额，超过公司最近一期经审计净资产50%以后提供的任何担保；
（三）为资产负债率超过70%的担保对象提供的担保；
（四）公司在一年内担保金额超过公司最近一期经审计总资产30%的担保；
（五）公司的对外担保总额超过公司最近一期经审计总资产30%以后提供的任何担保；
（六）对股东、实际控制人及其关联人提供的担保；
（七）法律、法规、证券交易所或公司章程规定的其他担保情形。

公司股东大会审议前款第（四）项担保事项时，应当经出席会议的股东所持表决权的三分之二以上通过。

股东大会在审议为股东、实际控制人及其关联方提供的担保议案时，该股东或者受该实际控制人支配的股东，不得参与该项表决，该项表决由出席股东大会的其他股东所持表决权的半数以上通过。

第八条 公司向其控股子公司提供担保，如每年发生数量众多、需要经常订立担保协议而难以就每份协议提交董事会或者股东大会审议的，公司可以对最近一期财务报表资产负债率为70%以上以及资产负债率低于70%的两类子公司分别预计未来十二个月的新增担保总额度，并提交股东大会审议。

前述担保事项实际发生时，公司应当及时披露，任一时点的担保余额不得超过股东大会审议通过的担保额度。

第九条 公司向其合营或者联营企业提供担保且同时满足以下条件，如每年发生数量众多、需要经常订立担保协议而难以就每份协议提交董事会或者股东大会审议的，公司可以对未来十二个月内拟提供担保的具体对象及其对应新增担保额度进行合理预计，并提交股东大会审议：
（一）被担保人不是上市公司的董事、监事、高级管理人员、持股5%以上的股东、实际控制人及其控制的法人或其他组织；
（二）被担保人的各股东按出资比例对其提供同等担保或反担保等风险控制措施。

前述担保事项实际发生时，公司应当及时披露，任一时点的担保余额不得超过股东大会审议通过的担保额度。

第十条 公司向其合营或者联营企业进行担保额度预计，同时满足以下条件的，可以在其合营或联营企业之间进行担保额度调剂，但累计调剂总额不得超过预计担保总额度的50%：
（一）获调剂方的单笔调剂金额不超过公司最近一期经审计净资产的10%；
（二）在调剂发生时资产负债率超过70%的担保对象，仅能从资产负债率超过70%（股东大会审议担保额度时）的担保对象处获得担保额度；
（三）在调剂发生时，获调剂方不存在逾期未偿还负债等情况；
（四）获调剂方的各股东按出资比例对其提供同等担保或反担保等风险控制措施。

前述调剂事项实际发生时，公司应当及时披露。

第十一条 对于应当提交股东大会审议的担保事项，判断被担保人资产负债率是否超过70%时，应当以被担保人最近一年经审计财务报表或者最近一期财务报表数据孰高为准。

第十二条 公司因交易导致被担保方成为公司的关联人的，在实施该交易或者关联交易的同时，应当就存续的关联担保履行相应审议程序和信息披露义务。董事会或者股东大会未审议通过前款规定的关联担保事项的，交易各方应当采取提前终止担保等有效措施。

第十三条 保荐机构（如适用）应当在董事会审议对外担保事项（对合并范围内子公司提供担保除外）时就该事项的决策程序、信息披露的合规性等发表专项意见。

第十四条 应由董事会审批的对外担保，除应当经全体董事的过半数审议通过外，还应当经出席董事会会议的三分之二以上董事审议同意并作出决议，并及时对外披露。

如果董事与所审议的担保事项存在关联关系，则该董事应当回避表决，该事项除应当经全体非关联董事过半数审议通过外，还应当经出席会议的三分之二以上非关联董事审议同意并作出决议。出席董事会的非关联董事不足半数或不足3人的，应将该担保事项提交股东大会审议。

第十五条 由董事会或股东大会审议批准的对外担保，必须在证券交易所的网站和符合中国证监会规定条件的媒体上及时披露，披露的内容包括董事会或股东大会决议、截止信息披露日公司及其控股子公司对外担保总额、公司对控股子公司提供担保的总额。

第十六条 公司担保的债务到期后需展期并需继续由其提供担保的，应当作为新的对外担保，重新履行担保审批程序和信息披露义务。

第十七条 公司控股子公司为合并报表范围内的法人或者其他组织提供担保的，公司应当在控股子公司履行审议程序后及时披露。按照相关规定，需要提交公司股东大会审议的担保事项除外。

公司控股子公司对于向公司合并报表范围之外的主体提供担保的，视同公司提供担保，应当遵守本制度相关规定。

第十八条 公司及控股子公司提供反担保应当比照本制度关于担保的相关规定执行，以其提供的反担保金额为标准履行相应审议程序和信息披露义务，但公司及控股子公司为以自身债务为基础的担保提供反担保的除外。

第十九条 公司股东大会或董事会做出担保决策后，由法务部审查有关主债权合同、担保合同等法律文件，由公司法定代表人或其指定人员代表公司与主债权人签订与担保有关的书面合同。

第三章 担保风险控制

第二十条 公司提供担保的过程应遵循风险控制的原则，在对被担保人风险评估的同时，严格控制对被担保人的担保责任限额。

第二十一条 公司应当妥善管理担保合同及相关原始资料，及时进行清理检查，并定期与银行等相关机构进行核对，保证存档资料的完整、准确、有效，关注担保的时效、期限。

公司在合同管理过程中发现未经董事会或者股东大会审议通过的异常担保合同的，应当及时向董事会、监事会报告并公告。

对于已披露的担保事项，公司还应当在出现下列情形之一时及时披露：
（一）被担保人于债务到期后十五个交易日内未履行还款义务的；
（二）被担保人出现破产、清算及其他严重影响还款能力情形的。

第二十二条 公司应当持续关注被担保人的财务状况及偿债能力等，如发现被担保人经营状况严重恶化或者发生公司解散、分立等重大事项的，公司董事会应当及时采取有效措施，将损失降低到最小程度。

提供担保的债务到期后，公司应当督促被担保人在限定时间内履行偿债义务。若被担保人未能按时履行义务，公司应当及时采取必要的补救措施。

第二十三条 公司董事会应当建立定期核查制度，对公司担保行为进行核查。公司发生违规担保行为的，应当及时披露，并采取合理、有效措施解除或者改正违规担保行为，降低公司损失，维护公司及中小股东的利益，并追究有关人员的责任。

因控股股东、实际控制人及其关联人不及时偿债，导致公司承担担保责任的，公司董事会应当及时采取追讨、诉讼、财产保全、责令提供担保等保护性措施避免或者减少损失，并追究有关人员的责任。

第二十四条 公司董事及其他管理人员或本制度涉及到的公司相关部门及人员未按照规定程序擅自越权签署对外担保合同、违规提供担保或怠于行使职责，给公司造成损失时，公司应当追究相关责任人员的责任。

第二十五条 因公司控股股东、实际控制人及其关联人不及时偿债，导致公司承担担保责任的，公司董事会应当及时采取追讨、诉讼、财产保全、责令提供担保等保护性措施避免或者减少损失，并追究有关人员的责任。

第四章 附则

第二十六条 本制度未尽事宜，应当依照有关法律、法规、规范性文件和《公司章程》的规定执行；本制度如与国家此后颁布的法律、法规或经合法程序修改后的《公司章程》相抵触时，按国家有关法律、法规和《公司章程》的规定执行。

第二十七条 本制度的""以上""均包含本数，""超过""均不包含本数。

第二十八条 公司控股子公司发生的对外担保，参照本制度执行。

第二十九条 本制度所称""公司及其控股子公司的对外担保总额""是指包括公司对控股子公司担保在内的公司对外担保总额与公司控股子公司对外担保总额之和。

第三十条 本制度解释权属于公司董事会。

第三十一条 本制度自公司股东大会审议通过之日起生效实施。

盛新锂能集团股份有限公司  
二〇二三年十二月","002240","2023-12-13"
ffc4c3cf-ec0e-4874-9dab-02cc545bf2b9,盛新锂能：2021年员工持股计划（修订稿）,"盛新锂能集团股份有限公司2021年员工持股计划（修订稿）

声明

本公司及董事会全体成员保证本员工持股计划不存在虚假记载、误导性陈述或重大遗漏，并对其内容真实性、准确性、完整性承担个别和连带的法律责任。

风险提示

一、本员工持股计划须经公司股东大会审议批准后方可实施，但能否获得公司股东大会批准，存在不确定性；

二、本员工持股计划资金来源、资金规模、股票来源、股票规模等实施要素均属初步结果，能否完成实施，存在不确定性。

敬请广大投资者谨慎决策，注意投资风险。

特别提示

一、盛新锂能集团股份有限公司2021年员工持股计划（修订稿）（以下简称""本员工持股计划""）系盛新锂能集团股份有限公司（以下简称""公司""）依据《公司法》、《证券法》、《关于上市公司实施员工持股计划试点的指导意见》、《深圳证券交易所上市公司信息披露指引第4号—员工持股计划》等有关法律、行政法规、规章、规范性文件以及《盛新锂能集团股份有限公司章程》的规定制定。

二、本员工持股计划的实施遵循公司自主决定、员工自愿参加的原则，公司不存在以摊派、强行分配等方式要求员工参加本员工持股计划的情形。

三、本员工持股计划的参加对象总人数为不超过15人，具体人数根据实际情况而定。

四、本员工持股计划拟筹集资金总额不超过10,828.3950万元，以""份""作为认购单位，每份份额为1元，本员工持股计划的合计份额不超过10,828.3950万份。本员工持股计划的资金来源为员工合法薪酬、自筹资金以及法律法规允许的其他方式取得的资金，具体金额根据实际情况而定。公司不以任何方式向参与对象提供垫资、担保、借贷等财务资助，亦不存在第三方为参加对象提供奖励、资助、补贴、兜底等安排的情形。

五、本员工持股计划拟采取自行管理的模式，成立管理委员会，负责管理本员工持股计划，并采取适当的风险防范和隔离措施切实维护本员工持股计划持有人的合法权益。

六、本员工持股计划的存续期不超过80个月，自本员工持股计划经公司股东大会审议通过之日起计算。公司股东大会审议通过本员工持股计划后6个月内，本员工持股计划将通过非交易过户等法律法规许可的方式受让公司回购专用证券账户中的标的股票。本员工持股计划的法定锁定期为12个月，自公司公告标的股票过户至本员工持股计划名下之日起计算，法定锁定期内，本员工持股计划不得买卖公司股票；法定锁定期届满后，本员工持股计划项下所持有的标的股票分批解锁。

七、公司董事会审议通过本员工持股计划后，公司将提请股东大会审议本员工持股计划，本员工持股计划经公司股东大会批准后方可实施。

八、审议本员工持股计划的公司股东大会将采取现场投票与网络投票相结合的方式。公司将通过深圳证券交易所交易系统和互联网投票系统向公司股东提供网络形式的投票平台，公司股东可以在网络投票时间内通过上述系统行使表决权。

九、本员工持股计划实施后，不会导致公司股权分布不符合上市条件。

目录

声明  
风险提示  
特别提示  
目录  
释义  
一、员工持股计划的目的  
二、员工持股计划的基本原则  
三、员工持股计划参加对象的确定标准  
四、员工持股计划的资金来源、股票来源、购股价格和购股规模  
五、员工持股计划的存续期和锁定期  
六、员工持股计划的考核标准  
七、员工持股计划的管理模式  
八、员工持股计划涉及的关联关系和一致行动关系  
九、员工持股计划的会计处理、对经营业绩的影响  
十、员工持股计划的资产分配、持有人所持权益的处置  
十一、员工持股计划的变更、终止  
十二、实施员工持股计划的程序  
十三、其他重要事项  

释义

在本计划修订稿中，除非文义另有所指，下列简称特指如下含义：

简称 | 释义
---|---
本公司、公司 | 盛新锂能集团股份有限公司
本员工持股计划、本计划 | 盛新锂能集团股份有限公司2021年员工持股计划
修订稿、本计划修订稿、本员工持股计划修订稿 | 《盛新锂能集团股份有限公司2021年员工持股计划（修订稿）》
持有人 | 拟参与本员工持股计划的人员
持有人会议 | 员工持股计划持有人会议
管理委员会 | 员工持股计划管理委员会
《员工持股计划管理办法》 | 《盛新锂能集团股份有限公司2021年员工持股计划管理办法》
标的股票 | 公司A股普通股股票
中国证监会 | 中国证券监督管理委员会
深交所 | 深圳证券交易所
登记结算公司 | 中国证券登记结算有限责任公司深圳分公司
元、万元 | 人民币元、人民币万元
《公司法》 | 《中华人民共和国公司法》
《证券法》 | 《中华人民共和国证券法》
《指导意见》 | 《关于上市公司实施员工持股计划试点的指导意见》
《披露指引》 | 《深圳证券交易所上市公司信息披露指引第4号——员工持股计划》
《公司章程》 | 《盛新锂能集团股份有限公司章程》

一、员工持股计划的目的

公司依据《公司法》、《证券法》、《指导意见》、《披露指引》等有关法律、行政法规、部门规章、规范性文件和《公司章程》的规定，制定了《盛新锂能集团股份有限公司2021年员工持股计划（修订稿）》。公司拟实施本员工持股计划的目的在于：

（一）建立和完善公司、股东与员工之间的利益共享机制。

（二）进一步完善公司治理结构，健全公司长期、有效的激励约束机制。

（三）有效调动公司员工的积极性，吸引和保留优秀人才，兼顾公司长短期利益，从而更好地促进公司长期、持续、健康发展。

二、员工持股计划的基本原则

（一）依法合规原则：本员工持股计划的实施依法履行相应程序，真实、准确、完整、及时地实施信息披露。任何人不得利用本员工持股计划进行内幕交易、操纵证券市场等证券欺诈行为。

（二）自愿参与原则：本员工持股计划的实施遵循公司自主决定、员工自愿参加的原则，公司不以摊派、强行分配等方式强制员工参加本员工持股计划。

（三）风险自担原则：本员工持股计划的参加对象盈亏自负，风险自担。

三、员工持股计划参加对象的确定标准

本员工持股计划的参加对象系依据《公司法》、《证券法》、《指导意见》、《披露指引》等有关法律、行政法规、部门规章、规范性文件和《公司章程》的规定而确定。所有参加对象必须在公司（含子公司）任职并签署劳动合同或聘用协议。

本员工持股计划的参加对象包括公司董事（不含独立董事）、高级管理人员，公司（含子公司）其他核心骨干员工。参加本员工持股计划的总人数不超过15人，具体人数根据实际情况而定。

四、员工持股计划的资金来源、股票来源、购股价格和购股规模

（一）员工持股计划的资金来源

本员工持股计划拟筹集资金总额不超过10,828.3950万元，以""份""作为认购单位，每份份额为1元，本员工持股计划的合计份额不超过10,828.3950万份。本员工持股计划的资金来源为员工合法薪酬、自筹资金以及法律法规允许的其他方式取得的资金，具体金额根据实际情况而定。公司不以任何方式为本员工持股计划的参加对象提供垫资、担保、借贷等财务资助，亦不存在第三方为本员工持股计划的参加对象提供奖励、资助、补贴、兜底等安排的情形。

本员工持股计划的参加对象名单及初步认购份额的情况如下表所示：

序号 姓名 职务 认购份额上限（万份）
 占本员工持股计划比例
---周祎 董事长 2,250.0000 20.78%
邓伟军 董事、总经理 1,750.0000 16.16%
方轶 董事、常务副总经理 1,500.0000 13.85%
姚开林 副总经理 750.0000 6.93%
王琪 财务总监 750.0000 6.93%
姚婧 董事会秘书、副总经理 750.0000 6.93%
其他核心骨干员工（不超过9人） 2,328.3950
 21.50%

合计 10,828.3950
 100.00%

注：本员工持股计划的实际参加对象及其具体认购份额可能存在变动，以最终执行情况为准。

（二）员工持股计划的股票来源

本员工持股计划涉及的标的股票来源为公司回购专用证券账户已回购的公司A股普通股股票。

公司于2018年9月17日、2018年10月8日分别召开第六届董事会第二十二次会议和2018年第三次（临时）股东大会，审议通过《关于回购公司股份预案的议案》，公司拟使用自有资金以集中竞价交易方式回购公司股份用于实施员工持股计划或股权激励计划。本次回购股份的价格为不超过人民币16元/股（含），本次用于回购股份的总金额为不低于人民币5,000万元（含）且不超过人民币10,000万元（含），本次回购股份的实施期限为自公司董事会审议通过回购方案之日起12个月内。具体内容详见公司于2018年10月17日披露的《关于回购公司股份报告书》。

截至2019年2月18日，公司通过回购专用证券账户以集中竞价交易方式累计回购股份4,331,358股，最高成交价为9.09元/股，最低成交价为7.93元/股，成交总金额3,703.79万元（不含交易费用）。具体内容详见公司于2019年2月19日披露的《关于终止回购公司股份的公告》。

（三）员工持股计划的购股价格

本员工持股计划受让公司回购股份的价格为25.00元/股。定价依据如下：

为推动公司整体经营持续平稳、快速发展，增强核心骨干人员对公司成长发展的责任感和使命感，有效吸引和留住优秀人才，提高公司核心竞争力，公司需要在一定程度上保障本员工持股计划的激励有效性。因此，公司结合自身经营和行业发展情况，拟通过承担合理的激励成本对本员工持股计划的参加对象实施激励。在兼顾激励成本和激励效果的基础之上，本员工持股计划受让公司回购股份的价格确定为25.00元/股，定价方式具有合理性与科学性。

本员工持股计划购买公司回购的股份在完成过户之前，公司发生派息、送股、资本公积金转增股本等除权除息事项，本员工持股计划购买公司回购股份的价格将进行相应的调整。

（四）员工持股计划的购股规模

本员工持股计划经公司股东大会审议批准后6个月内将通过非交易过户等法律法规允许的方式受让公司回购专用证券账户已回购的股份共计不超过4,331,358股，约占本员工持股计划公告时公司总股本的0.50%。本员工持股计划最终购买标的股票的数量以实际执行情况为准，公司将根据规定及时履行信息披露义务。

本员工持股计划实施后，全部有效的员工持股计划所持有的股票总数累计不超过公司股本总额的10%，任一持有人持有的员工持股计划份额所对应的标的股票数量不超过公司股本总额的1%。员工持股计划持有的股票总数不包括员工在公司首次公开发行股票上市前获得的股份、通过二级市场自行购买的股份及通过股权激励获得的股份。

本员工持股计划的实施仍存在不确定性，最终购股情况以实际执行情况为准，公司将根据要求及时履行信息披露义务。

五、员工持股计划的存续期和锁定期

（一）员工持股计划的存续期

本员工持股计划的存续期为80个月，自本员工持股计划经公司股东大会审议通过之日起计算。公司股东大会审议通过本员工持股计划后6个月内，本员工持股计划将通过非交易过户等法律法规许可的方式受让公司回购专用证券账户所持有的标的股票。

（二）员工持股计划的锁定期

1、根据《指导意见》的规定，本员工持股计划的法定锁定期为12个月，自公司公告标的股票过户至本员工持股计划名下之日起计算。法定锁定期内，本员工持股计划不得买卖公司股票。

2、为体现激励与约束对等的原则，有效绑定公司、股东与员工之间的利益，促进公司长期、稳定发展，法定锁定期届满后，本员工持股计划项下所持有的标的股票分批解锁，具体如下：

（1）第一批解锁时点：自公司公告标的股票过户至本员工持股计划名下之日起满12个月后，解锁比例为本员工持股计划所持有的标的股票总数的25%（含持有标的股票期间产生的相应孳息股）；

（2）第二批解锁时点：自公司公告标的股票过户至本员工持股计划名下之日起满24个月后，解锁比例为本员工持股计划所持有的标的股票总数的25%（含持有标的股票期间产生的相应孳息股）；

（3）第三批解锁时点：自公司公告标的股票过户至本员工持股计划名下之日起满36个月后，解锁比例为本员工持股计划所持有的标的股票总数的25%（含持有标的股票期间产生的相应孳息股）；

（4）第四批解锁时点：自公司公告标的股票过户至本员工持股计划名下之日起满48个月后，解锁比例为本员工持股计划所持有的标的股票总数的25%（含持有标的股票期间产生的相应孳息股）。

3、本员工持股计划将严格遵守市场交易规则，遵守相关法律、法规、中国证监会和深圳证券交易所关于信息敏感期不得买卖股票的规定。

六、员工持股计划的考核标准

本员工持股计划的业绩考核年度为2021年、2022年、2023年和2024年，分年度进行考核。根据各考核年度的考核结果，将持有人所持员工持股计划权益，分四个批次解锁至各持有人，各批次的解锁比例为25%、25%、25%、25%。

（一）公司层面业绩考核

解锁安排 | 业绩考核目标
---|---
第一个解锁批次 | 2021年营业收入不低于20亿元；
第二个解锁批次 | 2022年营业收入不低于30亿元；
第三个解锁批次 | 2023年营业收入不低于40亿元；
第四个解锁批次 | 2024年营业收入不低于50亿元。

（二）个人层面绩效考核

持有人的个人层面绩效考核按照公司（含子公司）现行有关制度组织实施，根据持有人的绩效考核完成情况对员工持股计划实现可分配的收益进行分配：

个人年度考核结果 优秀 良好 合格
 不合格

可解锁比例 100% 100% 80%
 0

（三）考核结果的应用

1、本员工持股计划存续期内，当公司层面业绩考核达标，在锁定期届满后，由管理委员会根据持有人会议的授权，按照前述约定的解锁比例择机出售本员工持股计划项下所持有的公司股票（含持有标的股票期间产生的相应孳息股），并在当批次可解锁公司股票全部出售之后，以出售对应解锁部分的标的股票所获现金资产为限，以个人层面绩效考核结果为依据分配至持有人：

（1）上述所获现金资产不存在收益或出现亏损的情形下，按持有人持有可参与本次分配的份额占全体持有人持有可参与本次分配总份额的比例进行分配；

（2）上述所获现金资产存在收益的情形下，首先，返还持有人持有可参与本次分配的份额对应的出资额；其次，由管理委员会根据持有人对应考核年度的绩效考核评定结果，对实现可分配的收益进行分配。持有人年度绩效考核结果分为优秀、良好、合格、不合格四个等级，每个等级对应的解锁比例分别为100%、100%、80%、0%，由管理委员会根据公司董事会薪酬与考核委员会对持有人对应考核年度的绩效考核评定结果，对实现可分配的收益进行分配：对于持有人年度绩效考核结果为优秀、良好的，享有其对应持有份额100%的收益；对于持有人年度绩效考核结果为合格的，享有其对应持有份额80%的收益；对于持有人年度绩效考核结果为不合格的，享有其对应持有份额0%的收益。持有人持有可参与本次分配的份额，因个人绩效考核原因不能解锁或者不能完全解锁的，产生的相应剩余未分配收益，均归属公司。

2、本员工持股计划存续期内，当公司层面业绩考核不达标，在锁定期届满后，由管理委员会根据持有人会议的授权，按照前述约定的解锁比例择机出售本员工持股计划项下所持有的公司股票（含持有标的股票期间产生的相应孳息股），以出售对应解锁部分的标的股票所获现金资产为限，进行如下分配：

（1）上述所获现金资产不存在收益或出现亏损的情形下，按持有人持有可参与本次分配的份额占全体持有人持有可参与本次分配总份额的比例进行分配；

（2）上述所获现金资产存在收益的情形下，首先，返还持有人持有可参与本次分配的份额对应的出资额；其次，收益部分归属公司，公司可以该部分收益为限，依据持有人持有可参与本次分配的份额对应的出资额以及出资期限，按照一年期LPR的利率进行补偿。

七、员工持股计划的管理模式

本员工持股计划的内部最高管理权力机构为持有人会议。持有人会议设管理委员会，授权管理委员会负责本员工持股计划的日常管理，代表持有人行使股东权利或者授权管理机构行使股东权利，维护本员工持股计划持有人的合法权益，确保本员工持股计划的资产安全，避免公司其他股东与本员工持股计划持有人之间产生潜在的利益冲突。

（一）持有人会议

1、拟参加对象实际出资认购本员工持股计划的份额之后，即成为本员工持股计划的持有人，持有人会议是本员工持股计划的内部最高管理权力机构。所有持有人均有权利参加持有人会议。持有人可以亲自出席持有人会议并表决，也可以委托代理人代为出席并表决。持有人及其代理人出席持有人会议的差旅费用、食宿费用等，均由持有人自行承担。

2、以下事项需要召开持有人会议进行审议：

（1）选举、罢免管理委员会委员；

（2）本员工持股计划的变更、终止、存续期的延长，本员工持股计划另有约定的除外；

（3）本员工持股计划存续期内，公司以配股、增发、可转债等方式融资时，由管理委员会决定是否参与公司的融资计划，如决定参与的，应拟定相应的资金解决方案提交持有人会议审议；

（4）授权管理委员会负责管理本员工持股计划；

（5）授权管理委员会代表全体持有人行使股东权利；

（6）管理委员会认为需要召开持有人会议审议的其他事项。

3、本员工持股计划首次持有人会议由公司董事会秘书或者指定人员负责召集、主持，后续持有人会议由管理委员会负责召集，由管理委员会主任主持。管理委员会主任不能履行职务时，由其指派一名管理委员会委员负责主持。

4、召开持有人会议，管理委员会应提前3日将书面会议通知通过直接送达、邮寄、传真、电子邮件或者其他方式，提交给全体持有人。书面会议通知应当至少包括以下内容：

（1）会议的时间、地点；

（2）会议的召开方式；

（3）拟审议的事项（会议提案）；

（4）会议召集人和主持人、临时会议的提议人及其书面提议；

（5）会议表决所必需的会议材料；

（6）持有人应当亲自出席或者委托其他持有人代为出席会议的要求；

（7）联系人和联系方式；

（8）发出通知的日期。

如遇紧急情况，可以通过口头方式通知召开持有人会议。口头方式通知至少应包括上述第（1）、（2）项内容以及因情况紧急需要尽快召开持有人会议的说明。

5、持有人会议的表决程序

（1）每项提案经过充分讨论后，主持人应当适时提请与会持有人进行表决。主持人也可决定在会议全部提案讨论完毕后一并提请与会持有人进行表决，表决方式为书面表决。

（2）本员工持股计划的持有人按其持有的本员工持股计划份额享有表决权，每一份本员工持股计划份额对应享有一票表决权。

（3）持有人的表决意向分为同意、反对和弃权。与会持有人应当从上述意向中选择其一，未做选择或者同时选择两个以上意向的，视为弃权；中途离开会场不回而未做选择的，视为弃权。持有人在会议主持人宣布表决结果后或者规定的表决时限结束后进行表决的，其表决情况不予统计。

（4）会议主持人应当当场宣布现场表决统计结果。每项议案如经出席持有人会议的持有人所持超过50%（不含50%）份额同意后则视为表决通过（员工持股计划约定需2/3以上份额同意的除外），形成持有人会议的有效决议。

（5）持有人会议决议需报公司董事会、股东大会审议的，须按照《公司章程》的规定提交公司董事会、股东大会审议。

6、单独或合计持有本员工持股计划3%以上份额的持有人可以向持有人会议提交临时提案，临时提案须在持有人会议召开前1日向管理委员会提交。

7、单独或合计持有本员工持股计划10%以上份额的持有人可以提议召开持有人会议。

（二）管理委员会

1、本员工持股计划设管理委员会，监督和负责本员工持股计划的管理。管理委员会成员由持有人会议选举产生。

2、管理委员会由3名委员组成，设管理委员会主任1人。管理委员会主任由管理委员会以全体委员的过半数选举产生。管理委员会委员的任期与本员工持股计划的存续期一致。

3、管理委员会委员应当遵守法律、行政法规和《员工持股计划管理办法》的规定，对本员工持股计划负有下列忠实义务：

（1）不得利用职权损害本员工持股计划的利益，不得侵占、挪用本员工持股计划的资产；

（2）未经持有人会议同意，不得将本员工持股计划的资金以其个人名义或者其他个人名义开立账户存储；

（3）未经持有人会议同意，不得将本员工持股计划的资金借贷给他人或者以本员工持股计划的资产为他人提供担保。

管理委员会委员违反忠实义务给本员工持股计划造成损失的，应当承担赔偿责任。

4、管理委员会行使以下职责：

（1）负责召集持有人会议；

（2）代表全体持有人行使股东权利，包括但不限于公司股东大会的出席、提案、表决，以及参与公司现金分红、债券兑息、送股、转增股份、配股和配售债券等事项；

（3）负责本员工持股计划的日常管理，包括但不限于按照本员工持股计划的规定决策持有人继续参与本员工持股计划的资格，办理持有人持有的本员工持股计划权益的处置事宜，开展本员工持股计划项下资产的清算、分配工作等；

（4）持有人会议授权的其他职责；

（5）相关法律、法规和本员工持股计划规定的其他应由管理委员会履行的职责。

5、管理委员会主任行使下列职权：

（1）主持持有人会议和召集、主持管理委员会会议；

（2）督促、检查持有人会议、管理委员会决议的执行；

（3）管理委员会赋予的其他职权。

6、管理委员会不定期召开会议，由管理委员会主任召集，于会议召开前1日通知全体管理委员会委员。

7、管理委员会委员可以提议召开管理委员会临时会议。管理委员会主任应当自接到提议后3日内，召集和主持管理委员会会议。

8、管理委员会会议应有过半数的管理委员会委员出席方可举行。管理委员会作出决议，必须经全体管理委员会委员的过半数通过。管理委员会决议的表决，实行一人一票。

9、管理委员会决议表决方式为记名投票表决。管理委员会会议在保障管理委员会委员充分表达意见的前提下，可以用传真方式进行并作出决议，并由参会管理委员会委员签字。

10、管理委员会会议，应由管理委员会委员本人出席；管理委员会委员因故不能出席的，可以书面委托其他管理委员会委员代为出席，委托书中应载明代理人的姓名、代理事项、授权范围和有效期限，并由委托人签名或盖章。代为出席会议的管理委员会委员应当在授权范围内行使管理委员会委员的权利。管理委员会委员未出席管理委员会会议，亦未委托代表出席的，视为放弃在该次会议上的投票权。

八、员工持股计划涉及的关联关系和一致行动关系

（一）参与本员工持股计划的董事、高级管理人员与本员工持股计划存在关联关系，在公司董事会、股东大会审议本员工持股计划相关提案时应回避表决。公司控股股东、实际控制人未参加本员工持股计划，本员工持股计划未与公司控股股东、实际控制人签署一致行动协议或存在一致行动安排。

（二）本员工持股计划整体放弃因持有标的股票而享有的股东表决权，仅保留分红权、投资受益权。因此，本员工持股计划与公司控股股东、实际控制人、董事、监事、高级管理人员之间不存在一致行动关系。

（三）本员工持股计划在相关操作运行等事务方面保持独立，持有人会议为本员工持股计划的最高权力机构，持有人会议选举产生管理委员会，监督和负责本员工持股计划的日常管理。本员工持股计划持有人份额较为分散，且持有人之间均未签署一致行动协议或存在一致行动的相关安排。

九、员工持股计划的会计处理、对经营业绩的影响

（一）会计处理

假设本员工持股计划于2021年10月按照购买价格25.00元/股受让公司回购专用证券账户中的4,331,358股公司股票，本员工持股计划按照前述约定的解锁比例出售项下所持有的公司股票，公允价值暂以2021年9月29日公司股票收盘价54.22元/股作为参照。经预测算，公司应确认激励成本为12,656.23万元，按照本员工持股计划的解锁安排分期确认。实施本员工持股计划产生的激励成本预计对公司各期经营业绩的影响如下表所示：

预计激励总成本（万元） 2021年（万元） 2022年（万元） 2023年（万元） 2024年（万元）
 2025年（万元）

12,656.23 1,098.63 6,064.44 3,164.06 1,669.92
 659.18

注：实施本员工持股计划对公司经营业绩影响的最终结果将以会计师事务所出具的年度审计报告为准。

（二）对公司经营业绩的影响

实施本员工持股计划所产生的股份支付费用摊销对相关会计年度净利润有所影响，但影响程度可控。此外，本员工持股计划的实施对公司发展产生正向作用，能够有效激发公司员工的积极性，提高经营效率，降低经营成本。因此，本激励计划的实施虽然会产生一定的费用，但能够有效提升公司的持续经营能力。

十、员工持股计划的资产分配、持有人所持权益的处置

（一）员工持股计划的资产分配

1、本员工持股计划锁定期内，因持有标的股票产生的相应孳息股一并锁定，不得在二级市场出售或以其他方式转让。

2、本员工持股计划法定锁定期内，持有人不得要求对本员工持股计划项下的资产进行分配。

3、持有人会议授权管理委员会负责管理本员工持股计划项下的资产。本员工持股计划法定锁定期届满后、存续期内，管理委员会如决定分配资产的，应在依法扣除相关税费及其他应付款项后，按照持有人所持份额占本员工持股计划总份额的比例进行分配。

4、管理委员会应于本员工持股计划提前终止或存续期届满后30个工作日内，完成本员工持股计划项下的资产清算及分配工作。本员工持股计划项下的资产由管理委员会在依法扣除相关税费及其他应付款项后，按照持有人所持份额占本员工持股计划总份额的比例进行分配。

（二）员工持股计划持有人所持权益的处置

1、本员工持股计划存续期内，除法律、行政法规、部门规章另有规定，或经管理委员会同意，持有人所持有的本员工持股计划份额不得退出/转让或用于抵押、质押、担保及偿还债务等。

2、本员工持股计划存续期内，经公司（含子公司）批准，持有人职务变更且仍符合本员工持股计划参与条件的，其持有的本员工持股计划份额不作变更。

3、本员工持股计划存续期内，持有人因死亡、退休、不受个人控制的岗位调动与公司（含子公司）解除或终止劳动关系的，自该情形发生之日起，取消持有人的参与资格，将其持有的本员工持股计划中尚未参与考核分配的份额按照认购价格与该情形发生时点最近一个交易日公司股票收盘价计算所持份额净值，以两者孰低值强制收回，或转让给管理委员会指定的其他持有人，并按照一年期LPR的利率进行补偿。

4、本员工持股计划存续期内，持有人辞职、因个人原因被解除劳动关系的，自该情形发生之日起，取消持有人的参与资格，将其持有的本员工持股计划中尚未参与考核分配的份额按照认购价格与情形发生时点最近一个交易日公司股票收盘价计算所持份额净值，以两者孰低值强制收回，或转让给管理委员会指定的其他持有人。

5、本员工持股计划存续期内，被取消参与资格的持有人持有的尚未参与考核分配的份额未转让给其他持有人的，管理委员会按照前述约定的解锁比例择机出售本员工持股计划项下所持有的公司股票，并在当批次可解锁公司股票全部出售之后的10个工作日内返还被取消参与资格的持有人相应的份额回购款项，如须作出补偿时则一并补偿。

6、本员工持股计划存续期内，持有人发生其他未说明的情形，由管理委员会确定具体处理方式。

十一、员工持股计划的变更、终止

（一）员工持股计划的变更

本员工持股计划的变更情形包括：

1、本员工持股计划的资金来源；

2、本员工持股计划的股票来源；

3、本员工持股计划的管理模式；

4、应相关法律、法规、规章和规范性文件的要求，其他需要变更本员工持股计划的情形。

本员工持股计划存续期内，公司拟变更本员工持股计划的，应当提交董事会或者股东大会审议通过。

（二）员工持股计划的终止

本员工持股计划的终止情形包括：

1、本员工持股计划存续期满后未有效延期的，本员工持股计划自行终止；

2、本员工持股计划的锁定期届满后，本员工持股计划项下的资产均为货币资金时，本员工持股计划可自行提前终止；

3、应相关法律、法规、规章和规范性文件的要求，其他需要终止本员工持股计划的情形，经管理委员会提议、出席持有人会议的持有人所持2/3以上有效表决权同意，本员工持股计划可终止实施。

十二、实施员工持股计划的程序

（一）本员工持股计划实施前，公司通过召开职工代表大会充分征求员工意见。

（二）公司董事会审议本员工持股计划，与本员工持股计划相关联的董事应当回避表决。公司独立董事和监事会应当就本员工持股计划的实施是否有利于公司的持续发展，是否存在损害公司及全体股东的利益，是否存在以摊派、强行分配等方式强制员工参与本员工持股计划发表意见。

（三）本员工持股计划经公司董事会审议通过后的两个交易日内，公司公告董事会决议、本员工持股计划修订稿、独立董事意见、监事会意见等。

（四）公司聘请律师事务所对本员工持股计划出具法律意见书，并于召开公司股东大会审议本员工持股计划的两个交易日前公告法律意见书。

（五）公司召开股东大会审议本员工持股计划。股东大会将采用现场投票与网络投票相结合的方式进行投票，对中小投资者的表决单独计票并公开披露。经出席股东大会的非关联股东所持表决权的过半数通过后，本员工持股计划即可实施。

（六）公司应当在标的股票过户至本员工持股计划名下之后的两个交易日内，及时披露获得标的股票的时间、数量等情况。

十三、其他重要事项

（一）公司董事会与股东大会审议通过本员工持股计划不意味着持有人享有继续在公司（含子公司）服务的权力，不构成公司（含子公司）对持有人聘用期限的承诺，公司（含子公司）与持有人的劳动关系仍按公司（含子公司）与持有人签订的劳动合同执行。

（二）公司实施本员工持股计划涉及的财务、会计处理及税务等事项，按照有关财务制度、会计准则、税务制度的规定执行。

（三）本员工持股计划的解释权属于公司董事会。

盛新锂能集团股份有限公司  
董事会  
2023年12月12日","002240","2023-12-12"
"943eb9a6-0af5-4e07-9184-c9627453dfc2",盛新锂能：关于修订2021年员工持股计划及相关文件的公告,"盛新锂能集团股份有限公司关于修订2021年员工持股计划及相关文件的公告

证券代码：002240  
证券简称：盛新锂能  
公告编号：2023-117  

本公司及董事会全体成员保证信息披露内容的真实、准确和完整，没有虚假记载、误导性陈述或重大遗漏。

盛新锂能集团股份有限公司（以下简称""公司""）于2023年12月12日召开第八届董事会第七次会议，审议通过了《关于修订2021年员工持股计划及相关文件的议案》，因深圳证券交易所的相关规定对员工持股计划的敏感期做出了调整，公司据此对《2021年员工持股计划（草案）》及其摘要、《2021年员工持股计划管理办法》中的敏感期进行相应修订，具体情况如下：

一、2021年员工持股计划及相关文件的修订情况

（一）《2021年员工持股计划（草案）》及其摘要的修订情况：

修订前  
原""五/（二）/3""：  
本员工持股计划将严格遵守市场交易规则，遵守中国证监会、深圳证券交易所关于信息敏感期不得买卖股票的规定，不得在下列期间买卖公司股票：  
（1）公司定期报告公告前三十日内，因特殊原因推迟年度报告、半年度报告公告日期的，自原预约公告日前三十日起算，至公告前一日；  
（2）公司业绩预告、业绩快报公告前十日内；  
（3）自可能对公司股票及其衍生品种交易价格产生较大影响的重大事件发生之日或者进入决策程序之日，至依法披露后二个交易日内；  
（4）中国证监会及深圳证券交易所规定的其他期间。

修订后  
现""五/（二）/3""：  
本员工持股计划将严格遵守市场交易规则，遵守相关法律、法规、中国证监会和深圳证券交易所关于信息敏感期不得买卖股票的规定。

（二）《2021年员工持股计划管理办法》的修订情况：

修订前  
原""第四章/第七条/（三）""：  
本员工持股计划将严格遵守市场交易规则，遵守中国证监会、深圳证券交易所关于信息敏感期不得买卖股票的规定，不得在下列期间买卖公司股票：  
（1）公司定期报告公告前三十日内，因特殊原因推迟年度报告、半年度报告公告日期的，自原预约公告日前三十日起算，至公告前一日；  
（2）公司业绩预告、业绩快报公告前十日内；  
（3）自可能对公司股票及其衍生品种交易价格产生较大影响的重大事件发生之日或者进入决策程序之日，至依法披露后二个交易日内；  
（4）中国证监会及深圳证券交易所规定的其他期间。

修订后  
现""第四章/第七条/（三）""：  
本员工持股计划将严格遵守市场交易规则，遵守相关法律、法规、中国证监会和深圳证券交易所关于信息敏感期不得买卖股票的规定。

二、本次修订对公司的影响

本次修订2021年员工持股计划及相关文件事项，不会对员工持股计划的实施产生实质性的影响，亦不会对公司的财务状况和经营成果产生影响，符合《公司法》《证券法》《关于上市公司实施员工持股计划试点的指导意见》等相关法律法规要求，不存在损害公司及全体股东利益的情形。

三、法律意见书结论性意见

综上，经合理查验，本所律师认为，截至本法律意见书出具日，公司董事会依据股东大会的授权对员工持股计划及其相关文件中的部分条款作出修订已履行了现阶段必要的法定程序，并披露了差异对照表及修订原因，不存在违反《关于上市公司实施员工持股计划试点的指导意见》等相关规定的情形。

特此公告。

盛新锂能集团股份有限公司  
董事会  
二○二三年十二月十二日","002240","2023-12-12"
"99fb2a8d-b954-486b-88a4-295835eaad21",盛新锂能：董事会审计委员会工作细则（2023年12月）,"盛新锂能集团股份有限公司董事会审计委员会工作细则

第一章 总则

第一条 为强化盛新锂能集团股份有限公司（以下简称""公司""）董事会决策功能，做到事前审计、专业审计，确保董事会对经理层的有效监督，完善公司治理结构，根据《中华人民共和国公司法》《上市公司治理准则》等法律法规及《公司章程》相关规定，公司特设立董事会审计委员会，并制定本工作细则。

第二条 董事会审计委员会是董事会按照股东大会决议设立的专门工作机构，主要负责公司内、外部审计的沟通、监督和核查工作。

审计委员会对董事会负责，委员会的提案提交董事会审议决定。

监事应当对董事会审计委员会的执行情况进行监督，检查其成员是否按照本议事规则履行职责。

第二章 人员组成

第三条 审计委员会成员由公司3名不在公司担任高级管理人员的董事组成（独立董事应当占多数，其中1名会计专业的独立董事）。

第四条 审计委员会委员由董事长、二分之一以上独立董事或者全体董事的三分之一以上提名，并由董事会选举产生。

第五条 审计委员会设召集人1名，由会计专业独立董事担任，负责主持委员会工作。

第六条 审计委员会任期与董事会一致，委员任期届满，连选可以连任。期间如有委员不再担任公司董事职务，自动失去委员资格，并由委员会根据上述第三条至第五条规定补足委员人数。

第七条 审计委员会下设内部审计部门为日常办事机构，负责日常工作联络和会议组织等工作。内部审计部门对审计委员会负责，向审计委员会报告工作。

第三章 职责权限

第八条 董事会审计委员会负责审核公司财务信息及其披露、监督及评估内外部审计工作和内部控制，下列事项应当经审计委员会全体成员过半数同意后，方可提交董事会审议：

（一）披露财务会计报告及定期报告中的财务信息、内部控制评价报告；
（二）聘用或者解聘承办公司审计业务的会计师事务所；
（三）聘任或者解聘公司财务负责人；
（四）因会计准则变更以外的原因作出会计政策、会计估计变更或者重大会计差错更正；
（五）法律法规、交易所有关规定以及《公司章程》规定的其他事项。

审计委员会应当就其认为必须采取的措施或者改善的事项向董事会报告，并提出建议。

第九条 内部审计部门应当履行以下主要职责：

（一）对公司各内部机构、控股子公司以及对公司具有重大影响的参股公司的内部控制制度的完整性、合理性及其实施的有效性进行检查和评估；
（二）对公司各内部机构、控股子公司以及对公司具有重大影响的参股公司的会计资料及其他有关经济资料，以及所反映的财务收支及有关的经济活动的合法性、合规性、真实性和完整性进行审计，包括但不限于财务报告、业绩快报、自愿披露的预测性财务信息等；
（三）检查公司遵守法律、法规的情况，包括监督管理商业道德和腐败问题。协助建立健全反舞弊机制，确定反舞弊的重点领域、关键环节和主要内容，并在内部审计过程中合理关注和检查可能存在的舞弊行为；
（四）至少每季度向董事会或者审计委员会报告一次，内容包括但不限于内部审计计划的执行情况以及内部审计工作中发现的问题。

内部审计部门每季度应当向董事会或者审计委员会至少报告一次内部审计工作情况和发现的问题，并至少每年向其提交一次内部审计报告。内部审计部门对审查过程中发现的内部控制缺陷，应当督促相关责任部门制定整改措施和整改时间，并进行内部控制的后续审查，监督整改措施的落实情况。内部审计部门在审查过程中如发现内部控制存在重大缺陷或者重大风险，应当及时向董事会或者审计委员会报告。

第十条 审计委员会在监督及评估内部审计部门工作时，应当履行下列主要职责：

（一）指导和监督内部审计制度的建立和实施；
（二）审阅公司年度内部审计工作计划；
（三）督促公司内部审计计划的实施；
（四）指导内部审计部门的有效运作。公司内部审计部门须向审计委员会报告工作，内部审计部门提交给管理层的各类审计报告、审计问题的整改计划和整改情况须同时报送审计委员会；
（五）向董事会报告内部审计工作进度、质量以及发现的重大问题等；
（六）协调内部审计部门与会计师事务所、国家审计机构等外部审计单位之间的关系。

第十一条 审计委员会应当督导内部审计部门至少每半年对下列事项进行一次检查，出具检查报告并提交审计委员会。检查发现公司存在违法违规、运作不规范等情形的，应当及时向深圳证券交易所报告：

（一）公司募集资金使用、提供担保、关联交易、证券投资与衍生品交易、提供财务资助、购买或出售资产、对外投资等重大事件的实施情况；
（二）公司大额资金往来以及与董事、监事、高级管理人员、控股股东、实际控制人及其关联人资金往来情况。

审计委员会应当根据内部审计部门提交的内部审计报告及相关资料，对公司内部控制有效性出具书面的评估意见，并向董事会报告。董事会或者审计委员会认为公司内部控制存在重大缺陷或者重大风险的，董事会应当及时向深圳证券交易所报告并予以披露。公司应当在公告中披露内部控制存在的重大缺陷或者重大风险、已经或者可能导致的后果，以及已采取或者拟采取的措施。

第十二条 公司须为审计委员会提供必要的工作条件，配备专门人员或者机构承担审计委员会的工作联络、会议组织、材料准备和档案管理等日常工作。审计委员会履行职责时，公司管理层及相关部门须给予配合。审计委员会认为必要的，可以聘请中介机构提供专业意见，有关费用由公司承担。

第十三条 审计委员会成员应当勤勉尽责，切实有效地监督、评估公司内外部审计工作，促进公司建立有效的内部控制并提供真实、准确、完整的财务报告。

第十四条 公司聘请或更换外部审计机构，须由审计委员会形成审议意见并向董事会提出建议后，董事会方可审议相关议案。审计委员会向董事会提出聘请或更换外部审计机构的建议，审核外部审计机构的审计费用及聘用条款，不应受公司主要股东、实际控制人或者董事、监事及高级管理人员的不当影响。审计委员会应当督促外部审计机构诚实守信、勤勉尽责，严格遵守业务规则和行业自律规范，严格执行内部控制制度，对公司财务会计报告进行核查验证履行特别注意义务，审慎发表专业意见。

第十五条 董事会审计委员会应当审阅公司的财务会计报告，对财务会计报告的真实性、准确性和完整性提出意见，重点关注公司财务会计报告的重大会计和审计问题，特别关注是否存在与财务会计报告相关的欺诈、舞弊行为及重大错报的可能性，监督财务会计报告问题的整改情况。

第十六条 公司董事会或者其审计委员会应当根据内部审计部门出具的评价报告及相关资料，出具年度内部控制评价报告。内部控制评价报告至少应当包括下列内容：

（一）董事会对内部控制报告真实性的声明；
（二）内部控制评价工作的总体情况；
（三）内部控制评价的依据、范围、程序和方法；
（四）内部控制缺陷及其认定情况；
（五）对上一年度内部控制缺陷的整改情况；
（六）对本年度内部控制缺陷拟采取的整改措施；
（七）内部控制有效性的结论。

第十七条 公司应当在年度报告中披露审计委员会年度履职情况，主要包括其履行职责的具体情况和审计委员会会议的召开情况。审计委员会就其职责范围内事项向董事会提出审议意见，董事会未采纳的公司应当披露该事项并充分说明理由。

第四章 决策程序

第十八条 内部审计部门负责做好审计委员会决策的前期准备工作，提供公司有关方面的书面资料：

（一）公司相关财务报告；
（二）内外部审计机构的工作报告；
（三）外部审计合同及相关工作报告；
（四）公司对外披露信息情况；
（五）公司重大关联交易审计报告；
（六）其他相关事宜。

第十九条 审计委员会会议对内部审计部门提供的报告进行评议，并将相关书面决议材料呈报董事会讨论：

（一）外部审计机构工作评价，外部审计机构的聘请及更换；
（二）公司内部审计制度是否已得到有效实施，公司财务报告是否全面真实；
（三）公司的对外披露的财务报告等信息是否客观真实，公司重大的关联交易是否合乎相关法律法规；
（四）公司财务部门、审计部门包括其负责人的工作评价；
（五）其他相关事宜。

第五章 议事规则

第二十条 审计委员会会议分为定期会议和临时会议，定期会议至少每季度召开一次，并向董事会报告，内容包括但不限于内部审计计划的执行情况以及内部审计工作中发现的问题。临时会议由审计委员会委员提议，并经过半数委员同意召开。会议应在召开前三天通知全体委员，情况紧急，需要尽快召开审计委员会会议的，可以随时通过电话或者其他口头方式发出会议通知，但召集人应当在会议上作出说明。

会议由召集人主持，召集人不能出席时可委托其他一名委员（独立董事）主持。

第二十一条 审计委员会会议应由三分之二以上的委员出席方可举行；每一名委员有一票的表决权；会议做出的决议，必须经全体委员的过半数通过。

第二十二条 审计委员会会议表决方式为举手表决、投票表决或通讯表决。

第二十三条 内部审计部门成员可列席审计委员会会议，必要时亦可邀请公司董事、监事及其他高级管理人员列席会议。

第二十四条 审计委员会会议的召开程序、表决方式和会议通过的议案必须遵循有关法律、法规、《公司章程》及本细则的规定。

第二十五条 审计委员会会议应当有记录，出席会议的委员应当在会议记录上签名；会议记录由公司董事会秘书保存，保存期限不少于10年。

第二十六条 审计委员会会议通过的议案及表决结果，应以书面形式报公司董事会。

第二十七条 出席会议的委员均对会议所议事项有保密义务，不得擅自披露有关信息。

第六章 附则

第二十八条 本工作细则自董事会决议通过后生效实施。

第二十九条 本工作细则未尽事宜，按国家有关法律、法规和《公司章程》的规定执行；本工作细则如与国家日后颁布的法律、法规或经合法程序修改后的《公司章程》相抵触时，按国家有关法律、法规和《公司章程》的规定执行，并立即修订，报董事会审议通过。

第三十条 本工作细则解释权归属公司董事会。

盛新锂能集团股份有限公司  
董事会  
二〇二三年十二月","002240","2023-12-13"
"618604cd-f129-4da9-8f71-e14ff020ef0b",盛新锂能：证券投资管理制度（2023年12月）,"盛新锂能集团股份有限公司证券投资管理制度

第一章 总则

第一条 为规范盛新锂能集团股份有限公司（以下简称""公司""）及控股子公司的证券投资行为，防范投资风险，保证投资资金的安全和有效增值，维护公司及全体股东利益，实现证券投资决策及流程的规范化、制度化，根据《中华人民共和国公司法》、《中华人民共和国证券法》、《深圳证券交易所股票上市规则》、《深圳证券交易所上市公司自律监管指引第1号——主板上市公司规范运作》、《深圳证券交易所上市公司自律监管指引第7号——交易与关联交易》和《公司章程》等有关法律法规和规章制度的规定，结合公司的实际情况，特制定本制度。

第二条 本制度所称证券投资包括新股配售或者申购、证券回购、股票及存托凭证投资、债券投资以及深圳证券交易所认定的其他投资行为。

以下情形不适用本制度：
（一）作为公司或控股子公司主营业务的证券投资行为；
（二）固定收益类或者承诺保本的投资行为；
（三）参与其他上市公司的配股或者行使优先认购权利；
（四）购买其他上市公司股份超过总股本的10%，且拟持有三年以上的证券投资；
（五）公司首次公开发行股票并上市前已进行的投资。

第三条 公司从事证券投资，应当遵循合法、审慎、安全、有效的原则，建立健全内控制度，控制投资风险、注重投资效益。

第四条 公司证券投资的资金来源为公司自有闲置资金，公司应严格控制证券投资的资金规模，合理安排使用资金，致力发展公司主营业务，不得使用募集资金直接或间接进行证券投资。公司使用自有闲置资金进行证券投资的，不得挤占公司正常运营和项目建设资金。

第五条 本制度适用于公司及控股子公司。公司控股子公司进行证券投资须报经公司审批，未经审批不得进行任何证券投资活动。

第二章 决策权限与审批程序

第六条 公司进行证券投资，应严格按照《公司章程》及本制度规定的投资权限进行投资操作，严格履行审批程序。

第七条 公司进行证券投资的决策权限如下：
（一）公司证券投资金额占公司最近一期经审计净资产10%以上且绝对金额超过1,000万元人民币的，应当在投资之前经董事会审议通过并及时履行信息披露义务。
（二）公司证券投资金额占公司最近一期经审计净资产50%以上且绝对金额超过5,000万元人民币的，或者根据《公司章程》规定应当提交股东大会审议的，公司在投资之前除应当及时披露外，还应当提交股东大会审议。

第八条 公司进行证券投资，如因交易频次和时效要求等原因难以对每次投资交易履行审议程序和披露义务的，可对未来12个月内证券投资范围、额度及期限等进行合理预计，以证券投资额度为标准适用审议程序和信息披露义务的相关规定。相关额度的使用期限不应超过12个月，期限内任一时点的证券投资金额（含前述投资的收益进行再投资的相关金额）不应超过证券投资额度。

第三章 监督与风险控制

第九条 公司应以公司或子公司名义设立证券账户和资金账户进行证券投资，不得使用他人账户或向他人提供资金进行证券投资。

公司应当规范开展证券账户、资金账户的开户、年审、销户等管理工作，在证券公司开立资金账户，与开户银行、证券公司达成三方存管协议，使银行账户与证券公司的资金账户对接。

第十条 公司应当分析投资的可行性与必要性，制定严格的决策程序、报告制度和监控措施，明确授权范围、操作要点与信息披露等具体要求，并根据公司的风险承受能力确定投资规模及期限。

第十一条 公司必须建立健全证券投资防范制度，确保在人员、信息、账户、资金、会计核算上严格分离，证券投资事项的审批人、操作人、资金管理人等相互独立。

第十二条 证券投资事项由公司投资部门实施。公司相关部门和人员在进行证券投资前，应知悉相关法律、法规和规范性文件关于证券投资的规定，不得进行违法违规的交易。参与制定和实施证券投资计划的人员，必须具有扎实的证券投资理论及相关经验。必要时可聘请外部具有丰富证券投资实战管理经验的人员提供咨询服务，以加强控制投资风险，提升投资管理水平。

第十三条 公司财务部负责证券投资资金的调拨和管理。公司进行证券投资，资金划拨程序须严格遵守公司财务管理制度。

第十四条 公司内部审计部门按照《内部审计制度》等相关规定定期或不定期对公司证券投资进行监督和检查。

公司监事会有权对公司证券投资情况进行定期或不定期的检查，如发现违规操作情况，可提议召开董事会审议停止公司的证券投资活动。

独立董事可以对证券投资资金使用情况进行检查，并有权聘任外部审计机构进行资金的专项审计。

第十五条 公司董事会办公室负责按照证券投资相关法律、法规、规范性文件及公司制度的规定办理证券投资的信息披露事宜。

第十六条 公司证券投资相关参与和知情人员在相关信息公开披露前须保守公司证券投资秘密，未经公司董事会允许不得向任何个人或组织透露上述证券投资信息（法律、法规或规范性文件另有规定的除外），不得利用知悉公司证券投资的便利牟取不正当利益。

第十七条 凡违反相关法律法规、本制度及公司其他规定，致使公司遭受损失的，应视具体情况，按照公司相关制度规定进行处理，相关责任人应依法承担相应责任。

第四章 信息披露

第十八条 公司披露证券投资事项应至少包含以下内容：
（一）证券投资情况概述，包括投资目的、投资金额、投资方式、投资品种、投资期限等；
（二）证券投资的资金来源；
（三）需履行审批程序的说明；
（四）证券投资对公司的影响；
（五）证券投资的风险控制措施；
（六）监管部门要求披露的其他必要信息。

第十九条 公司董事会应当持续跟踪证券投资的执行进展和投资安全状况，如出现投资发生较大损失等异常情况的，应当立即采取措施并按规定履行披露义务。

第二十条 公司应在定期报告中披露报告期内证券投资以及相应的损益情况，披露内容和格式按照监管机构信息披露的相关规定、指引或要求办理。

第五章 附则

第二十一条 本制度未尽事宜，按国家有关法律、法规、规范性文件和《公司章程》等规章制度规定执行；本制度如与国家日后颁布的法律、法规或经合法程序修改后的《公司章程》相抵触时，按国家有关法律、法规、规范性文件和《公司章程》的规定执行，并立即修订，报董事会审议通过。

第二十二条 本制度由公司董事会负责解释。

盛新锂能集团股份有限公司  
董事会  
二〇二三年十二月","002240","2023-12-13"
"53b12646-040f-40eb-aa68-8dd9386d2bb2",蔚蓝锂芯：关于使用部分闲置募集资金购买理财产品到期赎回的公告,"江苏蔚蓝锂芯股份有限公司关于使用部分闲置募集资金购买理财产品到期赎回的公告

股票代码：002245  
股票简称：蔚蓝锂芯  
编号：2023-050  

本公司及董事会全体成员保证信息披露内容的真实、准确和完整，没有虚假记载、误导性陈述或重大遗漏。

江苏蔚蓝锂芯股份有限公司（以下简称""公司""）于2023年8月11日召开第六届董事会第八次会议、第六届监事会第七次会议，2023年8月30日召开2023年第一次临时股东大会，审议通过了《关于使用部分闲置募集资金进行现金管理的议案》，同意公司（含子公司）在不影响募集资金投资项目建设和正常生产经营的前提下，使用不超过人民币10亿元的闲置募集资金进行现金管理，投资安全性高、流动性好的保本型投资产品，在上述额度内可循环使用，并授权公司管理层负责办理相关事宜。上述具体内容详见公司在巨潮资讯网（http://www.cninfo.com.cn）及《证券时报》披露的2023-035号《关于使用部分闲置募集资金进行现金管理的公告》。

一、使用部分闲置募集资金购买理财产品到期赎回的情况

2023年9月6日，公司使用10,000万元闲置募集资金购买了宁波银行单位结构性存款产品（91天），上述具体内容详见公司2023年9月9日在巨潮资讯网（http://www.cninfo.com.cn）及《证券时报》披露的2023-038号《关于使用部分闲置募集资金进行现金管理的进展公告》。

近日，公司已如期赎回上述理财产品，收回本金10,000万元，获得理财收益76.04万元，上述本金及理财收益已全额存入募集资金专用账户内。

二、截止公告日尚未到期募集资金购买理财产品情况

截止本公告日，公司使用募集资金购买理财产品余额为7亿元，分别为2023年9月14日及2023年9月23日使用闲置募集资金购买结构性存款5亿元及2亿元，详见公司在巨潮资讯网（http://www.cninfo.com.cn）及《证券时报》披露的2023-039号《关于使用部分闲置募集资金进行现金管理的进展公告》及2023-041号《关于使用部分闲置募集资金进行现金管理的进展公告》。

三、备查文件

1、理财产品到期赎回的银行回单。

特此公告！

江苏蔚蓝锂芯股份有限公司  
董事会  
二○二三年十二月十三日","002245","2023-12-13"
a728d94e-7ffd-4e49-a2e3-20201c4ff210,盛新锂能：第八届监事会第六次会议决议公告,"         证券代码：002240                  证券简称：盛新锂能                  公告编号：2023-113 
                  盛新锂能集团股份有限公司 
                第八届监事会第六次会议决议公告 
           本公司及监事会全体成员保证信息披露内容的真实、准确和完整，没有虚
         假记载、误导性陈述或重大遗漏。 
             盛新锂能集团股份有限公司（以下简称“公司”）第八届监事会第六次会议
         通知于 2023 年 12 月 7 日以电子邮件等方式送达全体监事。会议于 2023 年 12
         月 12 日在深圳市福田区华富路 1018 号中航中心 32 楼公司会议室以现场与通讯
         表决相结合方式召开。会议应出席监事 3 人，实际出席监事 3 人。本次会议的召
         集、召开符合《公司法》和《公司章程》的规定。 
             本次会议以记名投票表决方式审议并通过了如下议案： 
           一、以 3 票同意、0 票反对、0 票弃权的表决结果审议通过了《关于第一期
         限制性股票激励计划首次授予部分第三个解除限售期解除限售条件成就的议
         案》； 
           公司第一期限制性股票激励计划规定的首次授予部分第三个解除限售期解
         除限售条件已成就，同意公司对 49 名激励对象的第三个解除限售期限制性股票
         共计 1,705,500 股进行解除限售。 
             公司监事会对该事项出具了核查意见，具体内容详见公司同日刊登于巨潮资
         讯网（www.cninfo.com.cn）的《监事会关于公司第一期限制性股票激励计划首次
         授予部分第三个解除限售期解除限售条件成就的核查意见》。 
             二、以 3 票同意、0 票反对、0 票弃权的表决结果审议通过了《关于终止实
         施第一期限制性股票激励计划预留部分暨调整回购价格并回购注销相关限制性
         股票的议案》； 
           监事会已对不符合激励条件、个人层面绩效考核不达标和拟终止实施第一期
         限制性股票激励计划（以下简称“本激励计划”）预留部分的激励对象名单及回
         购注销的限制性股票数量进行了审核。 
             经审议，监事会认为：公司制定本激励计划的目的是为了进一步建立、健全
         公司长效激励机制，吸引和留住优秀人才，充分调动激励对象的积极性，有效地
         将股东利益、公司利益结合在一起，使各方共同促进公司的长远发展。受到当前
         宏观经济形势、市场环境及股价波动等因素的影响，继续实施本激励计划预计将
         难以达到激励目的和效果。公司终止实施本激励计划预留部分暨调整回购价格并
         回购注销相关限制性股票的事项符合《上市公司股权激励管理办法》等相关法律
         法规以及公司《第一期限制性股票激励计划（修订稿）》的有关规定，不会对公
         司的财务状况和经营成果产生重大影响，也不存在损害公司及全体股东利益的情
         形。综上，监事会同意公司终止实施本激励计划预留部分暨调整回购价格并回购
         注销相关限制性股票。 
             本议案尚需提交公司股东大会审议。 
             三、以 3 票同意、0 票反对、0 票弃权的表决结果审议通过了《关于修订 2021
         年员工持股计划及相关文件的议案》。 
             经审议，监事会认为：公司修订《2021 年员工持股计划（草案）》及其摘要、
         《2021 年员工持股计划管理办法》的内容符合《中华人民共和国公司法》《中华
         人民共和国证券法》《关于上市公司实施员工持股计划试点的指导意见》等法律
         法规、规范性文件以及《盛新锂能集团股份有限公司章程》的有关规定，本次修
         订 2021 年员工持股计划相关文件的议案的审议和决策程序合法、有效，不存在
         损害公司及全体股东利益的情形。 
             特此公告。 
   
 
 
                                    盛新锂能集团股份有限公司 
                                         监事会 
                                    二○二三年十二月十二日 
","002240","2023-12-12"
"663ad702-ccc8-4479-9bf6-7e870672d372",盛新锂能：关于2024年度日常关联交易预计的公告,"盛新锂能集团股份有限公司关于2024年度日常关联交易预计的公告

证券代码：002240  
证券简称：盛新锂能  
公告编号：2023-117  

本公司及董事会全体成员保证信息披露内容的真实、准确和完整，没有虚假记载、误导性陈述或重大遗漏。

一、日常关联交易基本情况

（一）日常关联交易概述

盛新锂能集团股份有限公司（以下简称""公司""）于2023年12月12日召开第八届董事会第七次会议，审议通过了《关于2024年度日常关联交易预计的议案》，同意公司（含控股子公司，下同）与关联方比亚迪股份有限公司（含控股子公司，以下统称""比亚迪""）在2024年度内发生日常关联交易金额不超过50亿元。公司独立董事已就该事项发表了事前认可意见和明确同意的独立意见。根据《公司章程》的规定，本次关联交易尚需提交公司股东大会审议。

除上述与比亚迪相关的关联交易外，公司已于2022年12月14日召开第七届董事会第四十二次会议，2022年12月30日召开2022年第五次（临时）股东大会，审议通过了《关于与华金矿业日常关联交易预计的议案》，同意在2023-2025年度公司控股子公司遂宁盛新锂业有限公司（以下简称""遂宁盛新""）（包括遂宁盛新指定的其他主体，下同）与关联方贵州华金矿业有限公司（以下简称""华金矿业""）发生日常关联交易金额为每年不超过2亿元，累计不超过6亿元。

（二）日常关联交易预计

公司根据日常生产经营的需要，对2024年度公司与比亚迪的日常关联交易预计如下：
关联交易类别 关联人 关联交易内容 定价原则 2024年合同签订金额或预计金额（亿元） 2023年1-11月已发生金额（亿元）

向关联人销售、加工产品 比亚迪 向其销售、加工锂产品 按照市场方式确定 50 22.83

注1：上述发生金额未经审计，以最终审计结果为准；  
注2：上述预计额度不构成公司的业绩预测或业绩承诺，公司与关联人的实际交易金额将根据日常关联交易实际发生情况确定。

（三）2023年1-11月日常关联交易实际发生情况
关联交易类别 关联人 关联交易内容 2023年1-11月实际发生金额（含税，亿元） 2023年预计金额（亿元） 2023年1-11月实际发生额与预计金额差异

销售、加工产品 比亚迪 锂盐销售 22.83 不超过130亿元 82.44%
委托加工矿产品 华金矿业 锂矿石选矿 0.29 不超过2亿元 85.50%

公司董事会对日常关联交易实际发生情况与预计存在较大差异的说明  
公司根据市场和实际生产经营情况确定日常关联交易实际发生额，导致与预计金额存在较大差异，上述差异不会对公司日常经营及业绩产生影响，不存在损害公司及全体股东特别是中小股东利益的情形。

公司独立董事对日常关联交易实际发生情况与预计存在较大差异的说明  
经核查，公司根据市场和实际生产经营情况确定日常关联交易实际发生额，导致与预计金额存在较大差异。上述交易遵循了""公平、公正、公允""的原则，符合公司业务发展需要，未发现损害公司及全体股东利益特别是中小股东利益的情形。

注：上述发生金额未经审计，以最终审计结果为准。

二、关联方介绍和关联关系

（一）基本情况

公司名称：比亚迪股份有限公司  
统一社会信用代码：91440300192317458F  
法定代表人：王传福  
注册资本：2,911,142,855元  
注册地址：深圳市大鹏新区葵涌街道延安路一号  
成立日期：1995年2月10日  
主要业务：比亚迪主要从事以新能源汽车为主的汽车业务、手机部件及组装业务、二次充电电池及光伏业务，并积极拓展城市轨道交通业务领域。

（二）股权结构

截至2023年9月30日，比亚迪前10名股东持股情况如下：
序号 股东名称 股东性质 持股比例 报告期末持股数量（股）

1 HKSCC NOMINEES LIMITED 境外法人 37.70% 1,097,448,246（注1）
2 王传福 境内自然人 17.64% 513,623,850（注2）
3 吕向阳 境内自然人 8.22% 239,228,620
4 融捷投资控股集团有限公司 境内非国有法人 5.33% 155,149,602
5 香港中央结算有限公司 境外法人 3.36% 97,770,223
6 夏佐全 境内自然人 2.84% 82,635,607（注3）
7 王念强 境内自然人 0.63% 18,299,740
8 中央汇金资产管理有限责任公司 国有法人 0.41% 11,976,633
9 李柯 境内自然人 0.37% 10,861,400
10 王传方 境内自然人 0.30% 8,824,680

注1：此数包括王传福先生持有的1,000,000股H股和夏佐全先生及其控股的海外公司SIGN INVESTMENTS LIMITED分别持有的195,000股H股和305,000股H股；也包括WESTERN CAPITAL GROUP LLC（系原名为MIDAMERICAN ENERGY HOLDINGS COMPANY的BERKSHIRE HATHAWAY ENERGY COMPANY 100%控制的公司）持有的股份转为HKSCC NOMINEES LIMITED代理的H股；  
注2：此数不包括王传福先生持有的1,000,000股H股；此数不包括王传福先生通过易方达资产比亚迪增持1号资产管理计划持有的3,727,700股A股；  
注3：此数不包括夏佐全先生及其控股的海外公司SIGN INVESTMENTS LIMITED分别持有的195,000股H股和305,000股H股。

比亚迪的控股股东及实际控制人为王传福先生。

（三）主要财务数据

最近一年及一期，比亚迪的主要财务数据如下表所示：
项目 2023年9月30日（未经审计） 2022年12月31日（经审计）

总资产 62,328,349.60万元 49,386,064.60万元
负债合计 48,221,663.90万元 37,247,080.90万元
所有者权益合计 14,106,685.70万元 12,138,983.70万元
项目 2023年1-9月（未经审计） 2022年度（经审计）

营业收入 42,227,483.80万元 42,406,063.50万元
净利润 2,232,642.70万元 1,771,310.40万元
归属于母公司所有者的净利润 2,136,689.60万元 1,662,244.80万元

注：以上数据来源于比亚迪2022年年度报告、2023年第三季度报告。

（四）关联关系说明

比亚迪目前为公司持股5%以上股东，且其董事会秘书李黔先生担任公司第八届董事会非独立董事，根据《深圳证券交易所股票上市规则》的相关规定，比亚迪为公司关联方，公司向比亚迪销售、加工锂产品将构成关联交易。

（五）履约能力分析

比亚迪作为上市公司及中国自主品牌汽车领军厂商，依法存续且正常经营，具有良好的履约能力。经查询，截至本公告披露日，比亚迪不是失信被执行人。

三、交易的主要内容及定价依据

公司向比亚迪销售、加工锂产品，属于正常经营业务往来，程序合法合规，与其他业务往来企业同等对待。双方按照客观、公平、公正的原则，按照市场方式定价，交易价格参考同类业务的市场价格并经双方平等协商确定，定价公允、合理，并根据实际发生的金额结算，2024年度预计交易金额不超过50亿元。

四、交易目的和对上市公司的影响

公司是比亚迪的上游原材料供应商。未来随着新能源汽车行业、储能行业的蓬勃发展和比亚迪产能投资计划的不断落地，比亚迪的锂产品的需求将会持续释放。公司向比亚迪销售、加工锂产品是公司开展生产经营活动的需要，有助于公司业务的发展，提升公司市场竞争力，产生良好的协同效应。公司向比亚迪销售、加工锂产品，以市场方式定价，对公司盈利有积极影响，不存在损害公司及其他非关联股东利益的情况，不存在违反相关法律法规的情况。本次关联交易不对公司的独立性构成重大不利影响。

五、独立董事事前认可和独立意见

（一）事前认可意见

经核查，我们认为：公司本次向关联方销售、加工锂产品系公司正常经营业务需要；交易价格依据市场价格水平，经双方平等、友好协商确定，定价公允，未损害上市公司及公司全体股东特别是中小股东利益。我们同意将此事项提交公司董事会审议。

（二）独立意见

经审议，我们认为：公司本次2024年度日常关联交易预计事项为公司正常经营业务所需，属于正当的商业行为，遵循市场化原则进行，公平合理、定价公允，不存在损害公司及非关联股东利益的情形。公司董事会在作出有关关联交易决议的过程中，履行了诚实信用和勤勉尽责的义务，关联董事依据有关规定回避表决，符合相关法律法规和《公司章程》的规定，不会对公司的持续经营带来重大的不确定性风险。综上，我们一致同意公司2024年度日常关联交易预计的议案，并同意将该议案提交公司股东大会审议。

六、保荐机构核查意见

经核查，保荐机构认为：公司本次2024年度日常关联交易预计事项已经董事会审议通过，独立董事已发表事前审核意见及同意相关事项的独立意见。本次事项尚需股东大会审议。上述事项的决策程序符合相关法律、法规及《公司章程》的规定，按照市场方式定价，符合公司发展和正常经营活动需要。综上所述，保荐机构对公司2024年度日常关联交易预计事项无异议。

七、备查文件
公司第八届董事会第七次会议决议；

独立董事关于第八届董事会第七次会议相关事项的事前认可意见；

独立董事关于第八届董事会第七次会议相关事项的独立意见；

中信证券股份有限公司关于盛新锂能集团股份有限公司2024年度日常关联交易预计事项的核查意见。

特此公告。

盛新锂能集团股份有限公司  
董事会  
二○二三年十二月十二日","002240","2023-12-13"
"0a34be21-28ad-4784-886a-db5997f1bc68",盛新锂能：独立董事关于第八届董事会第七次会议相关事项的事前认可意见,"盛新锂能集团股份有限公司独立董事关于第八届董事会第七次会议相关事项的事前认可意见

根据《上市公司独立董事规则》《深圳证券交易所股票上市规则》《深圳证券交易所上市公司自律监管指引第1号——主板上市公司规范运作》及《盛新锂能集团股份有限公司章程》等有关规定，我们作为盛新锂能集团股份有限公司（以下简称""公司""）独立董事，在公司召开第八届董事会第七次会议前，经认真审阅相关文件，依据客观公正的原则，基于独立判断的立场，对公司2024年度日常关联交易预计事项发表事前认可意见如下：

经核查，我们认为：公司本次向关联方销售、加工锂产品系公司正常经营业务需要；交易价格依据市场价格水平，经双方平等、友好协商确定，定价公允，未损害上市公司及公司全体股东特别是中小股东利益。我们同意将此事项提交公司董事会审议。

（以下无正文）

（此页无正文，为盛新锂能集团股份有限公司独立董事关于第八届董事会第七次会议相关事项的事前认可意见之签字页）

独立董事签署：

周毅                    马涛                    黄礼登

2023年12月7日","002240","2023-12-07"
"111","2222","222222","222222","2025-07-10"
"1313","3131","1133","131313","2025-07-09"
"1121212","41411","1113","413213","2025-07-09"
"44443","4frf",ffff,"222121","2025-07-10"
"31213","444","44332","121212","2025-07-08"
aaaaaaaaabbbbbbb,jhy有限公司发布新产品,这是jhy有限公司发布新产品的公告内容,"123456","2025-07-16"
kkkkkkkk,jhy发布会,这是jhy发布会的内容,"121212","2025-07-16"
ann_20250717180921_0,湖南长远锂科股份有限公司独立董事关于第二届董事会第十三次会议相关事项的独立意见,根据《中华人民共和国公司法》《上海证券交易所科创板股票上市规则》《湖南长远锂科股份有限公司章程》《湖南长远锂科股份有限公司独立董事工作管理办法》等相关法律、法规及规范性文件的规定，我们作为湖南长远锂科股份有限公司（以下简称“公司”）的独立董事，认真审查了公司第二届董事会第十三次会议的会议材料，经审慎分析，本着认真、负责、独立判断的态度，现发表独立意见。,"688779","2023-11-14"
